# Object Export From Tinkercad Server 2015

mtllib obj.mtl

o obj_0
v -56.28 		53.692 		32.256
v -56.28 		53.692 		1.803
v -56.28 		50.297 		2.056
v -54.895 		63.736 		44.822
v 38.048 		-38.502 		58.031
v -56.28 		38.882 		2.978
v 34.352 		27.061 		28.797
v 34.352 		22.861 		28.797
v -56.28 		12.153 		5.581
v -56.28 		31.112 		3.667
v -55.137 		63.736 		41.685
v 38.048 		-38.502 		58.365
v -14.833 		-38.005 		55.315
v 1.536 		-57.634 		20.397
v 0.919 		-57.967 		20.397
v -19.89 		-45.044 		57.599
v 5.1 		-47.883 		57.397
v -56.28 		-13.59 		8.671
v 0 		-58.129 		20.397
v -56.28 		-2.918 		7.33
v -19.46 		-45.137 		58.078
v -56.28 		-37.609 		11.894
v -56.28 		-37.609 		32.256
v -19.545 		-45.268 		57.599
v 28.56 		-81.449 		31.385
v 7.7373 		-37.003 		11.5956
v 35.584 		-37.703 		57.421
v 34.352 		31.26 		22.917
v 6.117 		-48.916 		57.733
v 34.352 		27.061 		22.917
v 34.352 		31.26 		17.037
v 5.223 		-48.321 		57.539
v 18.9561 		-37.003 		11.6127
v 5.576 		-48.746 		57.677
v -52.5 		53.534 		44.565
v -24.576 		-41.8182 		58.078
v -19.805 		-44.914 		58.078
v 39.351 		-40.477 		58.365
v -15.346 		-38.796 		55.092
v -14.917 		-38.136 		54.836
v 18.303 		-81.449 		18.1
v 25.344 		-81.449 		18.044
v 26.57 		-81.449 		18.033
v 28.56 		-81.449 		18.015
v -55.421 		53.656 		47.985
v -55.85 		53.674 		43.276
v 28.56 		-56.251 		14.331
v 2.166 		-81.449 		18.176
v -16.3 		-39.511 		55.985
v 33.399 		-33.669 		55.931
v -15.29 		-81.449 		18.121
v 33.473 		-33.806 		55.451
v 14.142 		-56.005 		14.284
v 50.285 		26.869 		3.995
v -28.56 		-81.449 		31.385
v 56.28 		31.95 		3.592
v -51.963 		59.957 		40.557
v -28.56 		-81.449 		18.014
v -51.19 		59.117 		40.557
v 56.28 		53.692 		32.256
v 34.352 		18.657 		4.697
v 56.28 		53.692 		1.801
v 56.28 		43.714 		2.572
v 56.28 		46.981 		2.311
v 4.545 		-48.413 		57.569
v 1.325 		-53.113 		13.861
v 0.783 		-52.87 		13.825
v 35.658 		-37.84 		56.942
v 0.395 		-52.786 		13.813
v -8.426 		-37.913 		53.157
v -55.354 		63.736 		36.973
v -18.051 		-41.283 		56.778
v 36.032 		30.703 		3.509
v -1.671 		-48.688 		57.659
v -2.034 		-49.033 		57.771
v 38.5262 		-40.96 		53.157
v 39.351 		-40.477 		53.157
v 34.352 		18.662 		4.697
v 39.129 		-40.139 		53.157
v -53.003 		61.003 		37.003
v 56.28 		15.395 		5.23
v -0.573 		-48.813 		57.699
v -0.971 		-48.363 		57.553
v -1.074 		-47.833 		57.381
v 56.28 		-2.022 		7.217
v -17.933 		-42.029 		56.961
v 37.9084 		-40.96 		53.157
v -55.309 		63.736 		38.545
v -17.628 		-41.558 		56.778
v 56.28 		-26.796 		10.418
v 56.28 		-10.833 		8.315
v 56.28 		-37.609 		32.256
v 56.28 		-37.609 		11.893
v -55.414 		63.736 		35.401
v 4.972 		-50.372 		62.565
v 0.73 		-50.372 		62.565
v 0.73 		-52.176 		62.565
v 4.972 		-52.176 		62.565
v -55.229 		64.876 		38.446
v 37.568 		78.833 		58.389
v 46.835 		78.833 		58.389
v 51.667 		80.3 		58.389
v -1.455 		-48.246 		57.515
v 53.155 		80.752 		49.631
v 2.305 		-56.818 		14.402
v 2.573 		-56.22 		14.315
v 5.055 		-56.005 		14.283
v 1.993 		-57.24 		14.464
v -1.41 		-47.76 		57.357
v 53.508 		66.596 		54.303
v 33.75 		-43.757 		53.157
v -18.044 		-42.955 		57.233
v 53.322 		74.289 		51.684
v 50.285 		15.759 		5.122
v 50.788 		13.003 		5.434
v 53.323 		72.346 		52.612
v 53.003 		3.8418 		6.4874
v 1.665 		-48.413 		57.569
v 53.003 		2.1024 		6.7042
v -52.5 		53.534 		40.557
v -51.66 		53.499 		40.557
v 0.32 		-49.006 		57.762
v -56.142 		53.686 		38.558
v 2.675 		-55.704 		14.239
v 2.675 		-55.179 		14.162
v 53.003 		13.003 		5.4665
v 51.2142 		13.003 		5.4467
v 2.451 		-54.359 		14.042
v -17.712 		-41.689 		56.299
v 53.003 		7.6975 		6.0718
v -0.145 		-48.984 		57.755
v 1.178 		-48.356 		57.551
v 40.2866 		13.003 		5.3554
v 36.031 		15.761 		5.015
v 35.828 		13.003 		5.3307
v 0.617 		-48.912 		57.731
v -18.136 		-41.414 		56.299
v -40.805 		46.723 		57.019
v 55.001 		81.313 		33.58
v 54.775 		81.244 		36.497
v 52.5 		-35.597 		44.565
v 51.795 		-32.89 		48.563
v 36.032 		15.766 		5.015
v -40.353 		46.228 		56.457
v 36.031 		15.766 		5.015
v 54.176 		81.062 		42.336
v 1.807 		-53.456 		13.911
v 54.21 		67.523 		48.673
v -18.018 		-42.16 		56.481
v 17.552 		31.26 		22.917
v 17.552 		27.061 		22.917
v 17.552 		31.26 		17.037
v 1.302 		-47.784 		57.365
v 55.971 		-37.445 		41.705
v 55.421 		-37.152 		47.985
v 17.552 		27.061 		28.797
v 54.71 		66.621 		44.483
v 17.552 		22.861 		28.797
v 54.328 		70.417 		46.082
v -47.787 		42.045 		57.357
v -18.129 		-43.086 		56.753
v -3.926 		-48.876 		57.72
v 1.032 		-57.923 		14.565
v 1.603 		-57.594 		14.517
v 54.916 		69.032 		40.561
v -45.916 		41.22 		56.514
v 0.783 		-58.012 		14.578
v 0 		-58.129 		14.595
v -3.623 		-49.104 		57.794
v -46.507 		41.481 		56.999
v 52.5 		-35.597 		40.557
v 55.233 		67.048 		36.363
v 52.031 		-34.942 		40.557
v 17.552 		16.384 		4.872
v -24.576 		-41.0696 		57.344
v 56.194 		-37.564 		36.983
v 17.552 		18.657 		4.628
v 17.552 		18.662 		4.628
v -41.074 		47.017 		57.205
v -4.342 		-48.128 		57.476
v -4.733 		-48.125 		57.476
v -47.217 		41.793 		57.284
v -24.576 		-40.96 		57.8443
v 25.273 		32.694 		3.257
v 53.003 		-37.003 		37.003
v -24.576 		-41.8537 		57.9863
v -24.576 		-40.96 		57.344
v -45.419 		41.002 		55.699
v -24.576 		-41.8181 		58.0783
v 55.381 		81.428 		25.817
v 7.214 		-41.852 		55.437
v -24.576 		-42.0042 		57.599
v 6.542 		-41.852 		55.437
v -25.5965 		-40.96 		58.0245
v -25.686 		-41.098 		58.078
v 6.542 		-42.651 		55.697
v 55.449 		81.449 		20.983
v 7.214 		-42.651 		55.697
v -4.908 		-48.449 		57.581
v 25.647 		-79.381 		33.478
v 25.346 		-79.5 		33.435
v 5.534 		-41.852 		55.437
v 35.697 		-45.926 		40.557
v -5.19 		-48.698 		57.662
v 26.04 		-78.723 		33.718
v -5.685 		-48.824 		57.703
v 5.534 		-42.651 		55.697
v -32.21 		-41.087 		58.365
v 54.066 		79.789 		0.137
v 17.552 		15.765 		4.938
v 52.893 		79.788 		0.121
v 55.449 		81.449 		0.074
v 25.989 		-78.993 		33.62
v 20.3491 		13.003 		5.2666
v 13.222 		15.766 		4.928
v 6.542 		-43.606 		55.477
v 6.542 		-43.45 		55.956
v -43.839 		40.305 		51.356
v 25.843 		-79.23 		33.534
v -5.857 		-48.809 		57.698
v 15.872 		15.766 		4.933
v 6.742 		-44.872 		56.418
v 17.552 		15.766 		4.938
v 6.742 		-45.027 		55.939
v -6.024 		-48.767 		57.684
v -26.126 		-40.999 		57.599
v 25.2 		-79.512 		33.431
v 7.836 		-45.027 		55.939
v 49.155 		70.844 		0.563
v 49.186 		71.107 		0.548
v 7.836 		-44.872 		56.418
v 52.893 		68.009 		0.79
v -24.7449 		-40.96 		57.344
v -43.839 		40.305 		50.637
v 7.214 		-43.45 		55.956
v 16.7232 		13.003 		5.2584
v -32.21 		-41.087 		53.157
v 10.003 		15.7512 		4.9268
v 11.8518 		13.003 		5.257
v 10.003 		13.003 		5.2553
v 32.309 		-33.069 		55.591
v 25.801 		-36.77 		55.111
v 7.214 		-43.606 		55.477
v 32.383 		-33.206 		55.111
v 5.534 		-43.606 		55.477
v 5.534 		-43.45 		55.956
v 25.727 		-36.633 		55.591
v 49.171 		71.518 		6.957
v -3.264 		-49.395 		57.358
v -2.374 		-49.363 		57.348
v -2.753 		-49.438 		57.372
v 7.214 		-41.053 		55.178
v 6.542 		-41.053 		55.178
v 3.36 		-79.512 		33.431
v 3.143 		-79.482 		33.442
v 6.542 		-41.209 		54.698
v 2.88 		-79.367 		33.484
v -53.189 		69.232 		54.894
v -51.667 		80.3 		58.389
v -3.139 		-49.271 		57.848
v -53.256 		72.443 		52.966
v 7.214 		-41.209 		54.698
v -53.78 		67.563 		51.972
v 26.225 		-37.554 		55.931
v 2.717 		-79.23 		33.534
v -4.165 		-48.588 		57.626
v -2.374 		-49.208 		57.827
v -53.692 		71.443 		50.579
v 2.571 		-78.993 		33.62
v -10.9289 		61.003 		0.9427
v -16.833 		63.736 		0.759
v 6.542 		-42.008 		54.958
v -18.643 		61.003 		0.9614
v 6.542 		-42.807 		55.218
v -2.881 		-49.293 		57.855
v 2.52 		-78.723 		33.718
v 7.214 		-42.807 		55.218
v 46.971 		73.932 		6.957
v -6.493 		-48.42 		57.572
v -55.44 		63.736 		32.256
v -6.637 		-48.125 		57.476
v -37.568 		78.833 		58.389
v -46.835 		78.833 		58.389
v 7.214 		-42.008 		54.958
v 45.584 		73.81 		6.957
v 5.534 		-42.008 		54.958
v -55.449 		63.736 		31.67
v -55.449 		63.736 		30.067
v 5.534 		-42.807 		55.218
v 26.299 		-37.691 		55.451
v -55.449 		63.736 		29.354
v 5.534 		-41.209 		54.698
v -55.416 		65.062 		32.159
v 5.534 		-41.053 		55.178
v -54.204 		67.758 		48.59
v -6.667 		-47.801 		57.37
v 46.835 		78.833 		0.093
v 47.073 		73.908 		0.361
v 46.418 		73.971 		0.35
v 23.981 		-33.41 		53.869
v 23.906 		-33.273 		54.349
v -54.024 		70.057 		48.811
v 46.155 		73.95 		0.348
v 25.68 		-78.936 		32.3
v -37.568 		63.736 		0.882
v 25.417 		-79.051 		32.258
v 0.47 		-41.011 		54.634
v 45.896 		73.903 		0.348
v -53.388 		80.823 		48.173
v 22.775 		-35.53 		54.819
v 45.397 		73.734 		0.352
v -54.028 		71.397 		48.101
v -54.176 		81.062 		42.336
v -36.8793 		61.003 		1.0733
v -39.2439 		61.003 		1.0891
v 23.072 		-34.757 		54.644
v -34.9313 		61.003 		1.0581
v 25.2 		-79.081 		32.247
v -54.582 		68.472 		44.712
v -54.616 		66.395 		45.694
v -54.617 		70.351 		43.353
v 6.742 		-45.637 		56.667
v 7.836 		-45.637 		56.667
v -43.5881 		61.003 		1.1297
v -48.6912 		61.003 		1.1846
v -2.005 		-42.172 		55.541
v 22.849 		-35.667 		54.339
v -0.997 		-42.172 		55.541
v 23.146 		-34.894 		54.164
v -55.449 		63.736 		1.094
v -55.44 		63.736 		1.094
v -54.808 		66.951 		43.155
v -49.2 		64.081 		0.984
v -3.623 		-49.26 		57.314
v -51.2976 		61.003 		1.2267
v -53.003 		61.003 		1.2502
v 26.04 		-78.292 		32.534
v -54.775 		81.244 		36.497
v -3.631 		-42.172 		55.541
v -53.003 		58.5006 		1.4239
v -50.781 		61.003 		1.2234
v 6.68 		-46.928 		57.087
v -53.003 		56.677 		1.5598
v -53.003 		53.824 		1.7545
v -3.631 		-42.815 		55.75
v -53.003 		51.1662 		1.9493
v -2.623 		-42.172 		55.541
v 26.008 		-78.495 		32.46
v -2.623 		-42.815 		55.75
v 6.499 		-47.021 		56.587
v 25.885 		-78.743 		32.37
v -55.033 		68.371 		39.162
v 6.26 		-46.837 		57.057
v -3.631 		-43.614 		56.01
v 48.832 		69.941 		6.957
v -2.623 		-43.614 		56.01
v 49.151 		70.818 		6.957
v -3.829 		-44.814 		56.4
v 49.03 		72.204 		6.957
v 48.04 		73.478 		6.957
v 17.372 		-40.66 		54.919
v 28.56 		-78.269 		17.534
v -55.298 		66.058 		35.62
v 48.563 		73.012 		6.957
v -53.003 		42.7426 		2.6297
v -53.003 		35.4567 		3.2577
v 17.298 		-40.523 		55.398
v 8.093 		-47.025 		57.118
v -55.449 		81.449 		20.983
v -55.381 		81.428 		25.817
v 3.36 		-79.081 		32.247
v 18.279 		-38.142 		54.339
v -55.28 		81.398 		28.725
v -28.339 		24.184 		50.299
v 18.205 		-38.005 		54.819
v 43.917 		71.978 		6.957
v -3.631 		-43.77 		55.53
v -2.623 		-43.77 		55.53
v -55.186 		81.369 		30.666
v -27.979 		24.184 		50.047
v 44.445 		73.012 		6.957
v -3.829 		-44.97 		55.92
v 44.176 		72.629 		6.957
v 18.563 		-40.015 		54.919
v 3.073 		-79.034 		32.264
v 2.88 		-78.936 		32.3
v -2.005 		-41.011 		54.634
v -0.997 		-41.011 		54.634
v -0.538 		-41.011 		54.634
v 43.816 		71.285 		6.957
v 43.978 		70.365 		6.957
v 7.836 		-45.793 		56.188
v 6.742 		-45.793 		56.188
v 44.176 		69.941 		6.957
v -2.005 		-41.373 		55.282
v 18.489 		-39.878 		55.398
v 4.545 		-45.42 		56.597
v -0.997 		-41.373 		55.282
v 5.744 		-47.083 		56.607
v -27.079 		32.705 		48.117
v -0.997 		-41.529 		54.802
v -2.005 		-41.529 		54.802
v -2.005 		-42.328 		55.062
v -0.997 		-42.328 		55.062
v 6.115 		-46.989 		56.576
v -27.231 		24.184 		48.979
v -27.079 		32.705 		40.557
v -37.568 		78.833 		0.001
v -3.631 		-41.373 		55.282
v 5.832 		-46.889 		57.074
v -2.623 		-41.373 		55.282
v 2.675 		-78.743 		32.37
v -3.631 		-41.529 		54.802
v -2.623 		-41.529 		54.802
v -27.156 		32.739 		48.703
v 44.61 		69.391 		6.957
v -3.631 		-41.011 		54.634
v -2.623 		-41.011 		54.634
v 28.41 		-41.587 		57.421
v 45.16 		68.957 		6.957
v 2.552 		-78.495 		32.46
v -46.971 		73.932 		6.957
v 45.584 		68.759 		6.957
v -2.623 		-42.328 		55.062
v -3.631 		-42.328 		55.062
v 24.883 		-46.211 		58.197
v -45.584 		73.81 		6.957
v 46.971 		68.638 		6.957
v -3.631 		-42.971 		55.271
v -2.623 		-42.971 		55.271
v 4.545 		-45.576 		56.117
v -46.835 		78.833 		0.094
v -27.824 		14.553 		49.892
v 47.423 		68.759 		6.957
v 2.52 		-78.292 		32.534
v 48.04 		69.091 		6.957
v -46.208 		73.953 		0.35
v -46.734 		73.959 		0.356
v 7.229 		-47.482 		57.267
v -27.416 		14.553 		49.377
v -5.212 		-42.172 		55.541
v -47.252 		73.863 		0.367
v -4.204 		-42.172 		55.541
v -47.623 		73.728 		0.379
v 49.145 		71.764 		0.509
v 49.001 		72.27 		0.478
v -4.204 		-42.815 		55.75
v 26.768 		-41.581 		57.166
v -29.161 		14.553 		50.599
v -5.212 		-42.815 		55.75
v 7.316 		-47.947 		56.888
v 48.343 		73.245 		0.414
v 47.81 		73.63 		0.386
v 25.861 		-41.229 		56.924
v -45.819 		73.884 		0.349
v 26.842 		-41.718 		56.686
v 25.936 		-41.366 		56.445
v 48.72 		72.79 		0.445
v 7.817 		-47.539 		57.285
v -27.979 		4.922 		50.047
v 7.952 		-47.216 		57.18
v -28.339 		4.922 		50.299
v 48.913 		70.093 		0.604
v -4.204 		-43.614 		56.01
v -28.737 		4.922 		50.485
v -5.117 		-44.814 		56.4
v -5.212 		-43.614 		56.01
v -3.233 		-11.588 		58.389
v -3.233 		-10.35 		58.389
v -3.233 		-12.87 		53.607
v 7.786 		-47.807 		56.842
v 28.484 		-41.724 		56.942
v -27.231 		4.922 		48.979
v -4.069 		-11.993 		50.916
v -3.663 		-11.182 		50.916
v -4.178 		-12.165 		50.637
v -3.233 		-10.35 		50.637
v -27.174 		14.553 		48.767
v -5.117 		-44.97 		55.92
v -3.846 		-12.099 		51.548
v -5.212 		-43.77 		55.53
v -4.204 		-43.77 		55.53
v 31.226 		-46.171 		49.81
v 28.164 		-47.687 		50.926
v -3.545 		-11.244 		51.342
v -5.212 		-41.373 		55.282
v -5.212 		-41.529 		54.802
v -43.978 		70.365 		6.957
v 7.901 		-47.477 		56.735
v -3.233 		-10.457 		51.05
v 44.095 		72.477 		0.409
v -4.204 		-41.529 		54.802
v -4.204 		-41.373 		55.282
v 44.639 		73.216 		0.373
v -44.776 		73.344 		6.957
v -3.233 		-10.849 		51.512
v -46.527 		32.694 		57.019
v -46.347 		23.343 		56.893
v 45.051 		73.542 		0.359
v -43.978 		72.204 		6.957
v 43.989 		72.234 		0.422
v 7.216 		-47.593 		56.773
v -5.212 		-41.011 		54.634
v -4.204 		-41.011 		54.634
v -43.836 		71.518 		6.957
v -3.251 		-11.399 		51.825
v 44.246 		69.831 		0.565
v -46.925 		32.694 		57.205
v 43.852 		71.725 		0.45
v -45.857 		32.694 		56.457
v -4.204 		-42.328 		55.062
v -5.212 		-42.328 		55.062
v 8.093 		-47.181 		56.639
v -3.233 		-11.479 		51.875
v 43.817 		71.198 		0.48
v -45.857 		23.343 		56.457
v -49.151 		71.751 		6.957
v -5.212 		-42.971 		55.271
v -48.232 		73.344 		6.957
v -4.204 		-42.971 		55.271
v -48.931 		72.416 		6.957
v 43.958 		70.422 		0.527
v -47.138 		23.343 		57.262
v 6.996 		-47.138 		57.155
v -0.949 		-45.401 		56.591
v -3.707 		-14.073 		52.235
v -3.233 		-12.87 		52.232
v -4.078 		-15.768 		52.266
v -1.821 		-45.401 		56.591
v 18.649 		-43.018 		55.79
v -12.075 		-50.372 		58.365
v -4.083 		-12.978 		51.736
v -48.832 		69.941 		6.957
v -49.09 		70.592 		6.957
v -1.821 		-45.988 		56.781
v 18.575 		-42.881 		56.269
v -0.949 		-45.988 		56.781
v -12.075 		-50.372 		58.197
v -12.105 		-50.344 		58.197
v -3.822 		-13.087 		52
v 19.766 		-42.236 		56.269
v -3.233 		-12.361 		52.144
v 21.291 		-43.704 		56.924
v 7.12 		-48.643 		57.114
v 21.365 		-43.841 		56.445
v 7.282 		-48.311 		57.006
v -0.733 		-47.079 		57.136
v -0.393 		-46.853 		57.062
v -0.043 		-46.919 		56.554
v 19.84 		-42.373 		55.79
v 6.499 		-49.056 		57.248
v 6.848 		-48.902 		57.198
v -45.372 		68.858 		6.957
v -46.037 		68.638 		6.957
v -46.504 		68.597 		6.957
v -47.197 		68.698 		6.957
v 45.082 		69.004 		0.624
v -48.563 		69.557 		6.957
v 7.775 		-48.154 		56.955
v 19.281 		-45.635 		57.166
v 19.355 		-45.772 		56.686
v -1.746 		-46.976 		57.102
v 45.805 		68.689 		0.652
v -47.848 		68.957 		6.957
v -46.925 		13.992 		57.205
v 7.849 		-48.495 		57.066
v 8.023 		-48.801 		57.165
v -44.776 		69.226 		6.957
v -2.653 		-12.87 		52.317
v 46.063 		68.633 		0.658
v -45.731 		13.992 		56.277
v -46.527 		13.992 		57.019
v 46.325 		68.603 		0.663
v -4.697 		-14.684 		51.736
v -4.856 		-15.588 		51.825
v -1.837 		-47.045 		56.595
v 46.916 		68.638 		0.668
v -12.759 		-52.706 		58.365
v -4.942 		-14.611 		51.342
v 5.142 		-47.61 		57.308
v -4.319 		-12.879 		51.342
v -0.949 		-45.557 		56.111
v -1.821 		-45.557 		56.111
v -1.821 		-46.144 		56.302
v -0.949 		-46.144 		56.302
v 31.888 		-47.434 		43.969
v -4.339 		-13.845 		51.825
v -47.138 		4.642 		57.262
v -3.135 		-45.401 		56.591
v -4.426 		-14.764 		52
v 48.274 		69.262 		0.646
v -2.215 		-45.401 		56.591
v -44.216 		69.873 		0.564
v 5.142 		-47.766 		56.829
v -2.215 		-45.988 		56.781
v -3.135 		-45.988 		56.781
v -44.365 		69.656 		0.579
v 47.611 		68.836 		0.664
v -45.857 		4.642 		56.457
v -13.658 		-52.169 		53.157
v -45.605 		4.642 		56.097
v -3.829 		-45.988 		56.781
v -12.759 		-52.706 		53.157
v 5.304 		-47.278 		57.2
v -44.037 		70.225 		0.541
v 15.585 		-38.811 		54.644
v 15.659 		-38.948 		54.164
v -41.024 		71.927 		0.41
v -43.878 		70.727 		0.51
v -43.821 		71.118 		0.486
v -43.864 		71.775 		0.448
v 14.1 		-37.913 		54.157
v -2.881 		-46.473 		56.939
v -2.881 		-46.628 		56.459
v -55.044 		8.041 		51.114
v -44.325 		72.859 		0.391
v -44.12 		72.52 		0.408
v -2.14 		-46.817 		56.521
v -3.78 		-61.305 		39.689
v -3.78 		-60.987 		38.833
v -7.14 		-60.987 		38.833
v -7.14 		-61.378 		39.815
v -44.876 		73.423 		0.365
v 5.428 		-47.293 		56.675
v 44.665 		69.325 		0.6
v -2.14 		-46.662 		57
v -4.949 		-14.102 		50.637
v -55.576 		8.041 		46.416
v 4.545 		-48.569 		57.09
v -4.442 		-12.828 		50.916
v -56.246 		8.041 		35.408
v 10.574 		-39.456 		54.659
v 11.582 		-39.456 		54.659
v 11.582 		-40.255 		54.918
v -4.777 		-13.687 		50.916
v -3.78 		-61.71 		40.094
v -3.78 		-62.063 		40.175
v 11.582 		-39.612 		54.179
v -3.78 		-62.351 		40.125
v 11.582 		-40.41 		54.439
v -5.311 		-15.38 		50.637
v 6.115 		-49.088 		57.259
v 10.574 		-39.612 		54.179
v 10.574 		-40.255 		54.918
v 10.574 		-40.41 		54.439
v -2.88 		-62.747 		39.533
v -3.143 		-62.631 		39.575
v -53.003 		27.124 		4.0275
v -53.003 		13.5334 		5.3995
v -2.552 		-63.187 		39.373
v -2.52 		-63.391 		39.299
v -5.295 		-15.488 		51.009
v -53.003 		29.585 		3.7784
v -4.017 		-46.976 		57.102
v -53.003 		9.6564 		5.8447
v -5.477 		-16.171 		50.637
v -3.729 		-46.732 		57.023
v 8.894 		-39.456 		54.659
v 9.902 		-39.456 		54.659
v 8.222 		-39.456 		54.659
v 37.568 		78.833 		0
v -3.78 		-62.602 		39.586
v 5.428 		-48.784 		57.16
v 5.208 		-48.484 		57.062
v -3.389 		-46.558 		56.966
v 5.108 		-48.13 		56.947
v 51.4741 		-5.998 		50.3835
v 52.996 		64.408 		58.389
v 8.894 		-40.41 		54.439
v 9.902 		-40.41 		54.439
v 50.8358 		-7.1608 		54.003
v -5.487 		-16.24 		40.557
v 8.894 		-40.255 		54.918
v 53.045 		63.82 		58.389
v 8.222 		-40.41 		54.439
v 50.8362 		-5.998 		54.0012
v 50.8359 		-5.998 		54.003
v 8.222 		-40.255 		54.918
v 52.491 		64.408 		58.893
v 52.54 		63.82 		58.893
v -4.676 		-13.34 		40.557
v -3.78 		-61.472 		39.927
v 9.902 		-40.255 		54.918
v -4.246 		-12.314 		40.557
v 49.517 		59.957 		58.389
v -3.78 		-63.929 		39.55
v -3.78 		-63.786 		39.155
v 8.222 		-39.612 		54.179
v 9.902 		-39.612 		54.179
v -3.233 		-10.35 		40.557
v 8.894 		-39.612 		54.179
v 52.003 		-5.998 		54.003
v -3.264 		-46.682 		56.477
v 0.008 		-46.751 		57.029
v 14.1 		-37.913 		53.157
v 0.421 		-46.785 		57.04
v 53.247 		63.736 		57.292
v 50.8357 		-15.2117 		54.003
v 0.32 		-46.915 		56.553
v -3.623 		-46.817 		56.521
v 7.214 		-39.456 		54.659
v 7.214 		-40.255 		54.918
v 6.542 		-40.255 		54.918
v 6.542 		-39.456 		54.659
v -20.349 		-2.525 		53.577
v 0.797 		-46.952 		57.094
v 53.982 		63.736 		52.632
v -18.739 		-2.525 		53.577
v -27.587 		-4.201 		49.609
v -29.599 		-2.189 		50.637
v -28.987 		-2.801 		50.558
v -49.023 		72.223 		0.482
v -2.215 		-45.557 		56.111
v -2.215 		-46.144 		56.302
v -48.855 		72.58 		0.46
v -3.135 		-45.557 		56.111
v 52.5 		0 		40.557
v 7.214 		-40.41 		54.439
v 7.214 		-39.612 		54.179
v -3.135 		-46.144 		56.302
v 52.003 		-5.998 		47.3835
v 51.8549 		-5.998 		48.2231
v 6.542 		-39.612 		54.179
v 6.542 		-40.41 		54.439
v -3.829 		-46.144 		56.302
v 1.665 		-45.42 		56.597
v -48.642 		72.913 		0.438
v 54.207 		63.736 		51.075
v 53.761 		63.736 		54.189
v -0.971 		-47.403 		57.241
v -3.147 		-62.212 		38.387
v -45.325 		73.7 		0.354
v -2.768 		-62.404 		38.317
v -48.181 		73.381 		0.406
v 5.534 		-39.456 		54.659
v -28.311 		-3.477 		50.265
v -1.488 		-47.4 		57.24
v 1.665 		-45.576 		56.117
v 53.898 		65.371 		52.357
v 5.534 		-40.255 		54.918
v 52.031 		-11.53 		40.557
v -48.887 		70.049 		0.608
v -49.13 		71.842 		0.506
v 5.534 		-39.612 		54.179
v 5.534 		-40.41 		54.439
v -2.52 		-62.96 		38.115
v 52.003 		-11.53 		41.5069
v -20.349 		-4.709 		47.576
v -18.739 		-4.709 		47.576
v 54.598 		53.622 		54.234
v 52.003 		-5.998 		40.557
v -3.78 		-62.171 		38.402
v 54.085 		53.601 		57.344
v -1.543 		-47.445 		56.725
v 0.47 		-40.056 		54.854
v -27.079 		-4.709 		48.117
v 52.003 		-11.53 		40.557
v -27.229 		-4.559 		48.965
v 0.47 		-40.212 		54.374
v 52.003 		-5.998 		39.998
v 50.062 		53.433 		58.389
v 0.47 		-40.855 		55.113
v -49.143 		70.794 		0.567
v 53.901 		53.593 		58.389
v -2.571 		-62.69 		38.213
v -20.349 		-4.709 		40.557
v -18.739 		-4.709 		40.557
v 1.208 		-47.606 		56.777
v -27.079 		-4.709 		40.557
v 1.091 		-47.231 		57.185
v 50.985 		-32.166 		53.157
v -1.078 		-47.939 		56.885
v 50.985 		-19.003 		53.157
v -0.573 		-47.108 		56.615
v -0.941 		-47.518 		56.748
v -3.897 		-17.091 		52.317
v -3.95 		-19.199 		52.317
v 50.8357 		-19.003 		54.003
v -7.14 		-62.602 		39.586
v -7.14 		-62.351 		40.125
v -7.14 		-62.063 		40.175
v -7.14 		-61.847 		40.144
v 37.568 		64.408 		58.893
v 37.568 		63.82 		58.893
v 37.568 		64.408 		58.389
v 37.568 		63.82 		58.389
v 13.209 		-47.792 		57.367
v 37.568 		63.736 		58.389
v 35.255 		63.736 		58.389
v 35.255 		63.064 		58.389
v -44.827 		69.188 		0.612
v 13.201 		-48.063 		57.456
v 52.003 		-19.003 		54.003
v 52.003 		-19.003 		49.152
v -4.369 		-16.598 		52.235
v 13.111 		-48.321 		57.539
v -1.597 		-48.743 		57.147
v -1.421 		-48.283 		56.997
v -7.14 		-63.786 		39.155
v -44.535 		69.454 		0.593
v 35.255 		60.628 		58.389
v 35.255 		59.957 		58.389
v -4.427 		-17.914 		52.251
v 51.795 		-19.003 		48.563
v 52.003 		-19.003 		47.3835
v 12.894 		-48.616 		57.635
v -1.928 		-49.119 		57.269
v 12.584 		-48.823 		57.702
v -7.14 		-63.929 		39.55
v 12.313 		-48.908 		57.73
v 0.957 		-47.235 		56.656
v 54.895 		63.736 		44.822
v 52.003 		-19.003 		41.5069
v 54.585 		63.736 		47.953
v 52.003 		-19.003 		39.998
v -45.385 		68.841 		0.639
v -5.312 		-16.449 		51.449
v -7.14 		-62.171 		38.402
v -45.882 		68.67 		0.655
v 16.998 		-5.998 		40.557
v 1.665 		-48.569 		57.09
v 54.736 		63.736 		46.387
v -4.608 		-16.56 		52.136
v 16.998 		-5.998 		39.998
v -48.426 		69.41 		0.641
v 55.131 		63.736 		41.685
v -47.798 		68.933 		0.662
v -5.41 		-16.434 		51.235
v 55.137 		63.736 		41.686
v 1.302 		-48.137 		56.95
v -5.473 		-17.389 		51.342
v -46.799 		68.616 		0.669
v -47.315 		68.725 		0.669
v -5.398 		-18.348 		51.548
v -5.077 		-18.348 		51.912
v 9.35 		-10.35 		58.389
v 9.35 		-11.588 		58.389
v -0.61 		-48.934 		57.209
v 9.35 		-12.87 		53.607
v 51.963 		59.957 		44.565
v 10.2 		-11.987 		50.824
v 11.036 		-47.792 		57.367
v 9.78 		-11.182 		50.916
v 52.5 		53.534 		44.565
v 10.069 		-11.704 		50.637
v 9.35 		-10.35 		50.637
v 10.56 		-47.767 		57.359
v -21.624 		-53.424 		58.389
v 10.141 		-12.015 		51.122
v 9.35 		-10.575 		51.239
v -22.794 		-57.262 		58.389
v 55.421 		53.656 		47.985
v 10.549 		-48.114 		57.472
v 9.35 		-11.11 		51.69
v 55.971 		53.679 		41.705
v 9.963 		-12.099 		51.548
v -4.825 		-17.441 		52.068
v 0.957 		-48.842 		57.179
v 11.069 		-48.151 		57.484
v -0.927 		-48.609 		57.103
v 9.35 		-11.292 		51.789
v 10.382 		-48.55 		57.614
v 1.195 		-48.519 		57.074
v 11.351 		-48.616 		57.635
v -23.069 		-58.515 		50.695
v 55.309 		63.736 		38.545
v -0.197 		-49.136 		57.274
v 55.171 		64.985 		39.55
v 50.285 		59.957 		40.557
v 51.963 		59.957 		40.557
v 0.617 		-49.068 		57.252
v -21.241 		-52.169 		53.157
v -5.473 		-19.307 		51.342
v -5.361 		-20.254 		51.342
v -4.017 		-47.132 		56.623
v 10.436 		-12.879 		51.342
v 14.1 		-37.913 		40.557
v 55.354 		63.736 		36.973
v 9.836 		-13.131 		52.068
v 10.456 		-13.845 		51.825
v 9.35 		-12.401 		52.153
v -55.449 		81.449 		0.075
v 9.35 		-12.87 		52.232
v 9.824 		-14.073 		52.235
v -4.718 		-20.153 		52.068
v -22.367 		-55.861 		44.565
v 12.028 		-48.916 		57.733
v -49.19 		71.187 		0.545
v -4.42 		-19.662 		52.235
v -4.117 		-20.058 		52.296
v 24.618 		-49.91 		50.591
v 55.414 		63.736 		35.401
v -23.198 		-59.423 		42.405
v -23.152 		-59.031 		46.533
v 55.395 		64.319 		34.418
v 55.398 		64.717 		33.419
v -54.066 		71.935 		0.567
v -5.561 		-16.708 		50.637
v -5.94 		-46.977 		57.103
v 52.5 		53.534 		40.557
v -55.449 		68.15 		0.814
v -5.43 		-46.977 		57.103
v -23.252 		-54.296 		40.557
v -22.367 		-55.861 		40.557
v -5.606 		-19.317 		50.916
v 56.194 		53.689 		36.983
v -5.672 		-18.348 		50.637
v 10.069 		-48.905 		57.729
v -28.56 		-55.956 		40.664
v 8.77 		-12.87 		52.317
v -12.506 		63.064 		58.389
v -10.877 		59.117 		57.357
v 10.329 		-14.828 		52.136
v -5.622 		-17.251 		50.637
v -28.56 		-56.177 		36.462
v -5.117 		-45.988 		56.781
v -5.659 		-17.798 		50.637
v 10.664 		-15.66 		52.068
v -12.506 		63.736 		58.389
v 8.577 		-49.087 		57.788
v -5.659 		-18.898 		50.637
v 10.096 		-14.898 		52.235
v -12.506 		63.736 		50.532
v -12.506 		63.064 		50.532
v -10.877 		58.431 		57.318
v -10.877 		58.007 		57.205
v 9.695 		-15.394 		52.317
v 9.647 		-49.136 		57.804
v 10.814 		-14.684 		51.736
v -3.15 		-24.267 		52.186
v -3.707 		-22.623 		52.235
v -21.42 		-60.987 		38.833
v 17.777 		-50.372 		58.365
v -21.42 		-61.305 		39.689
v 10.974 		-15.588 		51.825
v 17.777 		-50.372 		58.197
v 11.059 		-14.611 		51.342
v -5.685 		-46.942 		57.091
v -23.21 		-59.641 		39.323
v -3.857 		-21.762 		52.266
v -10.877 		57.249 		56.767
v -10.877 		56.686 		56.097
v -10.877 		56.501 		55.699
v 17.25 		-50.344 		58.197
v -21.42 		-62.063 		40.175
v -21.42 		-62.351 		40.125
v -21.42 		-63.929 		39.55
v -21.42 		-63.786 		39.155
v -21.42 		-62.602 		39.586
v -3.953 		-20.899 		52.296
v -3.591 		-23.99 		52.034
v -10.877 		54.92 		51.356
v 16.706 		63.736 		58.389
v 16.706 		63.064 		58.389
v -11.214 		54.92 		49.377
v 32.735 		63.064 		58.389
v -13.397 		54.92 		50.637
v -12.535 		54.92 		50.485
v 19.226 		63.064 		58.389
v -21.42 		-62.171 		38.402
v 16.706 		59.957 		58.389
v 16.706 		60.628 		58.389
v -11.777 		54.92 		50.047
v -4.012 		-23.688 		51.825
v 32.735 		60.628 		58.389
v -21.42 		-61.472 		39.927
v 19.226 		60.628 		58.389
v 11.582 		-41.852 		55.437
v 10.574 		-41.852 		55.437
v -24.78 		-60.987 		38.833
v 10.574 		-42.651 		55.697
v 11.582 		-42.651 		55.697
v 32.735 		63.064 		37.178
v 19.226 		63.064 		37.178
v 32.735 		60.628 		37.178
v 19.226 		60.628 		37.178
v 10.706 		-13.117 		50.637
v -24.78 		-61.326 		39.719
v -4.932 		-21.125 		51.736
v 12.506 		63.736 		50.532
v 12.506 		63.736 		58.389
v -4.426 		-21.932 		52
v 12.506 		63.064 		58.389
v -4.656 		-21.061 		52
v 11.49 		-15.641 		50.637
v 12.506 		63.064 		50.532
v 11.066 		-14.102 		50.637
v 9.902 		-41.852 		55.437
v 11.413 		-15.488 		51.009
v -10.877 		59.117 		40.557
v 8.222 		-41.852 		55.437
v 8.894 		-41.852 		55.437
v 13.222 		59.957 		58.197
v 11.594 		-16.171 		50.637
v 11.962 		59.957 		58.197
v -10.877 		54.92 		48.117
v -4.652 		-22.963 		51.342
v -4.364 		-23.836 		51.235
v -10.972 		54.92 		48.767
v 11.962 		59.957 		40.557
v -5.117 		-46.144 		56.302
v -4.242 		-22.816 		51.912
v 8.222 		-42.651 		55.697
v 8.894 		-42.651 		55.697
v 9.902 		-42.651 		55.697
v 11.187 		-14.573 		50.916
v 10.003 		61.003 		37.003
v 18.466 		-52.706 		58.365
v -4.275 		-47.4 		57.24
v 11.582 		-43.45 		55.956
v 11.199 		-44.872 		56.418
v -4.342 		-47.638 		57.317
v -29.222 		58.431 		57.318
v 21.624 		-53.424 		58.389
v -24.78 		-62.063 		40.175
v -24.78 		-61.583 		40.021
v 22.794 		-57.262 		58.389
v -4.942 		-22.085 		51.342
v -20.134 		58.431 		57.318
v 55.44 		63.736 		32.256
v -24.78 		-62.351 		40.125
v 10.574 		-43.45 		55.956
v -5.12 		-47.115 		57.147
v -4.927 		-47.278 		57.2
v 55.416 		65.062 		32.159
v -24.78 		-62.602 		39.586
v -4.747 		-47.644 		57.319
v -25.417 		-62.631 		39.575
v -25.68 		-62.747 		39.533
v 10.574 		-43.606 		55.477
v 11.582 		-43.606 		55.477
v -28.902 		57.609 		57.019
v 11.199 		-45.027 		55.939
v -20.134 		57.808 		57.112
v 55.449 		63.736 		31.458
v -26.008 		-63.187 		39.373
v -26.04 		-63.391 		39.299
v 10.14 		-11.85 		40.557
v 8.355 		-44.872 		56.418
v 11.407 		-15.283 		40.557
v 9.367 		-44.872 		56.418
v 9.996 		-44.872 		56.418
v 9.35 		-10.35 		40.557
v -25.885 		-62.94 		39.463
v 19.383 		-52.169 		53.157
v 55.449 		63.736 		29.354
v 10.793 		-13.334 		40.557
v -5.477 		-20.525 		50.637
v -5.295 		-21.208 		51.009
v -4.703 		-48.12 		56.944
v 9.902 		-43.45 		55.956
v 18.466 		-52.706 		53.157
v 8.222 		-43.45 		55.956
v 8.894 		-43.45 		55.956
v 9.902 		-43.606 		55.477
v 8.894 		-43.606 		55.477
v 8.222 		-43.606 		55.477
v -4.733 		-47.796 		56.839
v -5.249 		-21.576 		50.637
v -4.949 		-22.594 		50.637
v 23.069 		-58.515 		50.695
v 22.948 		-57.872 		54.882
v -4.777 		-23.009 		50.916
v 30.489 		-29.708 		54.349
v 9.996 		-45.027 		55.939
v 30.563 		-29.845 		53.869
v 9.367 		-45.027 		55.939
v 34.352 		37.778 		31.112
v 34.352 		38.472 		30.1
v 8.355 		-45.027 		55.939
v -4.588 		-23.579 		50.637
v 34.352 		39.029 		29.007
v 36.032 		37.778 		31.112
v 36.032 		38.263 		30.452
v 36.032 		38.855 		29.378
v -28.763 		57.249 		56.767
v 31.456 		-28.515 		54.157
v 22.367 		-55.861 		44.565
v 10.574 		-41.053 		55.178
v -4.353 		-47.916 		56.878
v 11.582 		-41.053 		55.178
v 34.352 		39.303 		28.236
v 34.352 		39.501 		27.442
v 34.352 		39.66 		25.814
v 36.032 		39.303 		28.236
v 10.574 		-42.807 		55.218
v 11.582 		-42.807 		55.218
v 10.574 		-41.209 		54.698
v 11.582 		-41.209 		54.698
v -24.78 		-63.929 		39.55
v -24.78 		-63.786 		39.155
v 36.032 		39.66 		25.814
v 36.032 		39.501 		27.442
v 11.582 		-42.008 		54.958
v 10.574 		-42.008 		54.958
v 31.456 		-28.515 		53.157
v 25.326 		-51.625 		43.969
v 34.352 		35.46 		17.037
v -4.275 		-47.556 		56.761
v -11.977 		-22.782 		53.157
v 19.531 		-22.247 		53.157
v -3.846 		-24.597 		51.548
v 26.515 		-22.247 		53.157
v -2.427 		-24.977 		52.288
v 26.967 		-50.577 		43.969
v 26.797 		-49.608 		47.356
v 8.894 		-41.053 		55.178
v 9.902 		-41.053 		55.178
v 8.222 		-41.053 		55.178
v -3.167 		-26.232 		51.238
v 55.449 		63.736 		1.092
v 26.515 		-19.003 		53.157
v -28.472 		56.501 		55.699
v -3.319 		-25.333 		51.736
v 8.894 		-41.209 		54.698
v 9.902 		-41.209 		54.698
v -3.017 		-25.974 		51.675
v 50.285 		59.957 		1.271
v -25.308 		-62.186 		38.397
v -4.878 		-47.501 		56.743
v -28.544 		56.686 		56.097
v 8.222 		-41.209 		54.698
v 26.515 		-19.003 		40.557
v 16.998 		-19.003 		40.557
v 19.531 		-22.247 		40.557
v 26.515 		-22.247 		40.557
v -2.812 		-25.623 		52.015
v 55.44 		63.736 		1.092
v 16.998 		-19.003 		39.998
v -28.642 		56.938 		56.457
v 53.48 		56.236 		1.578
v 9.902 		-42.807 		55.218
v 8.894 		-42.807 		55.218
v -5.12 		-47.27 		56.668
v 8.222 		-42.807 		55.218
v -27.858 		54.92 		51.356
v -27.858 		54.92 		50.637
v 23.152 		-59.031 		46.533
v 8.222 		-42.008 		54.958
v 23.198 		-59.423 		42.405
v 10.725 		-16.56 		52.136
v 9.902 		-42.008 		54.958
v 8.894 		-42.008 		54.958
v 10.474 		-17.039 		52.251
v 11.413 		-17.403 		51.647
v 28.56 		-55.956 		40.664
v 11.259 		-17.416 		51.825
v 11.478 		-16.442 		51.342
v 35.255 		63.736 		9.542
v -11.34 		46.592 		49.557
v -24.78 		-62.171 		38.402
v 35.255 		63.064 		9.542
v -11.238 		38.624 		49.411
v 10.979 		-18.348 		52.068
v 11.452 		-18.348 		51.647
v 12.405 		-46.881 		57.071
v -11.715 		39.101 		49.973
v -11.777 		46.592 		50.047
v 48.35 		64.08 		0.972
v -12.137 		46.592 		50.299
v -26.04 		-62.96 		38.115
v -12.785 		40.171 		50.558
v -12.959 		46.592 		50.599
v 10.625 		-18.348 		52.235
v 29.365 		-50.111 		40.557
v -25.989 		-62.69 		38.213
v -25.843 		-62.453 		38.3
v 43.819 		64.078 		0.92
v 11.58 		-18.348 		51.449
v -25.68 		-62.316 		38.349
v 12.584 		-47.098 		56.612
v -13.397 		40.783 		50.637
v -5.94 		-47.133 		56.623
v -4.054 		-24.695 		50.973
v -3.952 		-24.991 		50.637
v -3.663 		-25.514 		50.916
v -3.233 		-26.346 		50.637
v -5.43 		-47.133 		56.623
v 37.568 		63.736 		0.88
v 28.56 		-56.177 		36.462
v -6.102 		-48.888 		57.194
v 35.255 		60.628 		1.068
v 35.255 		59.957 		1.114
v -4.859 		-48.539 		57.08
v -5.12 		-48.806 		57.167
v 10.002 		-16.899 		52.317
v -5.43 		-48.944 		57.212
v 22.367 		-55.861 		40.557
v -50.062 		-34.299 		58.389
v 23.033 		-54.296 		40.557
v -53.901 		-36.343 		58.389
v 12.584 		-48.978 		57.223
v -11.027 		38.413 		48.965
v 11.054 		-19.264 		52
v -10.877 		38.263 		48.117
v -54.085 		-36.441 		57.344
v -10.877 		38.263 		40.557
v -8.426 		-25.741 		53.157
v 24.78 		-61.305 		39.689
v 11.365 		-20.237 		51.548
v 11.591 		-19.307 		51.342
v -54.598 		-36.714 		54.234
v 24.78 		-60.987 		38.833
v 10.946 		-20.171 		52
v 34.352 		39.66 		11.157
v 34.352 		35.46 		11.157
v 36.032 		39.66 		2.695
v 13.071 		-47.362 		57.228
v -55.044 		-36.951 		51.114
v -4.342 		-48.283 		56.997
v 10.486 		-20.098 		52.235
v 10.335 		-19.206 		52.296
v 50.285 		43.532 		2.508
v 12.855 		-47.123 		57.15
v -48.808 		-33.63 		53.157
v 24.78 		-61.71 		40.094
v -18.739 		34.399 		53.577
v -20.349 		34.399 		53.577
v 24.78 		-62.063 		40.175
v 24.78 		-62.351 		40.125
v -4.22 		-48.632 		57.11
v -52.5 		-35.597 		44.565
v 26.04 		-63.391 		39.299
v -52.5 		-35.597 		40.557
v 26.008 		-63.187 		39.373
v 11.527 		-20.262 		51.235
v 25.885 		-62.94 		39.463
v 25.68 		-62.747 		39.533
v 25.417 		-62.631 		39.575
v -21.98 		40.783 		50.637
v 17.552 		35.46 		17.037
v -51.695 		-35.168 		40.557
v 24.78 		-62.602 		39.586
v 17.552 		39.501 		27.442
v 17.552 		39.303 		28.236
v -21.231 		38.853 		49.737
v 17.552 		39.66 		25.814
v 13.176 		-47.77 		56.83
v 17.552 		39.029 		29.007
v 17.552 		38.472 		30.1
v 13.111 		-48.477 		57.06
v 17.552 		37.778 		31.112
v 13.016 		-47.444 		56.724
v -4.555 		-23.611 		40.557
v -11.977 		-22.782 		40.557
v -16.429 		38.601 		49.377
v -5.29 		-21.413 		40.557
v -16.429 		38.853 		49.737
v -5.618 		-19.487 		40.557
v -5.645 		-17.765 		40.557
v -55.85 		-37.381 		43.276
v -56.194 		-37.564 		36.983
v 10.036 		-19.582 		52.317
v 15.872 		37.778 		31.112
v 15.872 		39.029 		29.007
v 15.872 		39.303 		28.236
v 15.872 		39.56 		27.037
v 15.872 		39.66 		25.814
v -6.579 		-47.486 		57.268
v -6.251 		-47.115 		57.147
v 24.78 		-61.472 		39.927
v 16.706 		63.736 		9.542
v 16.706 		63.064 		9.542
v 11.682 		-17.382 		51.075
v -16.429 		39.163 		50.047
v -21.491 		39.523 		50.299
v -3.233 		-26.346 		40.557
v 16.706 		60.628 		0.963
v 11.678 		-16.708 		50.637
v 24.78 		-63.786 		39.155
v -3.782 		-25.343 		40.557
v 11.713 		-18.348 		51.122
v 16.706 		59.957 		1.009
v 12.894 		-48.772 		57.156
v -8.426 		-25.741 		40.557
v -53.003 		-37.003 		37.003
v 24.78 		-63.929 		39.55
v 8.417 		63.736 		0.742
v -16.429 		39.921 		50.485
v 13.222 		59.957 		0.998
v 10.003 		57.453 		1.1722
v 11.678 		-19.988 		50.637
v 11.739 		-19.445 		50.637
v 11.789 		-18.348 		50.637
v 10.003 		61.003 		0.9285
v 7.5101 		61.003 		0.9303
v 26.04 		-62.96 		38.115
v -24.083 		-28.955 		54.484
v 12.028 		-46.849 		57.061
v -24.168 		-29.086 		54.005
v -6.667 		-47.957 		56.891
v -25.876 		-31.718 		55.554
v -25.961 		-31.849 		55.075
v 11.199 		-45.911 		56.756
v 25.308 		-62.186 		38.397
v -6.637 		-48.281 		56.996
v 15.872 		39.66 		2.592
v -21.81 		40.345 		50.599
v -24.2 		-27.681 		54.157
v 10.003 		38.9235 		2.6539
v 10.003 		40.627 		2.504
v 13.222 		40.64 		2.503
v 10.003 		36.5354 		2.8831
v 10.242 		-47.025 		57.118
v -24.2 		-27.681 		53.157
v 10.003 		45.7497 		2.084
v 10.003 		33.4222 		3.2041
v -6.407 		-48.668 		57.122
v 0 		-52.753 		20.397
v 11.059 		-22.085 		51.342
v -0.693 		-52.855 		20.397
v 9.974 		-21.762 		52.266
v 17.552 		39.66 		11.157
v -1.344 		-53.113 		20.397
v 17.552 		35.46 		11.157
v 11.84 		-47.037 		56.592
v 11.662 		-46.943 		57.091
v -1.893 		-53.548 		20.397
v -2.328 		-54.097 		20.397
v 24.78 		-62.171 		38.402
v -2.587 		-54.748 		20.397
v 10.071 		-20.899 		52.296
v 10.773 		-21.061 		52
v -6.18 		-47.223 		56.653
v -35.459 		-3.809 		50.047
v 11.049 		-21.125 		51.736
v 10.642 		-21.961 		51.912
v -6.615 		-47.717 		56.813
v -2.668 		-55.674 		20.397
v 10.437 		-20.984 		52.186
v 25.989 		-62.69 		38.213
v -2.526 		-56.36 		20.397
v -35.459 		-4.12 		49.737
v 25.843 		-62.453 		38.3
v -6.462 		-47.472 		56.733
v -27.967 		33.097 		50.027
v 11.199 		-46.066 		56.277
v -29.205 		33.642 		50.606
v 8.355 		-45.637 		56.667
v 25.68 		-62.316 		38.349
v -47.787 		-4.709 		57.357
v 9.367 		-45.637 		56.667
v 9.996 		-45.911 		56.756
v -29.599 		33.816 		50.637
v 23.21 		-59.641 		39.323
v 21.42 		-61.305 		39.689
v 21.42 		-60.987 		38.833
v -45.419 		-4.709 		55.699
v -27.457 		32.872 		49.429
v -47.138 		-4.709 		57.262
v -1.728 		-57.5 		20.397
v -0.919 		-57.967 		20.397
v -28.637 		33.392 		50.438
v -0.467 		-58.088 		20.397
v 21.42 		-61.472 		39.927
v 21.42 		-61.71 		40.094
v 10.36 		-22.816 		51.912
v -46.527 		-4.709 		57.019
v 21.42 		-62.351 		40.125
v 21.42 		-63.929 		39.55
v -45.857 		-4.709 		56.457
v -28.56 		-56.251 		32.256
v 21.42 		-63.786 		39.155
v 10.769 		-22.963 		51.342
v 10.602 		-22.903 		51.647
v 21.42 		-62.602 		39.586
v 21.42 		-62.171 		38.402
v -13.929 		-48.725 		58.078
v 21.42 		-62.063 		40.175
v -14.014 		-48.856 		57.599
v 34.352 		22.861 		34.677
v -21.002 		38.263 		48.117
v -43.839 		-2.189 		50.637
v -29.485 		-45.578 		12.83
v -27.8537 		-37.003 		11.6463
v -1.603 		-45.58 		12.786
v 34.352 		18.657 		40.557
v -43.839 		-2.627 		50.599
v 10.331 		-23.773 		51.548
v -43.839 		-3.964 		49.892
v 9.969 		-46.95 		56.564
v 34.352 		18.662 		34.677
v -43.839 		-3.25 		50.392
v -20.349 		36.583 		47.576
v 9.869 		-46.727 		57.021
v -16.429 		38.301 		48.554
v -16.429 		38.415 		48.979
v -43.839 		-4.464 		49.178
v 9.529 		-46.599 		56.98
v 9.647 		-46.785 		56.51
v -10.44 		-41.792 		55.571
v -43.839 		-4.709 		51.356
v 50.096 		14.499 		58.197
v 50.096 		15.759 		58.197
v -10.011 		-41.132 		55.315
v -18.739 		36.583 		47.576
v -10.767 		-43.1 		55.985
v 9.167 		-46.549 		56.963
v -50.244 		-4.709 		57.357
v 9.297 		-22.561 		52.317
v 9.392 		-23.379 		52.266
v 9.478 		-24.367 		52.068
v 8.688 		-46.785 		56.51
v 10.052 		-22.705 		52.136
v -21.061 		38.415 		48.979
v -0.701 		-52.846 		13.822
v -1.035 		-52.96 		13.839
v -0.177 		-52.765 		13.81
v -51.66 		-4.709 		49.329
v 50.285 		15.759 		57.127
v 8.688 		-46.629 		56.99
v 8.366 		-46.95 		56.564
v 10.034 		-23.648 		51.912
v -10.524 		-41.923 		55.092
v -10.096 		-41.263 		54.836
v -21.002 		38.263 		40.557
v 8.266 		-46.861 		57.065
v -43.839 		-4.709 		48.117
v -20.349 		36.583 		40.557
v -18.739 		36.583 		40.557
v -35.459 		-4.557 		48.979
v 55.233 		8.041 		49.549
v -35.459 		-4.671 		48.554
v 50.285 		14.499 		57.129
v -43.839 		-4.671 		48.554
v -37.568 		64.408 		58.389
v -37.568 		64.408 		58.893
v -37.568 		63.82 		58.893
v -37.568 		63.82 		58.389
v -37.568 		63.736 		58.389
v -10.852 		-43.231 		55.506
v -1.645 		-53.316 		13.89
v -2.412 		-54.267 		14.029
v 10.296 		-24.531 		50.637
v 9.289 		-46.715 		56.487
v 36.031 		15.766 		58.197
v 10.895 		-23.009 		50.916
v 36.032 		15.766 		58.197
v 10.559 		-23.868 		50.916
v 34.352 		15.766 		58.197
v 11.366 		-21.576 		50.637
v -2.141 		-53.816 		13.963
v -51.66 		-4.709 		40.557
v 36.031 		14.502 		58.197
v 36.031 		15.761 		58.197
v 9.046 		-49.207 		57.827
v 11.187 		-22.123 		50.916
v -1.902 		-57.34 		14.479
v -2.595 		-56.141 		14.303
v -2.666 		-55.099 		14.151
v 9.996 		-46.066 		56.277
v -2.23 		-56.931 		14.419
v 50.285 		15.759 		40.557
v -2.482 		-56.472 		14.352
v -34.552 		52.198 		56.893
v 9.411 		-49.196 		57.824
v 8.355 		-45.793 		56.188
v 50.285 		14.499 		40.557
v -12.095 		-45.147 		56.778
v 9.367 		-45.793 		56.188
v 11.243 		-47.297 		57.206
v 55.85 		8.041 		43.276
v 11.49 		-21.055 		50.637
v 11.594 		-20.525 		50.637
v 9.289 		-49.362 		57.348
v -48.808 		-22.782 		53.157
v 8.924 		-49.352 		57.344
v -12.513 		-46.543 		57.233
v -2.599 		-54.756 		14.1
v -52.996 		64.408 		58.389
v 10.434 		-47.321 		57.214
v -53.045 		63.82 		58.389
v -51.695 		-22.782 		40.557
v -52.54 		63.82 		58.893
v -52.491 		64.408 		58.893
v 53.003 		13.003 		37.003
v 34.352 		15.766 		40.557
v -49.517 		59.957 		58.389
v 36.031 		14.502 		40.557
v -12.18 		-45.278 		56.299
v -49.77 		59.117 		57.357
v 13.847 		-25.95 		53.157
v -53.003 		-2.8555 		7.2967
v 8.357 		-24.666 		52.317
v -53.003 		-11.7154 		8.41
v -1.031 		-57.923 		14.565
v -53.003 		-13.6756 		8.6594
v 10.11 		-24.667 		51.235
v -12.598 		-46.674 		56.753
v 9.138 		-25.98 		51.681
v 17.552 		22.861 		34.677
v 17.552 		18.657 		40.557
v 17.552 		18.662 		34.677
v 9.963 		-24.597 		51.548
v -53.247 		63.736 		57.292
v -8.426 		-37.913 		40.557
v 9.285 		-26.232 		51.238
v 8.947 		-25.654 		51.989
v -53.982 		63.736 		52.632
v 8.688 		-49.292 		57.325
v -0.997 		-40.056 		54.854
v -51.19 		59.117 		49.329
v -0.538 		-40.056 		54.854
v 8.723 		-25.275 		52.203
v 9.647 		-49.292 		57.325
v -17.862 		-32.991 		54.484
v -0.997 		-40.212 		54.374
v -0.997 		-40.855 		55.113
v 17.551 		15.765 		58.197
v 16.706 		14.506 		58.197
v 11.229 		-47.444 		56.724
v -0.538 		-40.855 		55.113
v -0.538 		-40.212 		54.374
v 17.552 		15.766 		58.197
v -19.74 		-35.884 		55.075
v -17.947 		-33.121 		54.005
v 17.551 		15.765 		40.557
v -53.761 		63.736 		54.189
v 17.552 		15.766 		40.557
v 17.552 		15.765 		40.557
v 11.497 		-47.189 		56.641
v -54.207 		63.736 		51.075
v -19.655 		-35.754 		55.554
v -25.273 		-56.005 		14.291
v -53.889 		65.514 		52.341
v -28.56 		-56.251 		14.332
v -2.005 		-40.056 		54.854
v -2.005 		-40.855 		55.113
v 0.73 		-52.453 		60.993
v 4.972 		-52.453 		60.993
v -20.867 		-36.175 		55.884
v 0.73 		-50.372 		58.365
v 0.73 		-52.453 		58.365
v 4.972 		-50.372 		58.365
v 4.972 		-52.453 		58.365
v 16.706 		14.506 		40.557
v 10.186 		-24.703 		50.916
v -2.005 		-40.212 		54.374
v 10.242 		-47.181 		56.639
v 13.222 		15.766 		58.197
v -32.8093 		-37.003 		11.6542
v -48.059 		-43.138 		12.591
v -33.0915 		-37.003 		11.6576
v -3.631 		-40.056 		54.854
v -2.623 		-40.056 		54.854
v 11.962 		14.506 		40.557
v 11.962 		14.506 		58.197
v -3.631 		-40.855 		55.113
v -36.9002 		-37.003 		11.6764
v 9.35 		-26.346 		50.637
v -2.623 		-40.855 		55.113
v -50.6752 		-37.003 		11.7723
v 10.549 		-47.807 		56.842
v -50.062 		53.433 		58.389
v -3.631 		-40.212 		54.374
v -50.244 		53.44 		57.357
v -2.623 		-40.212 		54.374
v 3.059 		-25.953 		51.717
v -53.003 		-34.7571 		11.4882
v 10.003 		13.003 		37.003
v -53.003 		-37.003 		11.7891
v -20.952 		-36.306 		55.404
v 3.059 		-26.245 		51.211
v 0.216 		-49.17 		57.285
v 15.872 		15.766 		58.197
v 11.497 		-48.888 		57.194
v -53.901 		53.593 		58.389
v -54.085 		53.601 		57.344
v 11.036 		-48.129 		56.947
v -5.212 		-40.056 		54.854
v -4.204 		-40.056 		54.854
v 3.059 		-24.958 		52.291
v -55.044 		53.641 		51.114
v 3.059 		-25.241 		52.215
v -3.36 		-79.512 		33.431
v -51.66 		53.499 		49.329
v -5.212 		-40.855 		55.113
v -2.88 		-79.367 		33.484
v -2.717 		-79.23 		33.534
v -4.204 		-40.855 		55.113
v 3.059 		-25.746 		51.924
v -19.655 		-36.962 		55.884
v -19.74 		-37.092 		55.404
v -2.52 		-78.723 		33.718
v -5.212 		-40.212 		54.374
v 3.78 		-60.987 		38.833
v 3.78 		-61.305 		39.689
v 7.14 		-61.305 		39.689
v 7.14 		-60.987 		38.833
v -16.385 		-39.642 		55.506
v -4.204 		-40.212 		54.374
v -54.585 		63.736 		47.952
v 10.549 		-48.27 		56.993
v 7.14 		-61.71 		40.094
v 7.14 		-62.063 		40.175
v 7.14 		-62.351 		40.125
v 7.14 		-62.602 		39.586
v -16.638 		-39.104 		55.404
v -2.602 		-79.055 		33.597
v -16.553 		-38.974 		55.884
v -13.35 		-35.72 		54.43
v 7.14 		-61.472 		39.927
v -54.736 		63.736 		46.387
v 7.14 		-63.786 		39.155
v 7.14 		-63.929 		39.55
v -14.058 		-36.811 		54.323
v -13.973 		-36.681 		54.802
v -13.435 		-35.851 		53.951
v -25.843 		-79.23 		33.534
v -26.04 		-78.723 		33.718
v -25.989 		-78.993 		33.62
v 11.158 		-22.308 		40.557
v 13.847 		-25.95 		40.557
v -24.17 		-37.984 		56.961
v -25.346 		-79.5 		33.435
v -25.647 		-79.381 		33.478
v -51.963 		59.957 		44.565
v -23.815 		-38.214 		56.961
v 11.162 		-48.514 		57.072
v -8.426 		-37.913 		54.157
v 7.14 		-62.171 		38.402
v -9.056 		-38.506 		54.43
v 9.35 		-26.346 		40.557
v 3.78 		-62.351 		40.125
v 3.78 		-62.063 		40.175
v 3.78 		-61.71 		40.094
v 11.788 		-18.185 		40.557
v -55.131 		63.736 		41.685
v 2.571 		-63.121 		39.397
v 2.52 		-63.391 		39.299
v 11.738 		-19.431 		40.557
v -25.2 		-79.512 		33.431
v 2.675 		-62.94 		39.463
v 2.88 		-62.747 		39.533
v -21.616 		-37.33 		56.331
v 3.214 		-62.614 		39.582
v 10.363 		-24.382 		40.557
v 3.78 		-62.602 		39.586
v -3.36 		-79.081 		32.247
v 11.84 		-49.04 		57.243
v 3.78 		-61.472 		39.927
v -2.571 		-78.562 		32.436
v 10.382 		-48.705 		57.134
v 3.78 		-63.786 		39.155
v -23.9 		-38.345 		56.481
v 3.78 		-63.929 		39.55
v -9.141 		-38.637 		53.951
v 53.003 		-29.4778 		10.7585
v 53.003 		-12.5726 		8.5096
v 53.003 		-20.489 		9.5525
v -2.82 		-78.896 		32.314
v 53.003 		-24.8956 		10.1418
v -3.214 		-79.069 		32.251
v 2.602 		-62.628 		38.236
v -2.52 		-78.292 		32.534
v 10.156 		-48.978 		57.223
v 2.52 		-62.96 		38.115
v -24.254 		-38.115 		56.481
v 50.062 		-34.299 		58.389
v -21.701 		-37.46 		55.852
v -25.417 		-79.051 		32.258
v 2.913 		-62.301 		38.355
v -9.764 		-39.597 		54.323
v -25.2 		-79.081 		32.247
v -9.679 		-39.466 		54.802
v -25.68 		-78.936 		32.3
v 3.287 		-62.177 		38.4
v 3.78 		-62.171 		38.402
v -26.04 		-78.292 		32.534
v 51.272 		-40.977 		12.316
v -21.153 		-39.271 		56.778
v 47.7327 		-37.003 		11.745
v 53.003 		-37.003 		11.7851
v 53.003 		-36.8175 		11.7597
v -21.238 		-39.402 		56.299
v -25.885 		-78.743 		32.37
v 53.901 		-36.343 		58.389
v 44.5359 		-37.003 		11.7292
v -15.261 		-38.665 		55.571
v -26.008 		-78.495 		32.46
v 55.044 		-36.951 		51.114
v -28.56 		-68.542 		16.098
v 28.56 		-56.251 		32.256
v -13.479 		-66.428 		15.821
v 0.693 		-52.855 		20.397
v 8.366 		-49.127 		57.271
v 54.342 		-36.577 		55.789
v 1.344 		-53.113 		20.397
v 1.893 		-53.548 		20.397
v 2.059 		-57.169 		20.397
v 2.526 		-56.36 		20.397
v 2.668 		-55.674 		20.397
v 2.647 		-54.974 		20.397
v 2.526 		-54.522 		20.397
v 2.328 		-54.097 		20.397
v 6.68 		-48.838 		57.707
v -31.002 		-39.065 		58.365
v -31.002 		-39.065 		58.197
v -30.58 		-38.36 		58.197
v -30.014 		-38.291 		58.078
v 7.106 		-48.478 		57.59
v -26.041 		-40.868 		58.078
v -25.5965 		-40.96 		57.5421
v -25.5965 		-40.96 		57.4947
v 7.316 		-47.975 		57.427
v -30.099 		-38.422 		57.599
v -28.143 		-35.407 		56.961
v -28.228 		-35.537 		56.481
v 8.093 		-48.74 		57.676
v -25.717 		-33.029 		55.884
v -26.466 		-34.184 		56.331
v 7.765 		-47.883 		57.397
v -26.466 		-34.184 		56.331
v -25.802 		-33.16 		55.404
v 7.849 		-48.339 		57.545
v -26.466 		-34.184 		56.331
v -26.466 		-34.184 		56.331
v -26.551 		-34.315 		55.852
# 1718 vertices

g group_0_11909273

usemtl color_11909273
s 0

f 1 	2 	3
f 3 	6 	1
f 8 	1371 	7
f 28 	7 	1068
f 11 	4 	99
f 10 	9 	1
f 10 	1 	6
f 1 	20 	23
f 9 	20 	1
f 18 	23 	20
f 23 	18 	22
f 28 	151 	30
f 30 	7 	28
f 33 	47 	26
f 151 	7 	30
f 13 	39 	40
f 42 	25 	41
f 44 	25 	43
f 42 	43 	25
f 38 	79 	5
f 29 	34 	136
f 38 	5 	12
f 111 	76 	38
f 16 	186 	37
f 1678 	1672 	47
f 47 	33 	1678
f 27 	50 	68
f 52 	68 	50
f 27 	5 	50
f 25 	55 	48
f 48 	41 	25
f 17 	65 	32
f 50 	264 	52
f 63 	56 	54
f 51 	48 	55
f 58 	51 	55
f 56 	63 	60
f 35 	120 	1617
f 62 	60 	64
f 34 	32 	65
f 57 	120 	59
f 121 	59 	120
f 64 	60 	63
f 67 	1685 	69
f 73 	1092 	143
f 82 	74 	75
f 49 	1600 	72
f 56 	60 	81
f 38 	77 	79
f 87 	79 	76
f 77 	76 	79
f 71 	1628 	88
f 66 	1685 	67
f 86 	89 	72
f 60 	92 	85
f 81 	60 	85
f 90 	91 	92
f 91 	85 	92
f 34 	663 	32
f 88 	94 	71
f 92 	93 	90
f 95 	96 	97
f 95 	97 	98
f 88 	11 	99
f 83 	74 	82
f 103 	74 	83
f 100 	785 	101
f 551 	642 	29
f 78 	61 	1382
f 1377 	1382 	61
f 102 	104 	101
f 103 	83 	84
f 88 	99 	94
f 104 	146 	101
f 107 	105 	106
f 102 	113 	104
f 140 	101 	146
f 84 	109 	103
f 1382 	1493 	78
f 288 	287 	99
f 78 	73 	143
f 287 	94 	99
f 73 	78 	184
f 115 	133 	114
f 77 	38 	76
f 99 	363 	288
f 116 	113 	102
f 1691 	106 	105
f 118 	65 	629
f 57 	1617 	120
f 117 	85 	119
f 116 	102 	668
f 86 	16 	37
f 426 	12 	5
f 114 	56 	81
f 71 	123 	46
f 81 	126 	114
f 106 	124 	107
f 71 	280 	123
f 56 	114 	54
f 124 	125 	107
f 126 	127 	114
f 81 	130 	126
f 146 	113 	116
f 75 	131 	82
f 114 	127 	115
f 107 	125 	128
f 79 	87 	203
f 1476 	127 	126
f 126 	130 	1476
f 130 	117 	1476
f 134 	114 	133
f 111 	203 	87
f 111 	87 	76
f 110 	116 	668
f 133 	135 	134
f 133 	115 	1476
f 127 	1476 	115
f 124 	106 	1692
f 128 	125 	1694
f 143 	145 	61
f 128 	1694 	1695
f 1689 	128 	1695
f 146 	104 	113
f 143 	61 	78
f 134 	61 	145
f 136 	122 	29
f 1689 	147 	128
f 61 	134 	210
f 133 	1476 	135
f 28 	150 	151
f 65 	136 	34
f 86 	149 	16
f 152 	150 	31
f 28 	31 	150
f 142 	805 	141
f 31 	1098 	152
f 106 	1691 	1692
f 1235 	1239 	150
f 151 	150 	156
f 152 	1231 	150
f 165 	148 	157
f 122 	131 	267
f 156 	7 	151
f 8 	7 	156
f 8 	156 	158
f 1690 	105 	108
f 1692 	125 	124
f 148 	812 	157
f 83 	82 	838
f 148 	165 	159
f 146 	159 	140
f 173 	142 	203
f 118 	132 	136
f 804 	805 	142
f 112 	24 	161
f 173 	813 	142
f 118 	153 	132
f 112 	86 	37
f 159 	165 	140
f 112 	37 	21
f 65 	118 	136
f 165 	139 	140
f 159 	116 	148
f 830 	132 	153
f 112 	21 	24
f 146 	116 	159
f 203 	171 	173
f 770 	768 	153
f 174 	61 	210
f 166 	138 	170
f 172 	139 	165
f 1564 	131 	122
f 61 	174 	177
f 177 	1492 	61
f 170 	138 	179
f 858 	136 	132
f 178 	78 	1493
f 36 	186 	183
f 1377 	61 	1492
f 186 	175 	183
f 187 	183 	175
f 170 	179 	182
f 107 	41 	105
f 183 	189 	36
f 1493 	177 	178
f 164 	163 	14
f 167 	168 	15
f 186 	192 	175
f 139 	172 	190
f 168 	19 	15
f 195 	189 	194
f 183 	194 	189
f 163 	167 	15
f 188 	144 	166
f 1025 	197 	190
f 1649 	1650 	1476
f 1297 	78 	178
f 196 	198 	191
f 196 	191 	193
f 14 	108 	164
f 36 	189 	195
f 1050 	1184 	181
f 235 	277 	198
f 198 	196 	235
f 1046 	1111 	197
f 111 	483 	203
f 193 	202 	207
f 193 	207 	196
f 202 	193 	272
f 274 	196 	207
f 209 	211 	212
f 210 	134 	214
f 135 	214 	134
f 497 	498 	166
f 1165 	1188 	203
f 170 	497 	166
f 1702 	195 	194
f 195 	1699 	36
f 37 	36 	1699
f 213 	219 	351
f 155 	1138 	154
f 196 	274 	217
f 154 	1138 	1140
f 1184 	199 	181
f 182 	508 	170
f 211 	209 	1111
f 497 	170 	508
f 174 	210 	223
f 176 	1180 	1683
f 232 	229 	230
f 1187 	220 	206
f 188 	510 	516
f 233 	187 	175
f 222 	224 	231
f 224 	228 	231
f 160 	1341 	182
f 419 	5 	27
f 215 	210 	236
f 210 	214 	236
f 182 	1341 	508
f 239 	240 	238
f 239 	238 	215
f 236 	239 	215
f 231 	235 	222
f 235 	217 	222
f 235 	196 	217
f 228 	224 	392
f 240 	1560 	238
f 1185 	1187 	204
f 243 	1057 	277
f 240 	239 	1560
f 1185 	204 	199
f 235 	243 	277
f 301 	247 	242
f 242 	300 	301
f 1519 	221 	223
f 246 	217 	245
f 216 	245 	217
f 223 	210 	1519
f 246 	397 	222
f 247 	241 	244
f 247 	244 	242
f 246 	222 	217
f 253 	193 	252
f 191 	252 	193
f 204 	1187 	206
f 247 	264 	241
f 1560 	239 	236
f 253 	256 	193
f 272 	193 	256
f 232 	211 	1111
f 204 	206 	169
f 249 	169 	260
f 259 	261 	258
f 232 	1131 	1118
f 162 	204 	169
f 191 	262 	252
f 232 	1118 	1159
f 290 	52 	264
f 180 	181 	266
f 50 	241 	264
f 1111 	1128 	232
f 253 	294 	256
f 232 	1128 	1131
f 1109 	252 	262
f 181 	199 	266
f 261 	268 	258
f 204 	266 	199
f 295 	263 	258
f 702 	253 	252
f 702 	252 	1109
f 270 	273 	271
f 661 	1179 	100
f 249 	260 	251
f 266 	204 	162
f 251 	260 	275
f 1221 	180 	266
f 259 	309 	261
f 216 	217 	274
f 261 	309 	268
f 331 	2 	280
f 251 	275 	267
f 123 	280 	1
f 259 	283 	309
f 284 	1139 	262
f 324 	315 	80
f 346 	80 	365
f 284 	262 	191
f 267 	250 	251
f 286 	202 	272
f 291 	280 	288
f 287 	288 	280
f 94 	287 	280
f 71 	94 	280
f 289 	274 	207
f 331 	280 	291
f 250 	267 	75
f 256 	292 	272
f 286 	272 	292
f 290 	264 	472
f 245 	274 	289
f 293 	370 	369
f 293 	373 	370
f 259 	1470 	283
f 294 	292 	256
f 202 	286 	292
f 294 	202 	292
f 288 	293 	291
f 290 	472 	52
f 245 	289 	246
f 207 	246 	289
f 297 	298 	299
f 295 	1525 	263
f 288 	363 	293
f 268 	302 	258
f 216 	274 	245
f 303 	297 	299
f 242 	1066 	300
f 306 	304 	200
f 267 	131 	75
f 316 	247 	301
f 303 	308 	297
f 295 	258 	302
f 302 	268 	312
f 200 	201 	306
f 311 	297 	308
f 313 	302 	312
f 314 	315 	305
f 491 	297 	494
f 305 	317 	314
f 273 	317 	271
f 305 	271 	317
f 312 	268 	309
f 608 	408 	305
f 211 	453 	298
f 305 	324 	333
f 319 	295 	302
f 321 	319 	302
f 309 	313 	312
f 201 	318 	306
f 201 	227 	318
f 313 	321 	302
f 25 	318 	371
f 298 	278 	299
f 1308 	281 	279
f 299 	278 	303
f 392 	322 	323
f 25 	304 	306
f 279 	225 	1308
f 1430 	923 	305
f 315 	324 	305
f 316 	264 	247
f 319 	320 	295
f 303 	278 	308
f 327 	375 	310
f 333 	324 	325
f 322 	393 	222
f 278 	285 	308
f 4 	319 	332
f 325 	324 	80
f 315 	314 	80
f 314 	317 	80
f 317 	273 	80
f 1007 	80 	273
f 325 	341 	333
f 308 	285 	311
f 99 	4 	332
f 228 	392 	231
f 323 	231 	392
f 335 	336 	333
f 297 	212 	211
f 329 	327 	457
f 298 	297 	211
f 329 	457 	456
f 336 	340 	331
f 318 	25 	306
f 661 	100 	297
f 297 	101 	140
f 249 	334 	169
f 326 	328 	403
f 404 	403 	328
f 313 	309 	283
f 331 	333 	336
f 25 	337 	348
f 2 	331 	340
f 456 	316 	329
f 139 	297 	140
f 1039 	231 	323
f 1287 	337 	25
f 343 	344 	3
f 297 	197 	212
f 1287 	1223 	337
f 344 	346 	3
f 297 	139 	190
f 297 	190 	197
f 321 	313 	338
f 311 	499 	297
f 348 	337 	205
f 205 	213 	348
f 499 	494 	297
f 213 	351 	348
f 343 	80 	344
f 501 	297 	491
f 347 	339 	345
f 347 	345 	349
f 333 	341 	335
f 169 	334 	162
f 219 	200 	351
f 352 	332 	319
f 3 	2 	343
f 340 	343 	2
f 351 	25 	348
f 297 	501 	661
f 331 	291 	330
f 328 	326 	349
f 347 	349 	326
f 424 	339 	347
f 352 	99 	332
f 330 	901 	331
f 457 	327 	310
f 338 	352 	321
f 901 	330 	291
f 413 	409 	339
f 1 	280 	2
f 345 	354 	429
f 304 	25 	351
f 321 	352 	319
f 888 	331 	897
f 101 	297 	100
f 304 	351 	200
f 897 	331 	901
f 338 	313 	283
f 377 	429 	354
f 354 	345 	464
f 41 	108 	105
f 379 	352 	338
f 41 	164 	108
f 827 	833 	333
f 350 	342 	353
f 356 	354 	358
f 164 	41 	163
f 888 	763 	333
f 342 	323 	322
f 453 	360 	278
f 43 	362 	44
f 333 	331 	888
f 352 	363 	99
f 80 	336 	335
f 80 	335 	341
f 341 	325 	80
f 343 	340 	80
f 336 	80 	340
f 322 	353 	342
f 352 	293 	363
f 6 	3 	365
f 346 	365 	3
f 365 	366 	6
f 352 	379 	293
f 285 	381 	311
f 44 	362 	25
f 349 	356 	328
f 364 	458 	359
f 344 	80 	346
f 230 	229 	357
f 293 	369 	291
f 285 	248 	381
f 278 	248 	285
f 360 	248 	278
f 364 	248 	360
f 359 	248 	364
f 357 	381 	248
f 230 	357 	248
f 372 	375 	327
f 430 	377 	378
f 354 	356 	377
f 378 	377 	356
f 373 	293 	379
f 255 	371 	254
f 282 	1426 	305
f 349 	430 	356
f 378 	356 	430
f 338 	283 	432
f 316 	606 	329
f 379 	338 	432
f 383 	381 	357
f 376 	383 	357
f 376 	357 	390
f 342 	524 	323
f 307 	1513 	389
f 372 	327 	329
f 323 	524 	368
f 387 	1528 	388
f 322 	392 	393
f 224 	222 	393
f 408 	432 	282
f 374 	380 	1336
f 369 	901 	291
f 386 	385 	255
f 392 	224 	393
f 411 	326 	395
f 408 	282 	305
f 397 	322 	222
f 401 	328 	398
f 394 	391 	390
f 355 	390 	357
f 384 	367 	396
f 385 	371 	255
f 397 	410 	322
f 255 	257 	386
f 401 	398 	395
f 361 	367 	384
f 227 	254 	371
f 318 	227 	371
f 515 	376 	390
f 454 	310 	375
f 305 	791 	800
f 401 	402 	403
f 401 	403 	404
f 305 	800 	597
f 395 	326 	402
f 403 	402 	326
f 412 	386 	257
f 401 	404 	328
f 412 	257 	265
f 550 	384 	541
f 396 	541 	384
f 608 	305 	605
f 395 	402 	401
f 405 	350 	353
f 269 	276 	421
f 384 	550 	372
f 353 	399 	405
f 347 	326 	411
f 381 	383 	491
f 424 	347 	414
f 414 	411 	409
f 414 	409 	413
f 411 	1548 	409
f 269 	412 	265
f 1642 	412 	421
f 5 	419 	426
f 417 	418 	1557
f 353 	410 	399
f 406 	415 	1349
f 412 	269 	421
f 339 	424 	425
f 322 	410 	353
f 425 	424 	413
f 414 	413 	424
f 397 	604 	410
f 448 	426 	419
f 430 	349 	429
f 345 	429 	349
f 425 	413 	339
f 411 	414 	347
f 435 	746 	1655
f 355 	591 	436
f 27 	68 	419
f 1655 	421 	435
f 374 	462 	433
f 397 	726 	431
f 374 	465 	462
f 430 	429 	377
f 435 	421 	276
f 246 	762 	397
f 283 	282 	432
f 374 	433 	380
f 437 	438 	432
f 1639 	25 	1653
f 339 	409 	443
f 25 	371 	1653
f 434 	390 	436
f 428 	390 	434
f 423 	390 	428
f 420 	390 	423
f 394 	390 	416
f 355 	436 	390
f 438 	442 	432
f 416 	390 	420
f 442 	444 	432
f 230 	445 	232
f 41 	48 	167
f 167 	163 	41
f 264 	448 	419
f 232 	445 	446
f 439 	502 	451
f 167 	48 	168
f 211 	452 	453
f 443 	441 	447
f 450 	447 	441
f 1448 	1486 	48
f 455 	437 	432
f 1486 	168 	48
f 447 	345 	443
f 339 	443 	345
f 561 	560 	456
f 107 	53 	41
f 432 	715 	712
f 458 	232 	446
f 487 	486 	441
f 53 	42 	41
f 454 	457 	310
f 432 	727 	715
f 53 	47 	42
f 47 	362 	43
f 511 	441 	443
f 42 	47 	43
f 447 	450 	518
f 433 	460 	709
f 433 	462 	460
f 461 	439 	459
f 511 	443 	492
f 591 	355 	463
f 345 	447 	464
f 463 	355 	357
f 459 	471 	489
f 438 	422 	442
f 229 	463 	357
f 358 	464 	466
f 354 	464 	358
f 467 	466 	464
f 437 	422 	438
f 448 	316 	456
f 462 	465 	736
f 445 	230 	248
f 264 	316 	448
f 468 	469 	470
f 496 	514 	469
f 455 	422 	437
f 705 	1218 	748
f 445 	248 	359
f 472 	264 	419
f 445 	359 	446
f 440 	478 	406
f 478 	440 	473
f 360 	458 	364
f 440 	433 	473
f 1001 	479 	916
f 472 	419 	68
f 476 	474 	475
f 472 	68 	52
f 360 	452 	458
f 433 	709 	473
f 496 	469 	490
f 400 	478 	756
f 360 	453 	452
f 466 	479 	358
f 475 	477 	476
f 756 	769 	400
f 477 	490 	469
f 278 	298 	453
f 466 	916 	479
f 478 	400 	415
f 427 	422 	455
f 382 	358 	479
f 475 	474 	480
f 406 	478 	415
f 461 	459 	489
f 481 	518 	467
f 482 	481 	467
f 482 	467 	464
f 446 	359 	458
f 461 	489 	368
f 407 	400 	769
f 623 	732 	432
f 479 	1001 	382
f 732 	455 	432
f 458 	211 	232
f 432 	444 	734
f 432 	734 	727
f 211 	458 	452
f 475 	480 	485
f 484 	586 	483
f 407 	769 	766
f 475 	490 	477
f 493 	492 	443
f 111 	484 	483
f 493 	443 	409
f 486 	492 	493
f 475 	485 	496
f 486 	487 	492
f 523 	565 	498
f 475 	496 	490
f 497 	523 	498
f 470 	469 	514
f 506 	485 	480
f 1344 	234 	1373
f 188 	1348 	218
f 503 	504 	1591
f 511 	492 	487
f 485 	506 	496
f 568 	495 	488
f 500 	505 	495
f 166 	510 	188
f 512 	441 	511
f 515 	509 	376
f 505 	488 	495
f 447 	518 	520
f 511 	487 	512
f 506 	514 	496
f 441 	512 	487
f 368 	489 	513
f 522 	515 	390
f 390 	391 	522
f 405 	399 	502
f 502 	439 	524
f 439 	461 	524
f 447 	520 	464
f 482 	464 	520
f 342 	350 	524
f 518 	481 	520
f 482 	520 	481
f 450 	467 	518
f 469 	846 	477
f 517 	743 	521
f 522 	391 	394
f 368 	524 	461
f 508 	523 	497
f 510 	498 	516
f 517 	521 	427
f 521 	519 	427
f 524 	350 	502
f 422 	427 	519
f 525 	328 	529
f 510 	166 	498
f 507 	522 	394
f 356 	529 	328
f 451 	502 	594
f 529 	595 	535
f 528 	526 	590
f 585 	535 	537
f 367 	361 	536
f 587 	526 	532
f 1392 	1373 	218
f 427 	533 	534
f 517 	427 	534
f 530 	536 	361
f 535 	562 	537
f 416 	507 	394
f 533 	558 	825
f 525 	582 	537
f 585 	537 	582
f 396 	367 	541
f 536 	541 	367
f 502 	350 	405
f 1556 	1554 	1399
f 540 	532 	526
f 539 	279 	281
f 532 	540 	542
f 582 	525 	529
f 375 	543 	454
f 376 	491 	383
f 480 	532 	542
f 584 	583 	535
f 376 	509 	501
f 467 	450 	539
f 543 	545 	454
f 585 	584 	535
f 526 	527 	540
f 534 	763 	517
f 532 	581 	587
f 545 	457 	454
f 1179 	501 	509
f 375 	545 	543
f 501 	491 	376
f 546 	594 	544
f 542 	506 	480
f 375 	372 	545
f 442 	422 	519
f 549 	548 	774
f 509 	515 	1179
f 206 	539 	169
f 547 	774 	548
f 539 	260 	169
f 550 	541 	536
f 552 	551 	1696
f 225 	279 	539
f 539 	281 	296
f 23 	631 	1
f 545 	372 	550
f 581 	532 	480
f 1259 	539 	296
f 514 	506 	542
f 631 	123 	1
f 381 	491 	494
f 527 	542 	540
f 206 	220 	539
f 499 	311 	381
f 536 	530 	550
f 594 	546 	451
f 499 	381 	494
f 694 	548 	549
f 545 	456 	457
f 539 	275 	260
f 539 	220 	225
f 550 	561 	545
f 545 	561 	456
f 537 	547 	548
f 557 	420 	423
f 539 	21 	37
f 514 	542 	470
f 563 	557 	423
f 825 	558 	564
f 539 	1468 	1368
f 562 	547 	537
f 428 	563 	423
f 542 	527 	470
f 1397 	1459 	539
f 527 	569 	470
f 539 	1459 	1468
f 526 	569 	527
f 448 	456 	560
f 570 	563 	428
f 528 	569 	526
f 188 	516 	571
f 554 	427 	553
f 555 	427 	554
f 556 	427 	555
f 564 	427 	556
f 533 	427 	558
f 568 	553 	427
f 427 	495 	568
f 539 	1368 	21
f 426 	448 	560
f 573 	570 	428
f 558 	427 	564
f 459 	559 	471
f 498 	572 	516
f 572 	571 	516
f 530 	561 	550
f 572 	498 	565
f 577 	573 	428
f 571 	1348 	188
f 617 	500 	495
f 1697 	208 	531
f 234 	218 	1373
f 538 	1698 	531
f 580 	65 	17
f 581 	579 	574
f 1556 	1399 	160
f 577 	428 	434
f 538 	539 	1698
f 582 	583 	584
f 582 	584 	585
f 397 	65 	580
f 529 	535 	583
f 574 	587 	581
f 203 	483 	586
f 1699 	539 	37
f 529 	583 	582
f 578 	600 	603
f 358 	589 	356
f 581 	480 	474
f 1052 	1008 	603
f 572 	565 	588
f 65 	431 	629
f 397 	431 	65
f 575 	590 	574
f 592 	529 	356
f 592 	356 	589
f 590 	587 	574
f 1341 	588 	565
f 523 	1341 	565
f 572 	599 	571
f 305 	597 	593
f 598 	577 	434
f 612 	316 	301
f 601 	1348 	571
f 528 	575 	795
f 410 	604 	624
f 237 	872 	600
f 607 	606 	561
f 594 	624 	604
f 1350 	1358 	588
f 529 	592 	595
f 1045 	1052 	600
f 594 	604 	580
f 589 	602 	596
f 598 	434 	436
f 609 	610 	608
f 575 	528 	590
f 592 	713 	595
f 714 	595 	713
f 572 	1358 	599
f 607 	384 	372
f 589 	716 	592
f 713 	592 	716
f 610 	611 	608
f 560 	561 	606
f 590 	526 	587
f 571 	599 	601
f 1361 	601 	599
f 589 	596 	716
f 596 	720 	716
f 361 	384 	607
f 604 	397 	580
f 358 	382 	602
f 872 	903 	600
f 530 	361 	607
f 17 	666 	580
f 589 	358 	602
f 530 	607 	561
f 607 	329 	606
f 720 	596 	595
f 505 	610 	488
f 436 	591 	598
f 488 	610 	609
f 463 	1159 	591
f 605 	609 	608
f 635 	581 	630
f 579 	581 	635
f 1159 	577 	598
f 617 	616 	608
f 316 	612 	606
f 619 	620 	621
f 552 	544 	594
f 1159 	573 	577
f 594 	551 	552
f 594 	580 	666
f 622 	619 	621
f 576 	618 	693
f 1443 	121 	120
f 624 	399 	410
f 301 	1077 	612
f 693 	700 	576
f 625 	416 	557
f 416 	420 	557
f 618 	576 	626
f 612 	1077 	695
f 1096 	695 	1077
f 607 	372 	329
f 624 	594 	502
f 624 	502 	399
f 507 	416 	625
f 614 	618 	626
f 626 	613 	614
f 660 	658 	612
f 627 	630 	476
f 731 	620 	752
f 616 	408 	608
f 476 	630 	474
f 733 	620 	731
f 638 	640 	633
f 562 	626 	576
f 627 	635 	630
f 32 	663 	664
f 596 	613 	595
f 634 	633 	640
f 581 	474 	630
f 613 	626 	595
f 432 	616 	623
f 562 	535 	626
f 29 	663 	34
f 627 	641 	579
f 633 	632 	638
f 632 	643 	638
f 29 	642 	663
f 45 	46 	628
f 634 	612 	633
f 781 	639 	637
f 579 	635 	627
f 535 	595 	626
f 644 	645 	632
f 643 	632 	645
f 623 	616 	495
f 1168 	557 	563
f 495 	616 	617
f 648 	649 	9
f 648 	9 	10
f 644 	634 	645
f 625 	557 	1168
f 645 	634 	640
f 1168 	507 	625
f 488 	609 	605
f 653 	648 	10
f 687 	651 	650
f 1081 	612 	634
f 488 	605 	593
f 522 	1168 	515
f 579 	641 	652
f 6 	366 	10
f 10 	366 	653
f 597 	488 	593
f 649 	655 	9
f 1081 	968 	612
f 640 	638 	643
f 640 	643 	645
f 656 	652 	641
f 648 	653 	80
f 659 	612 	658
f 611 	500 	617
f 366 	365 	80
f 1483 	20 	655
f 655 	649 	80
f 594 	642 	551
f 633 	612 	632
f 632 	612 	659
f 657 	654 	875
f 659 	658 	691
f 500 	611 	505
f 649 	648 	80
f 653 	366 	80
f 17 	32 	666
f 673 	669 	658
f 746 	650 	651
f 611 	610 	505
f 752 	662 	647
f 666 	32 	664
f 616 	432 	408
f 642 	664 	663
f 691 	658 	669
f 608 	611 	617
f 686 	662 	639
f 641 	672 	656
f 660 	675 	678
f 668 	679 	680
f 668 	680 	674
f 642 	594 	666
f 676 	677 	1424
f 671 	1393 	677
f 681 	684 	767
f 684 	690 	767
f 692 	677 	676
f 678 	673 	660
f 658 	660 	673
f 642 	666 	664
f 636 	637 	662
f 639 	662 	637
f 677 	692 	671
f 670 	669 	673
f 670 	673 	683
f 672 	641 	627
f 613 	665 	614
f 672 	627 	681
f 673 	678 	1109
f 702 	1109 	678
f 1424 	667 	676
f 665 	596 	602
f 788 	685 	786
f 683 	659 	670
f 102 	101 	668
f 665 	602 	657
f 683 	1079 	644
f 627 	476 	684
f 632 	659 	644
f 683 	644 	659
f 662 	686 	687
f 719 	675 	688
f 596 	665 	613
f 690 	684 	476
f 660 	719 	688
f 476 	477 	690
f 660 	688 	675
f 780 	809 	686
f 681 	627 	684
f 670 	659 	689
f 687 	646 	647
f 689 	659 	691
f 692 	676 	667
f 693 	614 	665
f 670 	689 	691
f 670 	691 	669
f 657 	693 	665
f 794 	692 	721
f 687 	650 	646
f 674 	697 	668
f 1482 	877 	695
f 696 	694 	549
f 662 	687 	647
f 618 	614 	693
f 704 	612 	735
f 537 	548 	694
f 698 	1659 	671
f 877 	1496 	695
f 657 	875 	700
f 671 	692 	698
f 702 	718 	701
f 701 	704 	703
f 701 	703 	702
f 719 	660 	701
f 693 	657 	700
f 704 	701 	612
f 660 	612 	701
f 703 	294 	253
f 699 	696 	549
f 710 	711 	449
f 374 	449 	711
f 703 	253 	702
f 719 	701 	718
f 706 	696 	699
f 721 	722 	844
f 521 	712 	715
f 723 	724 	704
f 703 	704 	724
f 725 	602 	382
f 718 	702 	675
f 678 	675 	702
f 595 	714 	720
f 710 	449 	1344
f 619 	682 	662
f 682 	636 	662
f 714 	713 	716
f 714 	716 	720
f 770 	726 	706
f 719 	718 	675
f 620 	619 	752
f 728 	729 	707
f 696 	726 	694
f 374 	711 	465
f 707 	729 	697
f 721 	692 	722
f 706 	726 	696
f 707 	822 	728
f 444 	519 	734
f 736 	1325 	709
f 730 	737 	109
f 723 	704 	735
f 460 	736 	709
f 173 	171 	741
f 728 	739 	729
f 562 	730 	547
f 460 	462 	736
f 694 	726 	537
f 646 	733 	731
f 728 	814 	739
f 730 	562 	737
f 537 	726 	525
f 148 	739 	814
f 736 	465 	711
f 703 	740 	294
f 148 	116 	739
f 754 	109 	737
f 723 	735 	744
f 668 	697 	729
f 668 	729 	739
f 740 	745 	735
f 744 	735 	745
f 116 	110 	739
f 84 	730 	109
f 724 	745 	703
f 747 	813 	741
f 726 	738 	431
f 740 	703 	745
f 726 	328 	525
f 727 	519 	715
f 722 	692 	667
f 668 	739 	110
f 748 	749 	708
f 748 	708 	705
f 723 	744 	745
f 723 	745 	724
f 726 	397 	762
f 519 	521 	715
f 752 	619 	662
f 767 	1420 	749
f 708 	749 	1420
f 748 	767 	749
f 750 	707 	753
f 328 	726 	762
f 754 	875 	798
f 727 	734 	519
f 647 	731 	752
f 757 	741 	751
f 741 	717 	751
f 473 	758 	478
f 709 	758 	473
f 427 	455 	732
f 755 	1513 	759
f 495 	427 	732
f 707 	697 	753
f 758 	756 	478
f 533 	742 	534
f 307 	762 	759
f 755 	759 	762
f 751 	760 	757
f 741 	757 	747
f 762 	294 	740
f 754 	737 	562
f 1655 	746 	651
f 735 	755 	740
f 762 	740 	755
f 1421 	1423 	758
f 754 	798 	109
f 674 	685 	764
f 761 	764 	685
f 647 	646 	731
f 756 	758 	1423
f 109 	798 	103
f 697 	674 	764
f 815 	813 	757
f 760 	815 	757
f 764 	753 	697
f 748 	766 	767
f 759 	1513 	307
f 562 	576 	754
f 746 	1657 	765
f 650 	746 	765
f 763 	534 	742
f 1512 	762 	307
f 1473 	1245 	769
f 672 	681 	767
f 733 	646 	650
f 768 	770 	811
f 202 	294 	762
f 773 	1096 	771
f 442 	519 	444
f 79 	771 	1096
f 762 	246 	207
f 775 	774 	547
f 528 	776 	569
f 794 	804 	1123
f 794 	1123 	773
f 775 	547 	730
f 706 	811 	770
f 772 	775 	730
f 1659 	778 	771
f 153 	726 	770
f 1512 	398 	762
f 783 	784 	679
f 84 	772 	730
f 668 	785 	679
f 783 	679 	785
f 773 	771 	778
f 698 	778 	1659
f 784 	786 	680
f 623 	495 	732
f 765 	733 	650
f 777 	1253 	776
f 726 	153 	118
f 207 	202 	762
f 668 	101 	785
f 811 	706 	699
f 674 	786 	685
f 788 	801 	685
f 762 	398 	328
f 840 	685 	802
f 1393 	671 	1659
f 782 	818 	781
f 780 	781 	779
f 680 	679 	784
f 528 	795 	776
f 521 	743 	712
f 778 	793 	773
f 622 	818 	782
f 621 	818 	622
f 674 	680 	786
f 793 	778 	698
f 785 	786 	784
f 785 	784 	783
f 686 	639 	780
f 788 	789 	790
f 622 	682 	619
f 622 	636 	682
f 636 	622 	782
f 790 	801 	788
f 782 	637 	636
f 830 	775 	772
f 791 	305 	816
f 794 	773 	793
f 637 	782 	781
f 153 	768 	830
f 692 	793 	698
f 639 	781 	780
f 305 	593 	605
f 794 	793 	692
f 785 	1179 	786
f 802 	685 	801
f 717 	171 	141
f 777 	776 	803
f 795 	803 	776
f 805 	721 	141
f 155 	154 	1462
f 549 	774 	768
f 768 	699 	549
f 1462 	1422 	155
f 799 	687 	809
f 629 	431 	738
f 794 	805 	804
f 686 	809 	687
f 805 	794 	721
f 816 	305 	819
f 717 	741 	171
f 488 	597 	800
f 799 	809 	779
f 780 	779 	809
f 800 	791 	488
f 75 	74 	807
f 568 	488 	791
f 1610 	1611 	799
f 699 	768 	811
f 804 	142 	813
f 1611 	1609 	799
f 797 	807 	74
f 173 	741 	813
f 799 	1609 	1616
f 768 	774 	775
f 797 	74 	103
f 804 	813 	1123
f 815 	1123 	813
f 812 	148 	814
f 798 	797 	103
f 747 	757 	813
f 575 	574 	817
f 579 	817 	574
f 118 	629 	821
f 575 	823 	795
f 779 	781 	818
f 820 	824 	760
f 820 	760 	751
f 742 	825 	333
f 772 	84 	860
f 822 	855 	826
f 738 	726 	118
f 1129 	824 	820
f 84 	83 	860
f 118 	821 	738
f 838 	860 	83
f 858 	772 	860
f 817 	828 	831
f 826 	812 	822
f 829 	812 	826
f 814 	822 	812
f 760 	824 	815
f 1129 	815 	824
f 812 	868 	157
f 831 	834 	835
f 829 	868 	812
f 75 	807 	250
f 157 	868 	165
f 799 	1616 	1615
f 832 	554 	819
f 832 	555 	554
f 556 	555 	832
f 817 	831 	835
f 871 	136 	858
f 828 	817 	652
f 833 	556 	832
f 840 	761 	685
f 707 	750 	822
f 960 	779 	818
f 656 	828 	652
f 840 	844 	761
f 846 	836 	850
f 822 	814 	728
f 579 	652 	817
f 796 	1241 	806
f 932 	818 	621
f 841 	845 	843
f 840 	870 	844
f 870 	900 	844
f 837 	839 	836
f 835 	575 	817
f 932 	621 	939
f 621 	620 	939
f 845 	846 	843
f 871 	858 	838
f 843 	849 	841
f 830 	768 	775
f 803 	835 	885
f 554 	553 	819
f 850 	843 	846
f 848 	1189 	851
f 822 	750 	852
f 854 	849 	843
f 854 	856 	849
f 857 	835 	803
f 842 	847 	853
f 861 	856 	854
f 822 	852 	855
f 857 	575 	835
f 575 	857 	823
f 838 	1564 	871
f 823 	857 	803
f 803 	795 	823
f 858 	132 	863
f 578 	531 	208
f 742 	533 	825
f 854 	843 	850
f 564 	827 	825
f 853 	859 	842
f 763 	742 	333
f 861 	881 	856
f 827 	556 	833
f 564 	556 	827
f 853 	862 	859
f 859 	862 	864
f 863 	132 	830
f 838 	858 	860
f 867 	838 	82
f 866 	829 	826
f 867 	82 	131
f 791 	553 	568
f 863 	830 	772
f 868 	829 	866
f 861 	836 	839
f 1209 	851 	1202
f 772 	858 	863
f 1564 	838 	867
f 825 	827 	333
f 333 	833 	832
f 850 	836 	854
f 629 	738 	821
f 870 	840 	869
f 854 	836 	861
f 305 	333 	832
f 654 	1009 	875
f 874 	835 	873
f 1043 	477 	846
f 851 	1191 	1196
f 819 	305 	832
f 1482 	1613 	877
f 835 	834 	873
f 791 	816 	553
f 865 	851 	1209
f 1613 	1623 	877
f 816 	819 	553
f 875 	754 	576
f 868 	172 	165
f 1202 	851 	1196
f 880 	876 	879
f 432 	373 	379
f 369 	370 	432
f 878 	892 	866
f 826 	878 	866
f 432 	882 	369
f 600 	578 	208
f 881 	883 	879
f 874 	979 	835
f 237 	600 	208
f 835 	979 	885
f 883 	884 	879
f 432 	370 	373
f 892 	868 	866
f 868 	892 	895
f 868 	895 	896
f 1221 	162 	334
f 880 	879 	884
f 868 	896 	172
f 803 	885 	889
f 889 	890 	777
f 797 	1221 	807
f 1221 	250 	807
f 881 	879 	876
f 484 	111 	891
f 743 	517 	888
f 1106 	484 	891
f 777 	803 	889
f 798 	1080 	1210
f 894 	1061 	865
f 111 	38 	1008
f 1221 	334 	249
f 763 	888 	517
f 907 	873 	834
f 881 	876 	856
f 873 	907 	905
f 743 	888 	897
f 889 	885 	984
f 743 	897 	712
f 889 	984 	890
f 1025 	172 	896
f 190 	172 	1025
f 700 	875 	576
f 876 	849 	856
f 865 	1209 	894
f 869 	900 	870
f 1215 	903 	872
f 897 	432 	712
f 882 	432 	897
f 908 	928 	887
f 897 	901 	882
f 882 	901 	369
f 831 	907 	834
f 908 	864 	862
f 906 	878 	855
f 881 	839 	883
f 878 	826 	855
f 861 	839 	881
f 883 	839 	910
f 883 	910 	884
f 1478 	961 	911
f 927 	884 	910
f 898 	914 	831
f 864 	908 	887
f 907 	831 	917
f 929 	913 	918
f 831 	828 	656
f 1152 	973 	790
f 1182 	1183 	801
f 656 	898 	831
f 914 	917 	831
f 801 	975 	1182
f 907 	921 	905
f 913 	922 	918
f 869 	840 	802
f 922 	913 	880
f 1467 	1500 	920
f 923 	986 	980
f 924 	986 	923
f 911 	983 	986
f 924 	911 	986
f 1222 	886 	1224
f 880 	884 	922
f 466 	899 	916
f 941 	942 	926
f 569 	776 	910
f 657 	602 	916
f 913 	929 	880
f 750 	753 	1687
f 931 	1104 	777
f 602 	725 	916
f 12 	426 	933
f 911 	924 	923
f 911 	923 	919
f 929 	876 	880
f 932 	970 	934
f 1104 	931 	930
f 1440 	1436 	1068
f 1260 	899 	466
f 929 	918 	935
f 935 	937 	929
f 916 	899 	938
f 426 	936 	933
f 918 	1141 	935
f 909 	939 	893
f 777 	940 	931
f 939 	970 	932
f 931 	951 	930
f 916 	938 	902
f 1008 	38 	933
f 912 	925 	942
f 943 	912 	942
f 927 	922 	884
f 906 	855 	1462
f 948 	949 	947
f 946 	947 	949
f 945 	946 	949
f 777 	950 	940
f 777 	890 	950
f 925 	926 	942
f 952 	912 	943
f 953 	981 	954
f 929 	937 	876
f 426 	560 	944
f 973 	956 	790
f 948 	799 	949
f 779 	949 	799
f 944 	560 	606
f 984 	950 	890
f 779 	960 	949
f 960 	818 	932
f 944 	936 	426
f 956 	965 	801
f 956 	801 	790
f 606 	612 	944
f 932 	934 	960
f 949 	960 	934
f 949 	934 	966
f 949 	966 	945
f 967 	959 	962
f 959 	954 	962
f 981 	983 	954
f 965 	975 	801
f 955 	963 	1158
f 976 	967 	962
f 973 	965 	956
f 944 	787 	792
f 976 	959 	967
f 1263 	953 	954
f 968 	969 	971
f 968 	971 	972
f 909 	1119 	970
f 952 	957 	958
f 1102 	1114 	951
f 958 	963 	952
f 1152 	1263 	973
f 1263 	954 	974
f 959 	974 	954
f 961 	1273 	962
f 952 	963 	955
f 951 	964 	1102
f 976 	1268 	975
f 935 	1141 	1147
f 962 	1268 	976
f 969 	968 	1095
f 1094 	1095 	968
f 965 	973 	975
f 934 	970 	978
f 657 	916 	654
f 792 	796 	944
f 975 	973 	974
f 975 	974 	976
f 959 	976 	974
f 978 	966 	934
f 806 	944 	796
f 980 	981 	953
f 841 	977 	845
f 981 	980 	986
f 981 	986 	983
f 984 	982 	931
f 271 	305 	923
f 940 	984 	931
f 539 	944 	275
f 969 	1079 	988
f 983 	911 	961
f 962 	954 	983
f 961 	962 	983
f 1178 	902 	938
f 991 	992 	1107
f 989 	1006 	937
f 992 	1004 	988
f 1478 	1000 	995
f 1478 	995 	961
f 961 	995 	993
f 1005 	971 	969
f 990 	912 	996
f 952 	996 	912
f 191 	1003 	991
f 991 	1004 	992
f 1446 	944 	1456
f 1142 	992 	988
f 909 	970 	939
f 1108 	1116 	988
f 55 	909 	915
f 944 	887 	928
f 1193 	996 	999
f 990 	1197 	1000
f 1001 	916 	725
f 935 	989 	937
f 996 	952 	999
f 955 	999 	952
f 1534 	933 	936
f 1002 	931 	982
f 1278 	923 	1262
f 191 	198 	1003
f 1004 	991 	1003
f 969 	988 	1005
f 1004 	1005 	988
f 808 	944 	806
f 1262 	980 	953
f 1051 	971 	1005
f 1478 	1617 	1000
f 1002 	951 	931
f 1006 	985 	987
f 987 	977 	1006
f 1002 	964 	951
f 841 	849 	977
f 982 	984 	979
f 1006 	989 	985
f 539 	538 	944
f 382 	1001 	725
f 994 	985 	989
f 984 	885 	979
f 995 	1000 	1547
f 940 	950 	984
f 919 	1430 	911
f 876 	977 	849
f 1547 	1540 	995
f 12 	933 	38
f 909 	1166 	1167
f 876 	937 	977
f 998 	964 	1002
f 1002 	997 	998
f 977 	937 	1006
f 1015 	966 	1016
f 1002 	1018 	997
f 1013 	1019 	912
f 966 	1015 	945
f 1012 	181 	180
f 1002 	979 	1018
f 978 	1151 	1016
f 1015 	1016 	1026
f 1002 	982 	979
f 1021 	946 	945
f 1021 	945 	1015
f 1011 	1010 	1022
f 1016 	966 	978
f 916 	902 	1023
f 925 	912 	1019
f 1087 	1030 	1031
f 470 	569 	910
f 839 	470 	910
f 878 	906 	1020
f 1030 	1086 	1022
f 837 	468 	839
f 470 	839 	468
f 892 	878 	1020
f 1031 	1030 	1022
f 1031 	1022 	1010
f 1020 	906 	60
f 837 	836 	468
f 469 	468 	836
f 1024 	1009 	654
f 892 	1020 	1035
f 836 	846 	469
f 1010 	1087 	1031
f 1087 	1010 	972
f 977 	1038 	845
f 896 	895 	1035
f 1024 	1027 	1009
f 926 	1034 	941
f 987 	985 	1040
f 1035 	895 	892
f 1128 	1020 	62
f 690 	477 	1043
f 60 	62 	1020
f 846 	845 	1043
f 1045 	891 	111
f 926 	1019 	1034
f 1128 	1046 	1020
f 979 	1049 	1018
f 654 	916 	1023
f 926 	925 	1019
f 845 	1038 	1043
f 1035 	1046 	896
f 1038 	977 	1047
f 197 	1025 	1046
f 1049 	979 	874
f 1019 	1013 	1032
f 987 	1047 	977
f 1019 	1032 	1034
f 1048 	874 	873
f 1041 	1039 	1070
f 1023 	1024 	654
f 1045 	111 	1008
f 987 	1040 	1047
f 1041 	1054 	1039
f 1022 	1051 	1042
f 1011 	1022 	1042
f 1035 	1020 	1046
f 1052 	1045 	1008
f 1022 	971 	1051
f 1049 	1048 	1059
f 896 	1046 	1025
f 1054 	1004 	1053
f 1003 	1053 	1004
f 1049 	874 	1048
f 1091 	1028 	1029
f 1005 	1132 	1051
f 952 	1136 	957
f 820 	1043 	1038
f 1038 	1047 	820
f 1128 	1111 	1046
f 1056 	1133 	1054
f 905 	1048 	873
f 921 	1048 	905
f 1003 	1135 	1053
f 789 	1149 	790
f 820 	1546 	1043
f 1059 	1060 	1018
f 1057 	1135 	277
f 1040 	820 	1047
f 1063 	1018 	1060
f 1056 	1054 	1051
f 1056 	1051 	1055
f 1121 	942 	941
f 1060 	1071 	1063
f 1057 	243 	1053
f 243 	235 	1053
f 1130 	1121 	941
f 100 	1179 	785
f 1054 	1041 	1051
f 1053 	1039 	1054
f 235 	231 	1053
f 997 	1018 	1063
f 1064 	301 	300
f 1028 	1091 	1026
f 300 	1066 	1064
f 28 	1068 	1069
f 1339 	1457 	1039
f 1059 	1018 	1049
f 1013 	182 	1032
f 1072 	1082 	28
f 1077 	301 	1064
f 1013 	160 	182
f 1068 	1073 	1069
f 181 	1027 	1050
f 1071 	998 	997
f 1073 	1074 	1069
f 1074 	1075 	1069
f 1067 	1070 	1457
f 1032 	182 	179
f 1066 	244 	1064
f 1064 	244 	241
f 1075 	1072 	1069
f 1033 	1011 	1042
f 1065 	1033 	1042
f 1170 	1167 	1044
f 241 	50 	1077
f 1070 	1067 	1041
f 1050 	1027 	1058
f 1077 	50 	5
f 1039 	1053 	231
f 1042 	1051 	1041
f 1455 	1076 	1032
f 1080 	180 	1210
f 998 	1071 	1174
f 1077 	1064 	241
f 1455 	1130 	1076
f 1073 	143 	1074
f 1095 	1088 	969
f 970 	1151 	978
f 997 	1063 	1071
f 1081 	1079 	1088
f 1099 	1009 	1080
f 634 	644 	1079
f 634 	1079 	1081
f 1084 	28 	1083
f 1082 	1083 	28
f 1069 	1072 	28
f 1077 	5 	79
f 1009 	1012 	1080
f 1075 	1074 	143
f 79 	1096 	1077
f 1146 	154 	1140
f 1021 	1015 	1026
f 1085 	1082 	1075
f 180 	1080 	1012
f 1087 	972 	1086
f 971 	1086 	972
f 203 	586 	1165
f 1075 	1082 	1072
f 1021 	947 	946
f 1081 	1088 	1089
f 1012 	1009 	1027
f 1091 	947 	1090
f 1093 	143 	1092
f 1085 	143 	1093
f 1075 	143 	1085
f 1012 	1027 	181
f 1021 	1026 	1090
f 1089 	1088 	1095
f 1089 	1095 	1094
f 1076 	941 	1034
f 1082 	1085 	1083
f 1093 	1083 	1085
f 242 	244 	1066
f 798 	1099 	1080
f 947 	1021 	1090
f 1092 	1084 	1083
f 1092 	1083 	1093
f 971 	1022 	1086
f 1037 	1091 	1036
f 1207 	1205 	1092
f 1097 	1045 	1190
f 1079 	969 	1088
f 875 	1009 	1099
f 1610 	1091 	1037
f 968 	1081 	1089
f 1094 	968 	1089
f 31 	28 	1098
f 1084 	1098 	28
f 1091 	1044 	1036
f 998 	1102 	964
f 1091 	1090 	1026
f 1029 	1044 	1091
f 1105 	1106 	1097
f 1107 	1108 	683
f 1108 	1079 	683
f 891 	1097 	1106
f 1099 	798 	875
f 1034 	1032 	1076
f 683 	673 	1107
f 1107 	673 	1109
f 1101 	695 	1103
f 1102 	1174 	1110
f 1108 	988 	1079
f 212 	197 	1111
f 1120 	1058 	1027
f 1091 	948 	947
f 1109 	991 	1107
f 1111 	209 	212
f 1027 	1024 	1120
f 915 	1362 	55
f 1096 	773 	1103
f 1142 	1116 	1143
f 1115 	1143 	1116
f 1026 	1119 	1028
f 1096 	1103 	695
f 1112 	1103 	773
f 943 	1113 	1136
f 1117 	1127 	1114
f 1142 	988 	1116
f 1115 	1116 	1108
f 1115 	1108 	1107
f 1170 	1044 	1029
f 1126 	1125 	1101
f 1126 	1101 	1103
f 1115 	1107 	992
f 1143 	1115 	992
f 1126 	1103 	1123
f 1112 	1123 	1103
f 1097 	891 	1045
f 1112 	773 	1123
f 1109 	262 	1122
f 1120 	1134 	1173
f 1123 	1124 	1125
f 1123 	1125 	1126
f 1119 	1029 	1028
f 1139 	991 	1122
f 1122 	991 	1109
f 943 	942 	1113
f 1121 	1113 	942
f 991 	1139 	191
f 1161 	1037 	1036
f 1124 	1123 	1129
f 815 	1129 	1123
f 951 	1127 	930
f 1131 	1128 	62
f 1124 	1129 	820
f 1023 	1120 	1024
f 951 	1114 	1127
f 1076 	1130 	941
f 1120 	1023 	1134
f 899 	1260 	1173
f 1004 	1133 	1132
f 1004 	1132 	1005
f 1135 	1003 	277
f 198 	277 	1003
f 1138 	155 	1061
f 1122 	262 	1139
f 902 	1134 	1023
f 1137 	957 	1136
f 1144 	918 	922
f 952 	943 	1136
f 1134 	902 	1178
f 1161 	1669 	1037
f 1110 	1117 	1114
f 284 	191 	1139
f 1144 	1141 	918
f 992 	1142 	1143
f 1000 	57 	990
f 1102 	1110 	1114
f 1188 	1078 	171
f 1087 	1086 	1030
f 1147 	1145 	1148
f 1131 	64 	1213
f 270 	1007 	273
f 1055 	1051 	1132
f 80 	1007 	1560
f 64 	1131 	62
f 1133 	1056 	1132
f 1055 	1132 	1056
f 1127 	1104 	930
f 1213 	1118 	1131
f 1004 	1054 	1133
f 1057 	1053 	1135
f 1119 	1026 	1151
f 1152 	1149 	1263
f 1262 	1263 	1149
f 1148 	935 	1147
f 1152 	790 	1149
f 1278 	1262 	1179
f 789 	788 	1149
f 989 	935 	1148
f 970 	1119 	1151
f 955 	1150 	999
f 944 	612 	968
f 1260 	1324 	1173
f 1150 	1157 	1153
f 802 	1183 	869
f 1146 	176 	154
f 1150 	1158 	1157
f 229 	1159 	463
f 1158 	1160 	1157
f 1155 	1147 	1154
f 1159 	598 	591
f 1160 	1162 	1157
f 1170 	1119 	909
f 1141 	1144 	1147
f 1173 	1178 	938
f 957 	1163 	958
f 1147 	1144 	1164
f 1163 	1162 	1160
f 938 	899 	1173
f 1163 	1172 	1162
f 1166 	1036 	1044
f 1165 	1097 	1190
f 586 	484 	1165
f 229 	232 	1159
f 1147 	1164 	1154
f 1168 	573 	1159
f 484 	1106 	1165
f 1058 	1335 	1050
f 1097 	1165 	1105
f 1104 	1581 	1498
f 573 	1168 	570
f 1058 	1120 	1335
f 1166 	1044 	1167
f 1165 	1106 	1105
f 1163 	1160 	958
f 563 	570 	1168
f 171 	203 	1188
f 1188 	1165 	1190
f 909 	1167 	1170
f 1160 	963 	958
f 1170 	1029 	1119
f 1172 	1163 	957
f 1264 	1145 	1155
f 1168 	522 	507
f 1145 	1147 	1155
f 1104 	1498 	1574
f 1158 	963 	1160
f 1201 	1155 	1200
f 1214 	1156 	1171
f 1179 	515 	1168
f 1158 	1150 	955
f 1174 	1102 	998
f 1174 	1175 	1176
f 1166 	1161 	1036
f 1182 	1168 	1183
f 1164 	1212 	1154
f 1175 	1177 	1176
f 1168 	1118 	1183
f 1026 	1016 	1151
f 1168 	1159 	1118
f 1176 	1177 	1110
f 1161 	1166 	909
f 1110 	1174 	1176
f 1134 	1178 	1173
f 1248 	1153 	1157
f 1146 	1180 	176
f 501 	1179 	661
f 802 	801 	1183
f 1161 	909 	55
f 1264 	1148 	1145
f 1118 	869 	1183
f 1187 	1308 	1181
f 922 	1186 	1144
f 1266 	1265 	1162
f 141 	171 	1078
f 1181 	225 	1187
f 927 	1186 	922
f 1187 	225 	220
f 1149 	1179 	1262
f 788 	1179 	1149
f 1191 	851 	1189
f 927 	910 	776
f 1182 	1268 	1179
f 1188 	904 	1078
f 1179 	1268 	1278
f 788 	786 	1179
f 904 	1188 	1190
f 199 	1184 	1185
f 1193 	999 	1150
f 1154 	1194 	1155
f 886 	1189 	848
f 1153 	1193 	1150
f 1071 	1175 	1174
f 990 	996 	1197
f 1195 	1197 	996
f 1168 	1182 	1179
f 1195 	1193 	1386
f 1206 	1098 	1205
f 1084 	1205 	1098
f 1193 	1387 	1386
f 1194 	1204 	1155
f 1084 	1092 	1205
f 1345 	1203 	1146
f 1238 	792 	787
f 1100 	1305 	1198
f 1153 	1387 	1193
f 886 	1222 	1189
f 70 	1496 	1198
f 1193 	1195 	996
f 1245 	1100 	1275
f 1100 	1198 	1275
f 1200 	1155 	1204
f 1295 	1146 	1203
f 1473 	1466 	1245
f 1207 	1092 	73
f 656 	672 	898
f 869 	1118 	1213
f 1243 	1208 	1214
f 1213 	54 	869
f 1212 	1194 	1154
f 114 	1453 	54
f 64 	63 	54
f 1204 	1194 	1212
f 1244 	1071 	1060
f 1244 	1060 	1059
f 54 	1213 	64
f 1211 	1204 	1212
f 1243 	1214 	1171
f 1050 	1296 	1184
f 705 	708 	1218
f 1217 	1218 	708
f 1220 	1233 	1219
f 708 	1396 	1217
f 1210 	180 	1221
f 921 	1249 	1048
f 1356 	1369 	1219
f 1356 	1219 	1216
f 1250 	917 	914
f 1369 	1220 	1219
f 1010 	1156 	1214
f 974 	973 	1263
f 1182 	975 	1268
f 1208 	1010 	1214
f 1268 	962 	1273
f 1200 	1310 	1226
f 1280 	1273 	993
f 961 	993 	1273
f 1226 	1201 	1200
f 798 	1210 	1221
f 1169 	1155 	1201
f 904 	903 	1224
f 903 	1232 	1224
f 1250 	907 	917
f 1231 	152 	1098
f 1211 	1212 	1253
f 1172 	957 	1230
f 1137 	1230 	957
f 1237 	1234 	150
f 1235 	150 	1234
f 1240 	150 	1239
f 1242 	150 	1240
f 1253 	1212 	1164
f 1221 	266 	162
f 903 	1215 	1232
f 1231 	1237 	150
f 1473 	1224 	1232
f 1224 	120 	1222
f 798 	1221 	797
f 787 	1208 	1238
f 1244 	1175 	1071
f 1200 	1326 	1310
f 1255 	1239 	1235
f 1240 	1239 	1255
f 1204 	1326 	1200
f 1243 	1238 	1208
f 1153 	1248 	1246
f 1059 	1247 	1244
f 904 	1224 	886
f 1221 	249 	251
f 250 	1221 	251
f 1248 	1236 	1246
f 898 	672 	1250
f 898 	1250 	914
f 1252 	909 	1251
f 927 	776 	1186
f 1059 	1249 	1247
f 1256 	221 	1255
f 1257 	221 	1256
f 1258 	221 	1257
f 1254 	1255 	221
f 893 	894 	1251
f 1257 	1234 	1237
f 1059 	1048 	1249
f 1227 	1225 	1331
f 1254 	1242 	1240
f 1322 	1253 	1312
f 1250 	1249 	921
f 1257 	1237 	1258
f 907 	1250 	921
f 1235 	1234 	1257
f 1241 	796 	792
f 1256 	1235 	1257
f 1220 	1277 	1233
f 1144 	1186 	1253
f 1255 	1235 	1256
f 1244 	1247 	1275
f 1241 	792 	1238
f 1253 	1164 	1144
f 1245 	1250 	767
f 1255 	1254 	1240
f 1247 	1249 	1245
f 1245 	1275 	1247
f 1249 	1250 	1245
f 1216 	1219 	1233
f 1199 	1261 	1233
f 1233 	1261 	1216
f 1335 	1260 	1259
f 994 	989 	1148
f 1261 	1356 	1216
f 1259 	1291 	1328
f 672 	767 	1250
f 994 	1148 	1264
f 1265 	1248 	1157
f 1267 	1177 	1175
f 994 	1264 	1269
f 1270 	1223 	1225
f 1192 	808 	806
f 1169 	1264 	1155
f 1267 	1175 	1271
f 1175 	1244 	1271
f 953 	1263 	1262
f 1272 	1169 	1201
f 1227 	1270 	1225
f 1228 	1229 	1270
f 1267 	1271 	1275
f 1270 	1229 	1233
f 1275 	1271 	1244
f 1227 	1228 	1270
f 1569 	1619 	1274
f 1270 	1233 	1277
f 1264 	1169 	1272
f 1266 	1162 	1279
f 1360 	1277 	1220
f 1275 	1496 	1267
f 1360 	1270 	1277
f 1283 	1226 	1282
f 806 	1274 	1192
f 1198 	1496 	1275
f 1180 	1146 	25
f 1274 	806 	1241
f 1285 	1286 	1278
f 1284 	1269 	1264
f 1278 	1280 	1285
f 1281 	1285 	1280
f 1146 	1287 	25
f 1192 	1274 	1619
f 1272 	1284 	1264
f 1335 	1324 	1260
f 1286 	270 	1278
f 271 	1278 	270
f 1272 	1283 	1284
f 271 	923 	1278
f 1156 	1294 	1289
f 1272 	1201 	1283
f 296 	1296 	1291
f 1201 	1226 	1283
f 1302 	1306 	1280
f 1306 	1301 	1007
f 1285 	1281 	1007
f 205 	337 	1223
f 1259 	296 	1291
f 1157 	1162 	1265
f 1156 	1010 	1011
f 1280 	1278 	1268
f 1280 	1268 	1273
f 1251 	909 	893
f 1464 	1282 	1226
f 1295 	1320 	1229
f 1236 	1265 	1266
f 1285 	1007 	1286
f 270 	1286 	1007
f 1236 	1248 	1265
f 1293 	1290 	1292
f 1296 	296 	281
f 1288 	1292 	1290
f 1209 	1251 	894
f 1297 	177 	174
f 1156 	1011 	1294
f 178 	177 	1297
f 1228 	1340 	1295
f 1294 	1337 	1451
f 1297 	223 	221
f 1300 	1301 	1302
f 1288 	1299 	1292
f 1298 	1279 	1162
f 70 	1305 	1299
f 1302 	1303 	1300
f 1308 	225 	1181
f 1295 	1229 	1228
f 1294 	1304 	1471
f 1225 	1223 	1287
f 1185 	1184 	1296
f 909 	1252 	915
f 1162 	1172 	1298
f 993 	1540 	1302
f 1280 	993 	1302
f 205 	1223 	1270
f 1281 	1280 	1306
f 1252 	1362 	915
f 1302 	215 	1307
f 238 	1307 	215
f 1296 	1187 	1185
f 238 	1560 	1307
f 1276 	185 	26
f 1302 	1307 	1303
f 1301 	1306 	1302
f 1298 	1266 	1279
f 1296 	281 	1308
f 1230 	1338 	1298
f 1343 	1385 	1294
f 1301 	1300 	1007
f 1560 	1007 	1307
f 1300 	1303 	1007
f 1303 	1307 	1007
f 1297 	174 	223
f 1331 	1334 	1227
f 1294 	1385 	1304
f 1172 	1230 	1298
f 1296 	1308 	1187
f 1237 	1231 	1313
f 1313 	1231 	1315
f 1033 	1337 	1011
f 1294 	1011 	1337
f 1100 	1466 	1305
f 70 	1198 	1305
f 1405 	1246 	1236
f 1400 	1253 	777
f 1186 	776 	1253
f 1215 	1305 	1466
f 1233 	1320 	1199
f 1237 	1313 	1258
f 1297 	1258 	1313
f 237 	1305 	1215
f 1206 	1205 	1313
f 1206 	1313 	1315
f 205 	1270 	1363
f 1311 	1689 	1314
f 1309 	1685 	1311
f 1314 	1689 	1318
f 769 	1245 	766
f 1233 	1229 	1320
f 1313 	1205 	1297
f 1207 	1297 	1205
f 1291 	1296 	1050
f 1203 	1320 	1295
f 1207 	73 	1297
f 1297 	73 	184
f 1204 	1323 	1326
f 1231 	1098 	1315
f 1206 	1315 	1098
f 1236 	1336 	1349
f 1297 	221 	1258
f 1323 	1327 	1326
f 710 	1344 	1373
f 766 	748 	1218
f 711 	710 	1373
f 1319 	1689 	1321
f 1318 	1689 	1319
f 1211 	1323 	1204
f 1373 	1378 	711
f 184 	78 	1297
f 709 	1325 	1333
f 1330 	1323 	1211
f 1050 	1328 	1291
f 1171 	1156 	1289
f 1316 	1171 	1289
f 1287 	1146 	1331
f 1335 	1259 	1328
f 1316 	1289 	1317
f 374 	1336 	1353
f 1050 	1335 	1328
f 1287 	1331 	1225
f 1281 	1306 	1007
f 1294 	1471 	1461
f 1325 	736 	1383
f 1327 	1323 	1330
f 1461 	1317 	1294
f 1349 	1336 	380
f 1289 	1294 	1317
f 1689 	1332 	1329
f 1321 	1689 	1329
f 1324 	1335 	1120
f 1236 	1266 	1336
f 1333 	1421 	709
f 1033 	1451 	1337
f 1120 	1173 	1324
f 1211 	1253 	1330
f 1331 	1146 	1334
f 1329 	1332 	1449
f 449 	1338 	1344
f 1340 	1146 	1295
f 1253 	1322 	1330
f 1332 	1452 	1454
f 1146 	1340 	1334
f 1322 	1312 	1330
f 1338 	449 	374
f 323 	1339 	1039
f 844 	1410 	761
f 374 	1353 	1338
f 467 	539 	466
f 1227 	1334 	1340
f 1041 	1342 	1042
f 1228 	1227 	1340
f 1065 	1042 	1451
f 1451 	1042 	1343
f 1203 	1199 	1320
f 234 	1344 	1137
f 1310 	1326 	1327
f 1341 	160 	1399
f 1345 	1140 	939
f 1230 	1137 	1344
f 1424 	1410 	844
f 1347 	1346 	1203
f 1199 	1203 	1346
f 1392 	218 	1348
f 1344 	1338 	1230
f 440 	1349 	433
f 572 	588 	1358
f 1321 	1329 	1450
f 1349 	380 	433
f 1449 	1332 	1454
f 1347 	1203 	1345
f 1348 	1361 	1409
f 440 	406 	1349
f 539 	1259 	1260
f 939 	1586 	1345
f 1350 	588 	1341
f 1345 	1146 	1140
f 1343 	1042 	1342
f 1261 	1199 	1355
f 1346 	1355 	1199
f 1353 	1336 	1266
f 1294 	1451 	1343
f 1355 	1356 	1261
f 1220 	1359 	1360
f 1352 	1689 	1354
f 19 	1354 	1689
f 1351 	1689 	1352
f 1332 	1689 	1351
f 1266 	1298 	1353
f 1361 	599 	1358
f 1357 	1327 	1330
f 1362 	1252 	23
f 1298 	1338 	1353
f 1399 	1409 	1341
f 1364 	1327 	1365
f 1342 	1398 	1389
f 1462 	855 	852
f 523 	508 	1341
f 1367 	1621 	1366
f 1358 	1409 	1361
f 1350 	1409 	1358
f 1341 	1409 	1350
f 1363 	1360 	1366
f 1360 	1359 	1366
f 1359 	1369 	1366
f 1356 	1366 	1369
f 1682 	55 	1362
f 1371 	1377 	1068
f 7 	1371 	1068
f 1440 	1068 	1377
f 1361 	1348 	601
f 1357 	1365 	1327
f 1389 	1385 	1343
f 1366 	1346 	1367
f 1356 	1355 	1366
f 1355 	1346 	1366
f 1347 	1367 	1346
f 1491 	1371 	8
f 1489 	161 	1370
f 1376 	1374 	1375
f 1541 	1375 	1374
f 1310 	1327 	1364
f 1477 	1440 	1377
f 1369 	1359 	1220
f 1438 	143 	1073
f 1270 	1360 	1363
f 1368 	1370 	21
f 1365 	1379 	1364
f 24 	21 	1370
f 1325 	1380 	1333
f 1491 	1493 	1382
f 1491 	1382 	1371
f 1383 	1380 	1325
f 1419 	766 	1384
f 1218 	1384 	766
f 1697 	531 	1698
f 1381 	1304 	1385
f 944 	972 	1010
f 736 	711 	1383
f 1375 	26 	1376
f 1699 	1698 	539
f 1377 	1371 	1382
f 944 	968 	972
f 711 	1378 	1383
f 1421 	1333 	1380
f 1357 	1379 	1365
f 1387 	1153 	1246
f 944 	1010 	1208
f 53 	1376 	47
f 1421 	1380 	1388
f 1385 	1389 	1381
f 26 	47 	1376
f 944 	1208 	787
f 53 	107 	1376
f 1389 	1390 	1381
f 1386 	1372 	1195
f 667 	1424 	722
f 1376 	1433 	1684
f 1373 	1392 	1378
f 1380 	1383 	1392
f 1425 	1388 	1392
f 1425 	1392 	1418
f 1534 	1535 	933
f 1379 	1439 	1364
f 1383 	1378 	1392
f 708 	1420 	1396
f 1380 	1392 	1388
f 1376 	1684 	1374
f 1543 	1541 	1374
f 1543 	1374 	1526
f 1392 	1409 	1418
f 1392 	1348 	1409
f 1391 	1397 	1395
f 1387 	1246 	1405
f 1387 	1405 	1386
f 1543 	1276 	1541
f 1376 	1442 	1433
f 1432 	1442 	1376
f 1396 	1384 	1218
f 1396 	1218 	1217
f 1396 	1419 	1384
f 107 	128 	1376
f 1404 	1402 	1413
f 844 	722 	1424
f 147 	1376 	128
f 944 	808 	810
f 1386 	1405 	1372
f 1376 	1406 	1407
f 944 	810 	887
f 114 	134 	1453
f 1404 	1401 	1402
f 1403 	1398 	1411
f 1445 	1394 	1410
f 1408 	1406 	1376
f 1404 	1400 	1401
f 1453 	1410 	1458
f 1405 	1236 	1349
f 400 	1372 	1405
f 1343 	1342 	1389
f 1405 	415 	400
f 761 	1410 	1394
f 1443 	1418 	1409
f 1408 	1309 	1311
f 1349 	415 	1405
f 1424 	677 	1393
f 1408 	1311 	1406
f 400 	407 	1372
f 1416 	1372 	407
f 1404 	1312 	1400
f 1403 	1411 	1412
f 1253 	1400 	1312
f 1394 	1393 	761
f 67 	69 	1376
f 1191 	1189 	1567
f 69 	1408 	1376
f 1413 	1379 	1357
f 1416 	1197 	1372
f 777 	1104 	1400
f 1376 	1407 	1432
f 1412 	1411 	1417
f 756 	1418 	769
f 66 	67 	1376
f 1357 	1330 	1404
f 1309 	1408 	69
f 1195 	1372 	1197
f 709 	1421 	758
f 750 	1422 	852
f 1420 	1419 	1396
f 1404 	1413 	1357
f 766 	1419 	407
f 1419 	1416 	407
f 1406 	1311 	1407
f 767 	1197 	1420
f 1407 	1311 	1314
f 1419 	1420 	1416
f 1197 	1416 	1420
f 1412 	1417 	513
f 1330 	1312 	1404
f 1444 	1479 	1424
f 1398 	1339 	1411
f 1423 	1425 	1418
f 1423 	1418 	756
f 1414 	1391 	1395
f 1425 	1423 	1388
f 1426 	1427 	1428
f 1426 	1428 	1429
f 1458 	1410 	1424
f 513 	1417 	368
f 1388 	1423 	1421
f 1430 	305 	1429
f 1470 	1475 	1426
f 323 	368 	1417
f 1494 	1413 	1490
f 1427 	1475 	1428
f 1339 	1398 	1342
f 1414 	1395 	1415
f 1474 	1429 	1428
f 1379 	1413 	1494
f 283 	1470 	1426
f 282 	283 	1426
f 1376 	147 	66
f 1393 	1444 	1424
f 323 	1417 	1339
f 1189 	1222 	1409
f 1417 	1411 	1339
f 1379 	1494 	1488
f 1677 	753 	764
f 1429 	1478 	1430
f 1412 	1381 	1403
f 1431 	1459 	1397
f 1409 	1222 	35
f 1381 	1390 	1403
f 1687 	1681 	1422
f 1390 	1389 	1435
f 1435 	1389 	1398
f 1422 	750 	1687
f 1435 	1398 	1403
f 1437 	1439 	1434
f 1073 	1068 	1436
f 1438 	1073 	1436
f 1390 	1435 	1403
f 1434 	1612 	1441
f 89 	86 	1459
f 1013 	912 	1481
f 769 	1443 	1473
f 120 	1224 	1443
f 138 	1032 	179
f 1445 	1436 	1440
f 188 	218 	1113
f 1445 	1444 	1394
f 1440 	1444 	1445
f 1393 	1394 	1444
f 1539 	1381 	1412
f 1434 	1447 	1437
f 1136 	1113 	218
f 1252 	46 	123
f 1438 	1436 	143
f 1449 	1450 	1329
f 1410 	1453 	1445
f 80 	1276 	1483
f 1556 	160 	1013
f 121 	1443 	1409
f 1067 	1460 	1041
f 1276 	80 	1560
f 1065 	1451 	1033
f 112 	1459 	86
f 769 	1418 	1443
f 1434 	1441 	1447
f 1070 	1039 	1457
f 1458 	1424 	1479
f 1339 	1342 	1457
f 1460 	1457 	1342
f 1568 	1196 	1191
f 1332 	1448 	1452
f 900 	717 	844
f 1342 	1041 	1460
f 844 	717 	141
f 1568 	615 	1196
f 144 	1130 	1455
f 1457 	1460 	1067
f 144 	1121 	1130
f 141 	721 	844
f 1332 	1351 	1448
f 1461 	1521 	1317
f 1455 	166 	144
f 1441 	1463 	1447
f 1399 	1189 	1409
f 441 	539 	450
f 1455 	138 	166
f 1226 	1463 	1464
f 154 	906 	1462
f 1554 	1567 	1189
f 466 	539 	1260
f 1113 	1121 	144
f 1399 	1554 	1189
f 144 	188 	1113
f 1462 	852 	1422
f 1032 	138 	1455
f 1196 	615 	1202
f 1432 	1318 	1442
f 1463 	1226 	1310
f 218 	234 	1136
f 1137 	1136 	234
f 1442 	1318 	1319
f 1479 	820 	717
f 1500 	1467 	1465
f 1463 	1310 	1447
f 1433 	1442 	1319
f 615 	1209 	1202
f 869 	1453 	900
f 717 	900 	1453
f 1433 	1319 	1321
f 615 	628 	1209
f 1310 	1437 	1447
f 1453 	1458 	717
f 1458 	1479 	717
f 1467 	920 	1446
f 1251 	1209 	628
f 1469 	1433 	1321
f 1521 	1461 	1511
f 1364 	1437 	1310
f 1466 	1473 	1215
f 1232 	1215 	1473
f 1100 	1245 	1466
f 1364 	1439 	1437
f 258 	1470 	259
f 1321 	1450 	1469
f 1473 	1443 	1224
f 842 	1461 	1471
f 112 	1468 	1459
f 1472 	1474 	1470
f 869 	54 	1453
f 35 	1222 	120
f 1475 	1470 	1474
f 847 	842 	1471
f 161 	1489 	112
f 1427 	1426 	1475
f 176 	906 	154
f 1474 	1428 	1475
f 92 	60 	176
f 1474 	1472 	1429
f 1465 	1467 	1446
f 1620 	539 	441
f 1465 	1446 	1456
f 1252 	123 	631
f 1456 	928 	1465
f 1468 	1370 	1368
f 1252 	1251 	46
f 143 	1436 	145
f 1505 	567 	1465
f 46 	1251 	628
f 1445 	134 	1436
f 145 	1436 	134
f 1505 	1465 	928
f 1445 	1453 	134
f 1478 	911 	1430
f 1429 	1472 	1478
f 1407 	1314 	1432
f 1487 	1485 	1276
f 1559 	1487 	1276
f 1569 	1511 	1461
f 1479 	1444 	1477
f 1440 	1477 	1444
f 1432 	1314 	1318
f 766 	1245 	767
f 1472 	1567 	1478
f 1519 	1520 	1477
f 1377 	1519 	1477
f 1395 	1397 	539
f 1456 	944 	928
f 1536 	1546 	820
f 751 	717 	820
f 1431 	1590 	1480
f 1459 	1480 	89
f 1481 	1502 	1478
f 1480 	129 	89
f 1125 	1482 	1101
f 9 	655 	20
f 18 	20 	1485
f 1483 	1485 	20
f 1485 	1487 	18
f 1480 	1459 	1431
f 1484 	1401 	1400
f 1537 	1379 	1488
f 1502 	1481 	990
f 912 	990 	1481
f 1468 	1489 	1370
f 1483 	655 	80
f 1316 	1243 	1171
f 8 	158 	1491
f 1486 	1448 	1351
f 1478 	1554 	1481
f 1492 	1519 	1377
f 1488 	1490 	1537
f 1486 	1351 	1352
f 1241 	1238 	1316
f 1486 	1352 	1354
f 1017 	1014 	851
f 848 	851 	1014
f 1468 	112 	1489
f 19 	1486 	1354
f 1494 	1490 	1488
f 1620 	1395 	539
f 851 	1062 	1017
f 19 	168 	1486
f 1242 	1514 	1492
f 1242 	1492 	1491
f 1242 	1491 	156
f 158 	156 	1491
f 156 	150 	1242
f 1521 	1316 	1317
f 24 	1370 	161
f 1491 	1492 	1493
f 1505 	1656 	567
f 877 	1267 	1496
f 1620 	735 	612
f 1492 	177 	1493
f 33 	26 	185
f 1469 	1450 	1684
f 1620 	612 	70
f 1496 	70 	695
f 1470 	1495 	1472
f 1684 	1450 	1449
f 1276 	26 	1375
f 1490 	1413 	1402
f 612 	695 	70
f 215 	1302 	1540
f 1469 	1684 	1433
f 1498 	1490 	1402
f 1465 	1686 	1500
f 1241 	1316 	1274
f 1498 	1402 	1504
f 1243 	1316 	1238
f 1402 	1401 	1504
f 1514 	1242 	1254
f 388 	1508 	1507
f 1501 	1507 	1508
f 1401 	1484 	1504
f 389 	1513 	1512
f 1503 	1512 	1513
f 1288 	1506 	1299
f 1503 	1501 	1508
f 1503 	1508 	1512
f 1504 	1574 	1498
f 1513 	755 	1503
f 1565 	1514 	1254
f 48 	1452 	1448
f 1517 	1540 	1509
f 1495 	1518 	1499
f 1522 	1499 	1518
f 928 	908 	1505
f 1508 	388 	1528
f 1519 	210 	1520
f 307 	389 	1512
f 1470 	258 	1525
f 221 	1519 	1565
f 1524 	1374 	1684
f 1292 	1523 	1515
f 258 	263 	1525
f 1512 	1508 	398
f 1508 	1528 	398
f 395 	398 	1528
f 1524 	1526 	1374
f 1492 	1514 	1519
f 1292 	1515 	1293
f 1495 	1525 	1518
f 1525 	1522 	1518
f 1517 	1520 	210
f 1507 	1501 	1527
f 1509 	1510 	1517
f 1529 	1530 	98
f 1529 	98 	97
f 1520 	1536 	1477
f 1517 	1536 	1520
f 755 	1620 	1503
f 1532 	1529 	96
f 1533 	1529 	1532
f 97 	96 	1529
f 1470 	1525 	1495
f 1517 	210 	215
f 98 	1530 	95
f 1534 	95 	1530
f 1534 	1530 	1535
f 1543 	1526 	1549
f 1530 	1529 	1533
f 1530 	1533 	1535
f 1517 	1510 	1536
f 1534 	1532 	96
f 1534 	96 	95
f 1553 	847 	1471
f 1682 	1526 	1524
f 387 	1538 	1528
f 1527 	1528 	1538
f 1533 	578 	1535
f 1532 	531 	1533
f 578 	1533 	531
f 1537 	1434 	1439
f 1479 	1477 	820
f 1527 	1538 	1507
f 1526 	1682 	1362
f 1537 	1439 	1379
f 1008 	933 	1535
f 214 	135 	1560
f 1476 	1560 	135
f 1008 	1535 	578
f 1476 	185 	1560
f 1507 	1538 	387
f 1507 	387 	388
f 1537 	1490 	1434
f 1546 	1536 	1510
f 1542 	1526 	1362
f 1434 	1490 	1497
f 1527 	1501 	1620
f 1501 	1503 	1620
f 122 	267 	944
f 1000 	1546 	1547
f 1548 	1544 	1580
f 993 	995 	1540
f 1510 	1540 	1547
f 1542 	1549 	1526
f 1623 	1434 	1550
f 1527 	1545 	1551
f 1527 	1551 	1528
f 1547 	1546 	1510
f 1542 	22 	1552
f 1542 	1552 	1549
f 1000 	1197 	1546
f 767 	1546 	1197
f 1550 	1434 	1497
f 1542 	23 	22
f 1177 	1267 	1550
f 944 	267 	275
f 1477 	1536 	820
f 411 	1551 	1548
f 493 	409 	1580
f 1362 	23 	1542
f 1043 	1546 	690
f 411 	395 	1551
f 1528 	1551 	395
f 936 	944 	538
f 1304 	1553 	1471
f 1544 	1548 	1555
f 417 	1555 	1548
f 1539 	1553 	1304
f 418 	417 	1548
f 418 	1548 	1551
f 1532 	1534 	936
f 1532 	538 	531
f 695 	1101 	1482
f 631 	23 	1252
f 1556 	1481 	1554
f 538 	1532 	936
f 1545 	1557 	1551
f 418 	1551 	1557
f 1517 	215 	1540
f 1274 	1316 	1521
f 1487 	1559 	18
f 22 	18 	1559
f 1544 	1555 	1557
f 1544 	1557 	1545
f 1293 	1515 	1290
f 1556 	1013 	1481
f 1516 	1290 	1515
f 1557 	1555 	417
f 1552 	22 	1561
f 1559 	1561 	22
f 1558 	1117 	1563
f 886 	848 	1014
f 236 	214 	1560
f 1660 	1562 	1714
f 1558 	1563 	1490
f 136 	1564 	122
f 1565 	1254 	221
f 1375 	1541 	1276
f 1549 	1276 	1543
f 1552 	1276 	1549
f 1561 	1276 	1552
f 1516 	1515 	1506
f 1563 	1497 	1490
f 136 	871 	1564
f 1523 	1506 	1515
f 1558 	1490 	1498
f 1561 	1559 	1276
f 1485 	1483 	1276
f 1540 	1510 	1509
f 131 	1564 	867
f 1191 	1567 	1568
f 1546 	767 	690
f 1567 	1495 	1568
f 1567 	1472 	1495
f 1110 	1563 	1117
f 1499 	1568 	1495
f 1104 	1484 	1400
f 1554 	1478 	1567
f 1569 	842 	859
f 1607 	1506 	1523
f 1514 	1565 	1519
f 1544 	1545 	1620
f 1545 	1527 	1620
f 1571 	1544 	1620
f 1619 	1569 	859
f 578 	603 	1008
f 903 	1190 	600
f 1619 	859 	864
f 1484 	1104 	1572
f 603 	600 	1052
f 1568 	1573 	615
f 1104 	1574 	1572
f 35 	1502 	1576
f 1104 	1127 	1581
f 1138 	1061 	894
f 1576 	121 	1409
f 865 	1061 	1062
f 1516 	1506 	1288
f 1502 	121 	1576
f 851 	865 	1062
f 1575 	1578 	1579
f 1544 	1571 	1580
f 1045 	600 	1190
f 1290 	1516 	1288
f 1014 	1078 	886
f 1569 	1274 	1511
f 1409 	35 	1576
f 1140 	893 	939
f 842 	1569 	1461
f 1499 	1573 	1568
f 1140 	1138 	893
f 894 	893 	1138
f 1078 	904 	886
f 1573 	45 	628
f 1190 	903 	904
f 1127 	1117 	1581
f 1584 	687 	799
f 1573 	628 	615
f 1117 	1558 	1581
f 1575 	1584 	799
f 1563 	1110 	1550
f 1426 	1429 	305
f 1598 	1582 	1583
f 980 	1262 	923
f 1620 	486 	1577
f 1363 	1366 	1597
f 1604 	1363 	1597
f 919 	923 	1430
f 1620 	1577 	1570
f 1575 	1579 	1599
f 1558 	1498 	1581
f 493 	1580 	1577
f 493 	1577 	486
f 1367 	1347 	1589
f 1502 	990 	59
f 1548 	1580 	409
f 1523 	13 	1607
f 57 	59 	990
f 1523 	1531 	1582
f 1572 	1574 	1504
f 1570 	1577 	1585
f 503 	1585 	1577
f 1347 	1345 	1589
f 1504 	1484 	1572
f 1586 	1587 	1588
f 1586 	1588 	1589
f 1653 	1575 	1639
f 504 	503 	1577
f 504 	1577 	1580
f 1600 	1523 	1582
f 1651 	1578 	1575
f 1550 	1497 	1563
f 687 	1584 	651
f 1110 	1177 	1550
f 1590 	129 	1480
f 1571 	1591 	1580
f 504 	1580 	1591
f 1592 	295 	320
f 1591 	1571 	1585
f 1570 	1585 	1571
f 1584 	1655 	651
f 1482 	1125 	1613
f 1591 	1585 	503
f 1590 	49 	129
f 620 	1586 	939
f 1589 	1345 	1586
f 1596 	1605 	1597
f 1595 	1596 	1597
f 1597 	1621 	1595
f 1583 	1675 	1598
f 1594 	1625 	1595
f 1593 	513 	489
f 1575 	1599 	1584
f 1625 	1596 	1595
f 72 	1600 	137
f 1623 	1550 	1267
f 1587 	1602 	1588
f 847 	1593 	853
f 1299 	1601 	1620
f 1600 	1598 	137
f 1597 	1366 	1621
f 1506 	1601 	1299
f 1589 	1588 	1621
f 1588 	1602 	1621
f 1602 	1594 	1621
f 1594 	1595 	1621
f 72 	89 	49
f 1604 	1597 	1605
f 1579 	1642 	1599
f 1604 	213 	205
f 1579 	1578 	1642
f 1604 	269 	265
f 89 	129 	49
f 1607 	13 	1665
f 1631 	1283 	1282
f 1592 	4 	1603
f 1499 	1522 	1603
f 1592 	1603 	1522
f 1604 	265 	257
f 1600 	1582 	1598
f 1604 	257 	255
f 254 	1604 	255
f 489 	471 	1593
f 1604 	276 	269
f 1575 	1653 	1651
f 1605 	1646 	1644
f 1601 	1607 	1606
f 1525 	295 	1592
f 219 	213 	1604
f 4 	1592 	320
f 1604 	205 	1363
f 276 	1604 	1644
f 1525 	1592 	1522
f 320 	319 	4
f 1601 	1506 	1607
f 1612 	1463 	1441
f 137 	1675 	1671
f 1671 	72 	137
f 1608 	1601 	1606
f 847 	1553 	1593
f 227 	201 	1604
f 1620 	70 	1299
f 86 	72 	1671
f 121 	1502 	59
f 1610 	1680 	1611
f 1502 	35 	1617
f 254 	227 	1604
f 1603 	45 	1573
f 820 	1040 	1124
f 1603 	1573 	1499
f 1511 	1274 	1521
f 948 	1091 	1610
f 799 	948 	1610
f 1640 	1566 	864
f 1604 	200 	219
f 1603 	46 	45
f 1125 	1124 	1613
f 1478 	1502 	1617
f 13 	1415 	1395
f 1395 	1665 	13
f 201 	200 	1604
f 46 	1603 	1628
f 1619 	864 	1566
f 1367 	1589 	1621
f 71 	46 	1628
f 1626 	1638 	1625
f 1624 	1625 	1638
f 1602 	1626 	1594
f 57 	1000 	1617
f 1622 	1395 	1620
f 1626 	1625 	1594
f 1627 	1040 	985
f 1625 	1624 	1596
f 994 	1627 	985
f 994 	1269 	1627
f 1619 	1566 	1192
f 11 	1628 	4
f 1603 	4 	1628
f 1269 	1284 	1627
f 1669 	1680 	1610
f 11 	88 	1628
f 1632 	799 	1615
f 1627 	1284 	1283
f 1631 	1627 	1283
f 1632 	1575 	799
f 1282 	1464 	1612
f 755 	735 	1620
f 1464 	1463 	1612
f 1643 	862 	853
f 1664 	1639 	1632
f 1639 	1575 	1632
f 1631 	1282 	1612
f 1593 	471 	1643
f 1570 	1571 	1620
f 1434 	1637 	1612
f 1637 	1434 	1623
f 1614 	1618 	1635
f 1267 	877 	1623
f 1631 	1124 	1627
f 1627 	1124 	1040
f 1634 	1636 	1662
f 1640 	808 	1192
f 1612 	1124 	1631
f 1662 	1633 	1634
f 1667 	1636 	1638
f 1613 	1124 	1612
f 1612 	1637 	1613
f 1637 	1623 	1613
f 1582 	1531 	1635
f 1646 	1624 	1638
f 1276 	1560 	185
f 486 	1620 	441
f 1641 	1638 	1626
f 864 	887 	1640
f 1582 	1635 	1671
f 1192 	1566 	1640
f 1641 	1602 	1587
f 119 	91 	1649
f 1641 	1626 	1602
f 1624 	1646 	1596
f 1605 	1596 	1646
f 1651 	1642 	1578
f 1604 	1605 	1644
f 91 	119 	85
f 1629 	1630 	1644
f 1593 	1643 	853
f 25 	1639 	55
f 1664 	55 	1639
f 1663 	1647 	1608
f 1638 	1644 	1646
f 1644 	1633 	1629
f 1634 	1633 	1644
f 1650 	1649 	91
f 1650 	91 	90
f 1640 	810 	808
f 1644 	1636 	1634
f 90 	1652 	1650
f 90 	1648 	1652
f 1644 	1638 	1636
f 810 	1640 	887
f 1620 	1601 	1622
f 906 	176 	60
f 1653 	371 	385
f 1653 	385 	1651
f 1607 	1663 	1606
f 85 	130 	81
f 1657 	746 	435
f 1607 	1665 	1663
f 117 	130 	85
f 1651 	385 	386
f 1622 	1601 	1647
f 1608 	1647 	1601
f 733 	765 	1654
f 1656 	1505 	908
f 1654 	620 	733
f 1606 	1663 	1608
f 765 	1657 	1654
f 1656 	908 	862
f 1654 	1662 	620
f 1656 	862 	1643
f 1651 	412 	1642
f 117 	119 	1476
f 1649 	1476 	119
f 1652 	185 	1650
f 1476 	1650 	185
f 1648 	185 	1652
f 421 	1655 	1642
f 1655 	1584 	1599
f 1642 	1655 	1599
f 412 	1651 	386
f 1630 	1654 	1657
f 435 	1630 	1657
f 1630 	1629 	1654
f 1666 	1676 	55
f 1539 	1304 	1381
f 1586 	620 	1662
f 1593 	1553 	1412
f 1629 	1633 	1654
f 13 	40 	1415
f 1661 	1615 	1616
f 1412 	513 	1593
f 1632 	1615 	1664
f 1666 	55 	1661
f 1412 	1553 	1539
f 1661 	1616 	1666
f 1644 	1630 	276
f 1661 	55 	1664
f 435 	276 	1630
f 1664 	1615 	1661
f 1622 	1647 	1665
f 1663 	1665 	1647
f 1656 	471 	559
f 1660 	1635 	1531
f 1633 	1662 	1654
f 1622 	1665 	1395
f 1586 	1668 	1587
f 1531 	1562 	1660
f 58 	55 	1682
f 559 	566 	1656
f 1638 	1587 	1668
f 1641 	1587 	1638
f 1586 	1667 	1668
f 141 	1659 	142
f 1638 	1668 	1667
f 55 	1669 	1161
f 1662 	1636 	1667
f 55 	1680 	1669
f 1586 	1662 	1667
f 142 	1659 	771
f 1610 	1037 	1669
f 1673 	1670 	1672
f 566 	567 	1656
f 1674 	93 	1673
f 1670 	1673 	93
f 1682 	51 	58
f 1683 	1670 	92
f 93 	92 	1670
f 1582 	1671 	1675
f 176 	1683 	92
f 1675 	1583 	1582
f 40 	1414 	1415
f 1676 	1666 	1616
f 137 	1598 	1675
f 90 	93 	1648
f 1674 	1648 	93
f 1609 	1676 	1616
f 1680 	55 	1676
f 1609 	1611 	1676
f 1670 	47 	1672
f 13 	1679 	39
f 1677 	764 	1659
f 761 	1659 	764
f 1611 	1680 	1676
f 1422 	1681 	155
f 185 	1673 	1672
f 33 	185 	1678
f 185 	1672 	1678
f 1656 	1643 	471
f 1635 	1618 	1671
f 1648 	1674 	185
f 1673 	185 	1674
f 1523 	1600 	1679
f 47 	1683 	362
f 25 	362 	1683
f 194 	1703 	1618
f 920 	1500 	1686
f 1679 	13 	1523
f 25 	1683 	1180
f 1702 	194 	1614
f 1618 	1614 	194
f 1449 	1454 	1684
f 1452 	1684 	1454
f 1683 	47 	1670
f 1414 	40 	39
f 1703 	1704 	1618
f 1309 	69 	1685
f 1684 	1682 	1524
f 761 	1393 	1659
f 1391 	1414 	1679
f 1689 	1688 	66
f 753 	1677 	1687
f 1684 	1452 	48
f 1685 	66 	1688
f 48 	51 	1684
f 1685 	1688 	1311
f 1689 	1311 	1688
f 1682 	1684 	51
f 1465 	567 	1686
f 86 	1618 	149
f 108 	14 	1690
f 1645 	149 	1618
f 1414 	39 	1679
f 86 	1671 	1618
f 1692 	1693 	125
f 1590 	1431 	49
f 125 	1693 	1694
f 1679 	1600 	49
f 1645 	16 	149
f 29 	1696 	551
f 1698 	208 	1697
f 1391 	49 	1397
f 1689 	66 	147
f 105 	1690 	1691
f 29 	122 	1446
f 1677 	1659 	1017
f 1014 	1017 	1659
f 1679 	49 	1391
f 1690 	14 	1691
f 1692 	1691 	14
f 1693 	1692 	14
f 15 	19 	1689
f 14 	15 	1689
f 1689 	1695 	14
f 1694 	14 	1695
f 1693 	14 	1694
f 1014 	1659 	1078
f 14 	163 	15
f 1659 	141 	1078
f 122 	944 	1446
f 1687 	1677 	1017
f 1397 	49 	1431
f 1017 	1062 	1687
f 1681 	1687 	1062
f 1701 	552 	1696
f 1681 	1062 	1061
f 1702 	226 	1700
f 1700 	1707 	1699
f 1061 	155 	1681
f 142 	771 	79
f 1700 	1699 	1702
f 79 	203 	142
f 544 	552 	1701
f 1702 	1699 	195
f 546 	544 	1701
f 546 	1701 	1705
f 1706 	1700 	226
f 233 	175 	1645
f 451 	546 	1705
f 1715 	1705 	1701
f 920 	1696 	29
f 1707 	1700 	1706
f 1706 	1708 	1707
f 1705 	439 	451
f 1299 	1699 	1707
f 1686 	567 	1709
f 1709 	920 	1686
f 1715 	1701 	1709
f 559 	459 	1712
f 1446 	920 	29
f 1711 	1292 	1713
f 1712 	566 	559
f 567 	1715 	1709
f 1711 	1713 	1716
f 1660 	1711 	1635
f 1712 	1715 	566
f 1710 	1711 	1718
f 1717 	1716 	1713
f 459 	439 	1712
f 1710 	1718 	1714
f 1715 	567 	566
f 1292 	1717 	1713
f 439 	1705 	1712
f 1711 	1716 	1717
f 1712 	1705 	1715
f 1660 	1718 	1711
f 1696 	920 	1709
f 1292 	1299 	1707
f 1709 	1701 	1696
f 1292 	1707 	1711
f 1292 	1711 	1717
f 1711 	1707 	1614
f 1614 	1635 	1711
f 1714 	1562 	1710
f 1531 	1710 	1562
f 1523 	1292 	1710
f 1292 	1711 	1710
f 1523 	1710 	1531
f 1718 	1660 	1714
f 1645 	1618 	1704
f 1614 	226 	1702
f 1614 	1658 	226
f 1708 	226 	1658
f 1658 	1707 	1708
f 1658 	1614 	1707
f 175 	16 	1645
f 1704 	233 	1645
f 1699 	1299 	237
f 1699 	237 	1698
f 237 	208 	1698
f 1706 	226 	1708
f 237 	1299 	1305
f 872 	237 	1215
f 187 	233 	183
f 1704 	1703 	233
f 183 	233 	1703
f 194 	183 	1703
f 192 	16 	175
f 36 	37 	186
f 16 	192 	186
# 3452 faces

 #end of obj_0

