# Object Export From Tinkercad Server 2015

mtllib obj.mtl

o obj_0
v 6 		-213 		109.75
v 6 		-213 		105
v -6 		-213 		105
v -6 		-213 		109.75
v 62 		90.003 		76.003
v 62 		90.003 		75.997
v 62 		90 		76.003
v -61.782 		156.644 		88.697
v 62 		98.304 		75.997
v -61.494 		161.48 		88.683
v -61.76 		158.911 		87.667
v 62 		106 		75.997
v 9.366 		-210.943 		112.989
v -62 		90 		76.003
v -62 		91.003 		75.997
v 59.144 		-62.001 		90.998
v -62 		91.003 		76.003
v 58.372 		-62.102 		90.998
v 57.904 		-62.333 		90.998
v -12.871 		14.28 		88.304
v 57.3524 		-62.8836 		90.998
v 57.3519 		-62.8842 		90.998
v 37.872 		14.623 		88.425
v -13.971 		14.835 		88.287
v 56.062 		-143.752 		101.928
v -54.117 		-22.028 		90.544
v 56.722 		-141.034 		101.818
v 60.676 		-65.104 		90.998
v -62 		94.8295 		75.997
v 60.906 		-64.636 		90.998
v 61.008 		-64.125 		90.998
v -49.243 		-16.798 		90.127
v 57.352 		-65.104 		90.998
v 11.712 		-209.809 		114.116
v 57.122 		-64.636 		90.998
v -62 		106 		75.997
v 57.122 		-63.3519 		90.998
v 57.1219 		-63.3525 		90.998
v 57.02 		-64.125 		90.998
v 50.871 		-51.445 		90.37
v 33.65 		8.072 		86.12
v 10.594 		-210.355 		113.603
v -15.596 		15.037 		88.285
v 50.4998 		-52 		90.4208
v -57.643 		92.109 		70
v -58.111 		92.34 		70
v -58.663 		92.891 		70
v -58.893 		93.359 		70
v -58.995 		93.871 		70
v -14.568 		14.99 		88.283
v -58.851 		94.767 		70
v -58.8509 		94.7671 		70
v -58.986 		94.2619 		70
v -58.986 		94.2621 		70
v -58.663 		95.1111 		70
v -58.111 		95.663 		70
v -58.111 		95.663 		70
v -57.643 		95.893 		70
v 9.307 		-210.825 		114.322
v -55.109 		93.3591 		70
v -55.109 		93.359 		70
v -56.057 		150.893 		89.899
v -55.008 		93.871 		70
v -55.34 		92.891 		70
v -55.891 		92.34 		70
v -56.359 		92.109 		70
v -56.3591 		92.109 		70
v -57.132 		92.008 		70
v -57.1321 		92.008 		70
v -16.207 		14.952 		88.289
v 60.676 		-65.104 		94.43
v -56.7401 		95.986 		70
v 60.9918 		-64.0019 		94.3167
v 61.008 		-64.125 		94.3298
v -56.7399 		95.986 		70
v -56.359 		95.893 		70
v -55.7821 		95.59 		70
v -55.782 		95.59 		70
v -55.34 		95.111 		70
v -55.34 		95.1109 		70
v 60.906 		-64.636 		94.3827
v -64.082 		-19.403 		90.533
v -55.067 		94.519 		70
v -55.067 		94.5189 		70
v -56.7401 		95.986 		70
v -56.74 		95.986 		70
v 25.225 		16.587 		85.75
v -58.1109 		100.34 		70
v -58.111 		100.34 		70
v -58.4169 		100.585 		70
v -58.417 		100.585 		70
v -58.663 		100.891 		70
v -58.893 		101.359 		70
v -58.995 		101.871 		70
v -58.893 		102.643 		70
v -58.663 		103.111 		70
v -58.111 		103.663 		70
v -57.643 		103.893 		70
v -55.012 		102.0661 		70
v -55.012 		102.066 		70
v 43.632 		-144.724 		104.568
v -55.012 		102.066 		70
v -55.109 		101.3591 		70
v -64.061 		-17.438 		87.874
v -55.109 		101.359 		70
v -55.34 		100.891 		70
v -55.585 		100.585 		70
v -55.5851 		100.585 		70
v -55.891 		100.34 		70
v -56.359 		100.109 		70
v -56.871 		100.008 		70
v 57.4932 		-57.2807 		93.5488
v -56.8711 		100.008 		70
v 57.352 		-57.105 		93.5288
v 16.816 		25.104 		87.985
v -56.9361 		103.991 		70
v -56.936 		103.991 		70
v -56.3591 		103.893 		70
v -56.359 		103.893 		70
v -55.891 		103.663 		70
v -55.34 		103.111 		70
v -62.032 		152.252 		88.985
v -55.109 		102.643 		70
v -49.241 		-25.953 		88.23
v 57.122 		-56.637 		93.4773
v 55.34 		92.891 		70
v 55.34 		92.8911 		70
v 57.103 		-56.5418 		93.4671
v 29.438 		25.107 		88.045
v 59.5444 		-57.9166 		93.64
v -49.241 		-17.45 		87.644
v 57.132 		92.008 		70
v 59.1129 		-57.9641 		93.6397
v 57.1319 		92.008 		70
v 56.3591 		92.109 		70
v 56.359 		92.109 		70
v 55.891 		92.34 		70
v 55.8909 		92.34 		70
v 55.34 		92.891 		70
v 55.109 		93.359 		70
v 55.016 		93.7399 		70
v 55.016 		93.7401 		70
v 55.008 		94.132 		70
v 58.8836 		-57.9795 		93.6385
v -50.085 		-17.449 		87.655
v 58.5569 		-57.8843 		93.6246
v 58.2 		-57.8131 		93.6129
v 35.334 		-131.688 		102.728
v 55.109 		94.643 		70
v 55.34 		95.111 		70
v 55.34 		95.1111 		70
v 57.831 		-57.5668 		93.5827
v 55.8909 		95.663 		70
v 55.891 		95.663 		70
v 56.3589 		95.893 		70
v -62.052 		153.801 		87.49
v 56.359 		95.893 		70
v 57.1319 		95.995 		70
v 57.132 		95.995 		70
v 58.995 		93.871 		70
v 58.995 		93.8709 		70
v 58.893 		93.359 		70
v 58.663 		92.891 		70
v 58.663 		92.891 		70
v 58.111 		92.34 		70
v 58.111 		92.34 		70
v 57.643 		92.109 		70
v 59.8139 		-57.8175 		93.633
v 6.212 		-196.65 		113.167
v 57.643 		95.893 		70
v 57.6431 		95.8929 		70
v 58.417 		95.417 		70
v 58.417 		95.4169 		70
v 58.663 		95.111 		70
v 58.893 		94.6431 		70
v 58.893 		94.643 		70
v 58.986 		94.262 		70
v 58.986 		94.2619 		70
v 55.008 		102.132 		70
v 10.02 		19.86 		88.127
v 56.8711 		100.008 		70
v 56.871 		100.008 		70
v 56.359 		100.109 		70
v 4.178 		-197.17 		113.272
v 55.891 		100.34 		70
v 55.5851 		100.585 		70
v 55.585 		100.585 		70
v 55.34 		100.891 		70
v 55.109 		101.359 		70
v 55.109 		101.3591 		70
v 55.109 		102.6429 		70
v 9.92 		25.105 		85.447
v 56.9359 		103.991 		70
v 56.936 		103.991 		70
v 6.671 		22.457 		85.517
v 4.447 		-197.196 		113.275
v 55.109 		102.643 		70
v 55.34 		103.111 		70
v 55.891 		103.663 		70
v 56.359 		103.893 		70
v 56.9361 		103.991 		70
v 50.647 		-160.385 		106.741
v 58.264 		100.462 		70
v 58.2639 		100.4619 		70
v 58.986 		102.2621 		70
v 58.986 		102.2619 		70
v 58.995 		101.871 		70
v 58.995 		101.8709 		70
v 4.717 		-197.195 		113.273
v 58.851 		101.235 		70
v 58.851 		101.2349 		70
v -62.267 		147.57 		88.222
v 58.2641 		100.4621 		70
v -11.102 		10.539 		88.439
v 57.643 		100.109 		70
v 57.6429 		100.109 		70
v -11.373 		9.338 		88.487
v -11.541 		8.961 		88.503
v 57.643 		103.893 		70
v 58.111 		103.663 		70
v 58.663 		103.111 		70
v 58.893 		102.643 		70
v 58.9446 		-65.9839 		74
v 58.368 		-65.886 		74
v 60.12 		-65.656 		74
v 59.652 		-65.886 		74
v 58.9455 		-65.9839 		74
v 58.945 		-65.984 		74
v 5.249 		-197.113 		113.255
v 57.9 		-65.656 		74
v 57.016 		-64.125 		74
v 57.1179 		-63.3525 		74
v 57.118 		-63.3519 		74
v 50.052 		-161.613 		106.511
v 57.118 		-64.636 		74
v 61.005 		-64.125 		74
v 60.903 		-64.636 		74
v 60.673 		-65.104 		74
v 57.348 		-65.104 		74
v -11.198 		9.93 		88.463
v 57.3479 		-62.8842 		74
v 57.3484 		-62.8836 		74
v 57.9 		-62.333 		74
v 58.368 		-62.102 		74
v 59.14 		-62.001 		74
v 60.1204 		-62.3334 		74
v 60.673 		-62.884 		74
v 59.652 		-62.102 		74
v 60.1197 		-62.3329 		74
v 60.1201 		-62.3331 		74
v 60.903 		-63.352 		74
v 59.6522 		-57.8869 		74
v 59.6518 		-57.887 		74
v 3.303 		25.102 		87.96
v 5.754 		-196.929 		113.219
v 58.88 		-57.972 		74
v 58.8795 		-57.9719 		74
v 57.352 		-65.104 		94.3899
v 58.8803 		-57.972 		74
v 58.2439 		-57.8449 		74
v -61.946 		155.016 		89.821
v 57.5944 		-57.4112 		74
v 57.5938 		-57.4108 		74
v 57.016 		-56.126 		74
v 57.118 		-55.353 		74
v 60.906 		-63.352 		94.2427
v 57.118 		-56.637 		74
v 61.0049 		-55.8656 		74
v 61.005 		-55.865 		74
v 61.005 		-55.8654 		74
v 60.9031 		-55.3534 		74
v 54.438 		-149.367 		102.683
v 60.6726 		-57.1054 		74
v 60.6728 		-57.1052 		74
v 24.389 		2.828 		88.823
v 60.6731 		-57.1048 		74
v 26.91 		6.758 		88.654
v 60.1808 		-62.3706 		94.1227
v 60.4148 		-62.6233 		94.1542
v 60.676 		-62.884 		94.187
v -6.774 		-40.351 		91.641
v 60.903 		-55.353 		74
v 59.656 		-62.102 		94.0854
v 59.8816 		-62.2134 		94.1009
v 57.348 		-57.105 		74
v -12.583 		-48.192 		92.362
v 58.9451 		-54.006 		74
v 58.9455 		-54.0061 		74
v 57.639 		-62.5975 		94.113
v 57.348 		-54.885 		74
v 57.9 		-54.334 		74
v 58.368 		-54.103 		74
v -11.157 		11.566 		88.4
v 58.372 		-62.102 		94.0676
v 58.9446 		-54.0061 		74
v 59.144 		-62.001 		94.067
v 59.652 		-54.103 		74
v 60.12 		-54.334 		74
v 60.673 		-54.885 		74
v 57.904 		-62.333 		94.087
v 53.72 		-151.059 		104.032
v -6.769 		-44.03 		89.434
v 21.013 		8.069 		86.05
v -6.769 		-43.2311 		84.8067
v -11.301 		12.165 		88.377
v 57.2528 		-63.0656 		94.1601
v 5.72 		-196.934 		111.22
v 57.1443 		-63.2861 		94.1833
v 57.122 		-64.636 		94.3343
v 57.0669 		-63.7698 		94.2365
v 5.045 		-197.157 		111.22
v 6.671 		3.526 		86.201
v 57.02 		-64.125 		94.2756
v -22.052 		-42.962 		89.382
v 54.547 		-148.423 		104.1
v -32.063 		-42.959 		89.433
v 6.671 		11.108 		85.884
v 13.418 		6.756 		88.6
v 3.407 		-196.938 		113.235
v 2.946 		-196.663 		113.189
v 3.914 		-197.119 		113.264
v -24.48 		-34.464 		88.672
v -62.531 		143.984 		89.684
v 54.907 		-147.782 		105.016
v -6.769 		-52 		86.003
v -24.7283 		-52 		90.2681
v -20.0458 		-52 		90.2441
v -6.769 		-52.9742 		86.003
v -11.516 		12.696 		85.836
v -27.8789 		-52 		90.2911
v -11.831 		13.226 		85.818
v -62.55 		143.527 		87.148
v -62.548 		141.608 		87.856
v 58.7318 		-54.0425 		93.2522
v -15.7342 		-52 		90.2344
v -8.4765 		-52 		90.2101
v -6.8539 		-52 		90.1805
v -6.769 		-51.797 		90.16
v 59.0225 		-54.0045 		93.254
v -6.769 		-52 		90.181
v 59.2162 		-54.0427 		93.2612
v 59.268 		-54.0498 		93.2628
v -6.776 		-63.867 		93.927
v 57.904 		-54.334 		93.2642
v 58.372 		-54.103 		93.2512
v 3.637 		-197.034 		111.22
v 57.9 		-54.338 		93.2645
v -62.349 		145.973 		88.866
v 3.321 		-203.617 		114.394
v -7.882 		123.122 		88.859
v -62.566 		141.157 		88.587
v -12.361 		13.855 		85.796
v 61.0063 		-55.8918 		93.4638
v -3.323 		-56.031 		93.109
v 53.563 		-152.144 		103.058
v 60.906 		-55.353 		93.412
v 60.9459 		-55.5877 		93.4345
v -13.002 		14.369 		85.779
v 59.656 		-54.103 		93.2744
v 60.124 		-54.334 		93.3039
v 60.676 		-54.885 		93.3646
v -13.924 		14.824 		85.766
v -14.521 		14.977 		85.762
v -7.876 		123.117 		89.111
v 6.671 		-202.432 		111.602
v -16.158 		14.957 		85.768
v -37.25 		-48.186 		92.472
v -62.936 		133.787 		89.365
v -62.953 		131.336 		87.553
v -38.802 		-42.956 		89.482
v -10.129 		123.99 		89.142
v 53.321 		-152.855 		105.7
v 60.9831 		-56.1342 		93.4859
v -15.134 		15.05 		85.761
v 60.5886 		-57.209 		93.5791
v 60.948 		-56.2385 		93.495
v -8.999 		123.79 		89.134
v 60.7564 		-56.9579 		93.5586
v -8.404 		123.508 		89.124
v -9.637 		123.949 		89.14
v -50.085 		-34.453 		88.887
v 6 		-202.432 		109.75
v -57.998 		-34.448 		88.996
v -56.057 		-48.177 		92.661
v -15.547 		15.045 		85.763
v 52.935 		-153.473 		104.793
v 63.16 		123.99 		89.081
v 63.131 		123.968 		87.865
v 52.484 		-154.78 		104.761
v 52.641 		-154.913 		103.436
v 4.157 		-205.845 		112.2
v -10.129 		123.99 		88.89
v 50.876 		117.04 		86.286
v 53.452 		130.188 		86.685
v 52.881 		-153.741 		103.967
v 62.966 		130.134 		86.734
v -57.2514 		-63.0645 		94.141
v 60.5699 		-57.237 		93.5818
v -13.54 		14.671 		85.77
v -8.409 		123.511 		88.872
v -57.1422 		-63.2865 		94.1626
v -57.12 		-64.636 		94.3016
v 63.028 		127.335 		87.565
v 7.714 		-211.39 		114.644
v -57.0653 		-63.7666 		94.2112
v 60.3895 		-57.3754 		93.594
v -57.018 		-64.125 		94.2476
v -9.003 		123.791 		88.882
v 7.76 		-211.489 		113.1
v 5.719 		-212.057 		113.215
v -60.674 		-65.104 		94.3946
v -57.35 		-65.104 		94.3528
v -61.006 		-64.125 		94.2977
v -60.904 		-63.352 		94.2166
v -9.638 		123.95 		88.888
v -60.904 		-64.636 		94.3491
v 4.573 		-212.318 		113.267
v -11.144 		11.519 		85.88
v -11.291 		12.12 		85.857
v -60.674 		-62.884 		94.1654
v -60.411 		-62.6215 		94.135
v -60.1786 		-62.3704 		94.1062
v -59.8808 		-62.2139 		94.0863
v 57.9 		119.671 		88.925
v -59.654 		-62.102 		94.0719
v 6.905 		-211.652 		114.492
v -57.6356 		-62.5989 		94.0978
v 7.942 		-211.355 		113.821
v -59.142 		-62.001 		94.055
v -11.84 		8.482 		86.001
v -58.37 		-62.102 		94.0558
v -57.902 		-62.333 		94.0737
v 57.02 		-56.126 		93.4239
v 57.0346 		-56.0155 		93.4127
v -11.397 		9.292 		85.967
v -11.111 		10.491 		85.919
v -6.974 		121.774 		88.813
v 5.718 		-211.991 		114.563
v -6.79 		120.82 		88.782
v -11.205 		9.88 		85.943
v -6.914 		121.606 		89.06
v 7.213 		-211.622 		113.482
v 33.65 		130.184 		86.617
v 51.671 		-157.667 		103.815
v 4.546 		-212.278 		114.624
v -6.769 		120.629 		89.028
v -7.096 		122.066 		89.075
v 40.389 		130.184 		89.156
v -7.306 		122.431 		88.835
v -7.434 		122.63 		89.094
v 51.889 		-156.71 		105.813
v 2.288 		-212.712 		113.344
v 39.398 		122.884 		89.172
v -57.12 		-56.637 		93.5029
v -57.12 		-55.353 		93.377
v 38.637 		123.508 		89.188
v -57.018 		-56.126 		93.4517
v -57.4904 		-57.2796 		93.5702
v 38.197 		123.734 		89.194
v -60.5671 		-57.238 		93.601
v -60.981 		-56.1354 		93.4976
v 36.912 		123.99 		89.197
v -60.7549 		-56.957 		93.5756
v -60.9457 		-56.2404 		93.5075
v 37.727 		123.885 		89.197
v -58.37 		-54.103 		93.2686
v -57.902 		-54.334 		93.2859
v 1.367 		-212.823 		113.952
v -58.7284 		-54.0427 		93.2667
v -57.35 		-57.105 		93.5515
v -57.35 		-54.885 		93.3337
v -61.0043 		-55.8919 		93.4739
v 52.014 		-156.262 		104.316
v -60.944 		-55.5886 		93.4435
v -60.904 		-55.353 		93.4199
v -60.122 		-54.334 		93.3111
v -59.654 		-54.103 		93.2831
v -60.674 		-54.885 		93.3714
v -59.0209 		-54.0045 		93.2663
v -59.2155 		-54.0428 		93.2722
v 6.671 		-202.432 		104.3547
v -30.138 		123.99 		89.176
v -23.351 		123.99 		89.16
v -6.769 		5.722 		86.115
v 57.122 		-55.353 		93.3504
v 57.187 		-55.2207 		93.3385
v 36.912 		123.99 		88.945
v 6 		-202.432 		105
v 37.403 		123.95 		88.946
v -59.5417 		-57.9167 		93.656
v 51.182 		-158.453 		105.49
v -2.461 		-135.166 		103.172
v -16.899 		119.662 		89.008
v -59.1123 		-57.964 		93.6557
v -58.368 		-65.886 		74
v -58.9446 		-65.9839 		74
v -58.8816 		-57.9795 		93.6546
v -2.19 		-134.715 		103.106
v -57.9 		-65.656 		74
v -58.945 		-65.984 		74
v -58.9455 		-65.9839 		74
v -59.652 		-65.886 		74
v -60.12 		-65.656 		74
v -58.1977 		-57.8129 		93.6305
v -58.5528 		-57.8837 		93.6415
v -60.673 		-65.104 		74
v -60.903 		-64.636 		74
v -57.8308 		-57.568 		93.6023
v -61.005 		-64.125 		74
v -57.348 		-65.104 		74
v 52.03 		-156.096 		104.728
v -60.673 		-62.884 		74
v -60.1204 		-62.3334 		74
v -60.1201 		-62.3331 		74
v -60.1197 		-62.3329 		74
v -59.652 		-62.102 		74
v -60.903 		-63.352 		74
v -59.8129 		-57.8171 		93.6493
v -1.959 		-134.449 		103.067
v -60.3855 		-57.3774 		93.6126
v -59.14 		-62.001 		74
v -58.368 		-62.102 		74
v -57.9 		-62.333 		74
v -57.3484 		-62.8836 		74
v -57.3479 		-62.8842 		74
v -59.6518 		-57.887 		74
v 38.633 		123.511 		88.936
v -59.6522 		-57.8869 		74
v -58.88 		-57.972 		74
v -58.8795 		-57.9719 		74
v -57.5938 		-57.4108 		74
v -57.5944 		-57.4112 		74
v -58.2439 		-57.8449 		74
v -58.8803 		-57.972 		74
v -6.769 		101.482 		88.475
v -57.118 		-64.636 		74
v -57.118 		-63.3519 		74
v -57.1179 		-63.3525 		74
v -57.016 		-64.125 		74
v -61.0049 		-55.8656 		74
v -61.005 		-55.8654 		74
v -61.005 		-55.865 		74
v -60.9031 		-55.3534 		74
v 39.16 		123.121 		88.926
v -60.6726 		-57.1054 		74
v -60.6728 		-57.1052 		74
v -60.6731 		-57.1048 		74
v -3.419 		98.627 		88.141
v -1.401 		-134.017 		103.004
v -60.903 		-55.353 		74
v -57.348 		-57.105 		74
v -58.9451 		-54.006 		74
v -58.9455 		-54.0061 		74
v -60.673 		-54.885 		74
v -60.12 		-54.334 		74
v -59.652 		-54.103 		74
v -58.9446 		-54.0061 		74
v -58.368 		-54.103 		74
v -57.9 		-54.334 		74
v -57.348 		-54.885 		74
v -12.251 		7.955 		88.546
v -57.118 		-55.353 		74
v -57.016 		-56.126 		74
v -57.118 		-56.637 		74
v -0.917 		-133.802 		102.973
v -6.769 		114.481 		88.581
v -10.121 		6.755 		88.591
v -6.769 		106 		82.4005
v -6.769 		113.548 		86.041
v -0.403 		-133.676 		102.955
v -11.3764 		106 		85.8547
v -9.1129 		106 		85.8497
v -6.769 		106 		85.8446
v -6.769 		109.089 		85.925
v -0.049 		-133.652 		102.951
v -23.0582 		106 		85.8526
v -17.6445 		106 		85.841
v 40.273 		120.629 		88.854
v 57.352 		-54.885 		93.309
v 50.654 		-160.401 		104.197
v 40.207 		121.286 		89.126
v 40.272 		120.629 		89.106
v 40.164 		121.458 		88.879
v -35.432 		130.185 		86.622
v 49.294 		-163.33 		106.187
v -36.897 		130.184 		89.146
v 51.1679 		-52 		90.4274
v 60.6758 		-57.1052 		90.998
v 60.6756 		-57.1054 		90.998
v -12.55 		7.67 		88.558
v -13.049 		7.307 		88.575
v -15.808 		6.689 		88.609
v 60.6761 		-57.1048 		90.998
v -14.884 		6.686 		88.606
v 58.8843 		-57.972 		90.998
v 58.8835 		-57.9719 		90.998
v 58.2479 		-57.8449 		90.998
v -13.976 		6.863 		88.596
v 58.884 		-57.972 		90.998
v -2.715 		-135.999 		103.293
v 57.5984 		-57.4112 		90.998
v 57.5978 		-57.4108 		90.998
v -2.715 		-135.999 		103.293
v 59.6562 		-57.8869 		90.998
v 59.6558 		-57.887 		90.998
v -2.725 		-136.523 		103.37
v -2.715 		-135.999 		103.293
v 49.192 		-163.693 		105.368
v 36.182 		117.036 		86.212
v -2.715 		-135.999 		103.293
v 50.2 		-161.046 		105.425
v -2.715 		-135.999 		103.293
v -2.644 		-137.04 		103.446
v 39.941 		122.075 		88.897
v 39.79 		122.357 		89.157
v -15.858 		6.691 		86.087
v 63.602 		107.2 		86.136
v -37.01 		123.99 		88.945
v 63.68 		103.592 		88.579
v -37.01 		123.99 		89.197
v -14.025 		6.853 		86.074
v -14.83 		6.683 		86.084
v -2.279 		-137.831 		103.562
v 40.272 		105.735 		88.692
v -2.531 		-137.372 		103.495
v -37.503 		123.949 		89.197
v 58.897 		102.644 		88.5229
v 58.115 		103.664 		88.537
v 58.667 		103.112 		88.5304
v 57.647 		103.894 		88.5379
v -13.269 		7.176 		86.059
v -37.746 		123.897 		88.945
v -0.049 		-139.029 		103.738
v -0.574 		-138.971 		103.73
v 57.5539 		100.0873 		88.4618
v 58.9664 		102.3597 		88.5178
v 58.9913 		102.1805 		88.5145
v 58.998 		101.8884 		88.5088
v -1.746 		-138.404 		103.646
v 58.8081 		101.1502 		88.4927
v -1.08 		-138.823 		103.708
v 58.3665 		100.569 		88.4777
v 58.2303 		100.433 		88.474
v 58.1152 		100.3761 		88.4719
v 57.647 		100.11 		88.463
v 58.9733 		101.7431 		88.5057
v 58.8655 		101.267 		88.4954
v -12.591 		7.641 		86.037
v 56.363 		103.894 		88.528
v 56.7922 		103.9669 		88.5327
v 56.9233 		103.993 		88.5343
v 57.1214 		103.9668 		88.5353
v 42.074 		-157.759 		103.846
v 55.0878 		102.5003 		88.4904
v 55.112 		102.644 		88.4934
v -38.298 		123.733 		89.193
v 55.343 		103.112 		88.5045
v 55.894 		103.664 		88.5197
v 42.075 		-156.291 		106.182
v 56.9701 		100.0109 		88.4558
v 56.875 		100.009 		88.455
v 55.5283 		100.6606 		88.4574
v 55.343 		100.892 		88.4605
v -38.448 		123.662 		88.94
v 55.894 		100.341 		88.4539
v 55.6625 		100.5264 		88.4558
v 55.012 		102.1167 		88.4822
v 56.363 		100.11 		88.453
v 64 		-59.6207 		91.336
v 55.0881 		101.5339 		88.4713
v 64 		-52 		90.6065
v 64 		-53.2906 		90.7303
v 55.112 		101.36 		88.468
v -39.011 		123.324 		89.183
v 57.352 		-57.105 		90.998
v 62 		106 		86.1064
v 47.6127 		106 		86.0424
v 54.003 		106 		82.003
v 56.2602 		106 		86.0859
v -39.013 		123.322 		88.931
v -17.174 		14.601 		88.305
v 29.446 		-147.331 		104.933
v -39.498 		122.882 		89.171
v -17.706 		14.289 		88.318
v -19.209 		12.366 		88.393
v -18.939 		12.924 		88.372
v -18.465 		13.595 		88.345
v 58.897 		102.644 		86.998
v 58.115 		103.664 		86.998
v 58.667 		103.112 		86.998
v 57.647 		103.894 		86.998
v 57.6469 		100.11 		86.998
v 58.99 		102.2631 		86.998
v 58.99 		102.2629 		86.998
v 58.999 		101.872 		86.998
v 58.8549 		101.2359 		86.998
v 58.2681 		100.4631 		86.998
v 58.2678 		100.4629 		86.998
v 57.647 		100.11 		86.998
v 58.2679 		100.463 		86.998
v 58.999 		101.8718 		86.998
v 58.855 		101.236 		86.998
v 0.477 		-133.704 		102.959
v 1.103 		-133.915 		102.99
v -64 		-52 		79.994
v 56.363 		103.894 		86.998
v 56.9398 		103.992 		86.998
v 2.324 		-135.077 		103.159
v 56.94 		103.992 		86.998
v 56.9402 		103.992 		86.998
v 55.112 		102.6438 		86.998
v 55.112 		102.644 		86.998
v -54.003 		-52 		80.003
v -56.003 		-52 		80.003
v 55.343 		103.112 		86.998
v 55.894 		103.664 		86.998
v -56.003 		-52 		79.994
v 1.758 		-134.355 		103.054
v -54.003 		-52 		86.003
v -39.889 		122.354 		89.157
v -40.17 		121.759 		89.14
v 56.8751 		100.009 		86.998
v 56.875 		100.009 		86.998
v 55.5879 		100.5861 		86.998
v 55.343 		100.892 		86.998
v -39.501 		122.879 		88.919
v 2.11 		-134.745 		103.11
v 55.894 		100.341 		86.998
v 55.5881 		100.5859 		86.998
v 55.011 		102.133 		86.998
v 56.363 		100.11 		86.998
v -19.49 		10.752 		88.456
v 55.112 		101.3602 		86.998
v -18.837 		8.611 		88.539
v -19.206 		9.346 		88.51
v 55.112 		101.36 		86.998
v -54.003 		90 		76.003
v 54.003 		90 		76.003
v -54.003 		106 		75.997
v -39.892 		122.349 		88.905
v 54.003 		106 		75.997
v -19.424 		10.138 		88.48
v -57.348 		-65.104 		79.994
v -60.903 		-64.636 		79.994
v -61.005 		-64.125 		79.994
v 57.122 		-56.637 		90.998
v 40.272 		105.686 		88.438
v 57.02 		-56.126 		90.998
v -60.673 		-65.104 		79.994
v 3.321 		-136.904 		103.426
v 2.626 		-136.078 		103.305
v -40.173 		121.753 		88.887
v 2.48 		-135.439 		103.212
v -58.368 		-62.102 		79.994
v -57.9 		-62.333 		79.994
v -60.673 		-62.884 		79.994
v -60.903 		-63.352 		79.994
v -59.14 		-62.001 		79.994
v -19.383 		11.774 		88.416
v -59.652 		-62.102 		79.994
v -19.479 		11.165 		88.44
v 2.588 		-136.864 		103.42
v -40.33 		121.122 		89.121
v -60.229 		-62.405 		79.994
v 2.639 		-136.341 		103.343
v -6.769 		-142.171 		101.658
v -54.003 		90.003 		75.997
v -54.998 		90.003 		75.997
v 18.486 		119.662 		89.011
v -54.003 		90.003 		76.003
v 25.225 		119.663 		89.026
v -18.722 		-147.33 		104.954
v -54.998 		90.003 		76.003
v -60.427 		-57.411 		79.994
v -58.995 		93.871 		75.997
v -57.643 		92.109 		75.997
v -58.893 		93.359 		75.997
v -60.011 		-57.729 		79.994
v -40.335 		121.034 		88.866
v -58.663 		92.891 		75.997
v -59.399 		-57.954 		79.994
v -58.111 		92.34 		75.997
v -58.134 		-57.772 		79.994
v -58.879 		-57.989 		79.994
v -19.013 		12.788 		85.855
v 2.435 		-137.367 		103.494
v 2.11 		-137.936 		103.577
v -40.371 		120.285 		88.844
v -57.643 		95.893 		75.997
v -57.344 		-59.7717 		79.994
v -32.063 		-142.116 		101.639
v -18.564 		13.476 		85.829
v -58.111 		95.663 		75.997
v -17.662 		14.313 		85.795
v -58.893 		94.643 		75.997
v 10.031 		123.99 		88.89
v -24.48 		-142.116 		101.638
v -58.417 		95.417 		75.997
v -40.371 		119.666 		88.825
v -57.016 		-64.125 		79.994
v -57.118 		-64.636 		79.994
v 10.031 		123.99 		89.142
v 9.538 		123.949 		89.14
v -57.16 		-63.228 		79.994
v -40.37 		118.882 		88.802
v 9.255 		123.895 		88.886
v 0.983 		-138.822 		103.708
v 0.477 		-138.977 		103.731
v 8.594 		123.662 		89.13
v 8.663 		123.694 		88.879
v -56.359 		92.109 		75.997
v -57.066 		92.012 		75.997
v -55.891 		92.34 		75.997
v -2.857 		-156.282 		106.356
v -35.432 		117.036 		86.206
v -55.012 		93.936 		75.997
v 1.335 		-138.641 		103.681
v -55.109 		93.359 		75.997
v -55.34 		92.891 		75.997
v -16.898 		-156.284 		106.312
v -40.37 		116.991 		88.746
v -20.607 		-156.285 		106.292
v -54.998 		91.003 		75.997
v 6.671 		129.307 		86.551
v -17.131 		14.628 		85.782
v -19.912 		-157.752 		103.974
v -32.063 		-157.756 		103.897
v -54.003 		94.208 		75.997
v 7.776 		123.115 		89.111
v -54.998 		91.003 		76.003
v -56.871 		95.995 		75.997
v -56.3 		95.864 		75.997
v -57.262 		95.986 		75.997
v 8.118 		123.387 		88.868
v -6.769 		-149.227 		102.718
v -55.109 		94.643 		75.997
v -55.34 		95.111 		75.997
v -55.782 		95.59 		75.997
v 57.904 		-54.334 		90.998
v 58.372 		-54.103 		90.998
v 58.9486 		-54.0061 		90.998
v 57.352 		-54.885 		90.998
v -63.492 		115.615 		88.858
v 59.656 		-54.103 		90.998
v 60.124 		-54.334 		90.998
v 60.676 		-54.885 		90.998
v -63.399 		117.012 		87.437
v 58.9495 		-54.0061 		90.998
v -0.049 		-133.652 		97.643
v 58.9491 		-54.006 		90.998
v -2.243 		-134.804 		97.643
v -2.3335 		-134.9721 		96.0714
v -2.2065 		-134.7521 		96.0444
v -1.7314 		-134.2772 		95.9861
v -1.585 		-134.147 		97.643
v -57.348 		-57.105 		79.994
v -60.903 		-55.353 		79.994
v -61.001 		-55.93 		79.994
v -63.098 		127.04 		88.128
v 7.639 		122.984 		88.854
v -63.256 		123.99 		86.559
v -63.283 		121.386 		87.102
v -60.861 		-56.761 		79.994
v -60.945 		-56.513 		79.994
v 6.671 		-134.94 		100.596
v -19.227 		9.389 		85.987
v 60.906 		-55.353 		90.998
v -18.966 		8.829 		86.008
v 10.033 		119.662 		88.999
v 60.9061 		-55.3534 		90.998
v -0.2463 		-133.681 		95.9129
v -0.516 		-133.693 		97.643
v 61.008 		-55.865 		90.998
v 61.008 		-55.8654 		90.998
v 61.0079 		-55.8656 		90.998
v -19.488 		11.009 		85.924
v -19.395 		9.984 		85.964
v -57.348 		-54.885 		79.994
v 57.122 		-55.353 		90.998
v 6.776 		121.444 		89.055
v -60.673 		-54.885 		79.994
v -60.12 		-54.334 		79.994
v -59.652 		-54.103 		79.994
v -59.14 		-54.002 		79.994
v -1.585 		-134.147 		95.9701
v 6.671 		120.629 		89.028
v -58.368 		-54.103 		79.994
v -57.9 		-54.334 		79.994
v -1.3307 		-134.0157 		95.954
v -58.111 		100.34 		75.997
v -63.076 		127.963 		87.367
v -58.663 		100.891 		75.997
v -57.391 		100.042 		75.997
v -0.8089 		-133.7723 		95.9241
v -58.995 		101.871 		75.997
v -0.5802 		-133.7103 		95.9165
v -19.377 		11.825 		85.893
v -58.893 		101.359 		75.997
v 7.244 		122.499 		88.838
v 3.321 		119.661 		88.743
v -57.016 		-56.126 		79.994
v -57.118 		-56.637 		79.994
v -57.118 		-55.353 		79.994
v -58.111 		103.663 		75.997
v -57.643 		103.893 		75.997
v -58.663 		103.111 		75.997
v -0.049 		-133.652 		95.9093
v -58.893 		102.643 		75.997
v 6.927 		121.914 		89.07
v -62.98 		130.802 		88.476
v -56.359 		100.109 		75.997
v -56.871 		100.008 		75.997
v -2.575 		-137.26 		97.643
v 6.945 		121.95 		88.819
v -55.34 		100.891 		75.997
v -55.109 		101.359 		75.997
v -55.016 		101.74 		75.997
v -33.748 		98.631 		88.48
v -2.7066 		-135.9944 		96.197
v -40.37 		101.922 		88.599
v -57.12 		-63.3519 		90.998
v -55.008 		102.132 		75.997
v -57.12 		-64.636 		90.998
v -55.891 		100.34 		75.997
v -57.1199 		-63.3525 		90.998
v -57.018 		-64.125 		90.998
v -2.6275 		-135.6376 		96.1531
v -2.5322 		-135.3253 		96.1148
v -2.696 		-135.874 		97.643
v -2.6651 		-135.7582 		96.168
v -58.8824 		-57.972 		90.998
v -16.414 		6.805 		88.606
v 1.689 		-147.329 		104.978
v -58.2459 		-57.8449 		90.998
v -58.8815 		-57.9719 		90.998
v -17.541 		7.306 		88.588
v -58.882 		-57.972 		90.998
v -18.19 		7.814 		88.569
v 6.783 		121.486 		88.804
v -59.6538 		-57.887 		90.998
v -59.6542 		-57.8869 		90.998
v -18.474 		8.113 		88.558
v -55.109 		102.643 		75.997
v -57.3504 		-62.8836 		90.998
v -57.3499 		-62.8842 		90.998
v -2.575 		-137.26 		96.3524
v -55.34 		103.111 		75.997
v -2.6131 		-137.0435 		96.3258
v -59.142 		-62.001 		90.998
v -58.37 		-62.102 		90.998
v -55.891 		103.663 		75.997
v -56.359 		103.893 		75.997
v -35.432 		106 		85.9029
v -57.902 		-62.333 		90.998
v -1.394 		-138.668 		97.643
v -0.742 		-138.927 		97.643
v -47.7378 		106 		85.9818
v -1.2033 		-138.7375 		96.5338
v -60.1224 		-62.3334 		90.998
v -60.1221 		-62.3331 		90.998
v -56.871 		103.995 		75.997
v -60.674 		-62.884 		90.998
v 6.674 		120.629 		88.776
v -60.904 		-63.352 		90.998
v -63.792 		102.957 		88.564
v -60.1217 		-62.3329 		90.998
v -59.654 		-62.102 		90.998
v -0.5453 		-138.9442 		96.5592
v -16.995 		7.019 		88.598
v -0.694 		-138.94 		96.5586
v -16.995 		7.019 		88.598
v -55.892 		103.664 		88.5387
v -55.341 		103.112 		88.5147
v -57.017 		103.9804 		88.5631
v -56.921 		103.993 		88.5622
v -56.494 		103.9205 		88.5544
v -60.674 		-65.104 		90.998
v -56.361 		103.894 		88.5519
v -57.35 		-65.104 		90.998
v -2.108 		-138.068 		97.643
v -55.11 		102.644 		88.4973
v -1.4353 		-138.639 		96.5217
v -61.006 		-64.125 		90.998
v -1.9893 		-138.1738 		96.4646
v -2.108 		-138.068 		96.4516
v 21.023 		-156.285 		106.289
v -60.904 		-64.636 		90.998
v -56.9983 		100.0172 		88.4413
v -55.037 		102.21 		88.4831
v -55.012 		102.0833 		88.4788
v -16.995 		7.019 		88.598
v -55.014 		101.9866 		88.4759
v 27.5463 		106 		85.8789
v 30.52 		106 		85.8813
v -55.0525 		101.7063 		88.4678
v 9.779 		-157.75 		104.023
v -56.873 		100.009 		88.4394
v -56.6385 		100.0553 		88.4378
v 21.856 		98.629 		88.43
v 25.225 		-157.754 		103.94
v -57.7101 		100.2075 		88.4563
v -16.995 		7.019 		88.598
v -57.998 		98.64 		88.412
v 16.8 		-157.752 		103.991
v -57.1227 		103.9664 		88.5631
v -49.664 		-51.446 		90.355
v 6.671 		101.482 		88.475
v -48.824 		-63.857 		94.117
v -37.278 		-63.861 		94.032
v -6.769 		-135.2937 		96.1109
v -58.895 		102.644 		88.5327
v 6.671 		-150.47 		102.907
v -57.645 		103.894 		88.5634
v -19.516 		6.757 		88.619
v -58.665 		103.112 		88.5452
v -58.113 		103.664 		88.5588
v 47.8447 		-52 		90.4255
v 3.321 		98.627 		88.141
v 5.424 		-156.282 		106.351
v -58.113 		100.341 		88.4621
v -58.3439 		100.5259 		88.4685
v -58.4796 		100.6613 		88.4731
v -58.665 		100.892 		88.4806
v -57.9374 		100.2683 		88.4591
v 46.034 		-63.858 		94.094
v -37.425 		-147.331 		104.926
v 6.671 		107.318 		88.371
v -58.895 		101.36 		88.4953
v -58.997 		101.872 		88.5106
v 45.19 		-56.022 		93.286
v 33.649 		-56.026 		93.201
v -60.6736 		-57.1054 		90.998
v -60.6738 		-57.1052 		90.998
v -60.6741 		-57.1048 		90.998
v -18.367 		7.993 		86.04
v 0.2738 		-133.7264 		95.9185
v 0.9302 		-133.842 		95.9327
v 0.87 		-133.814 		97.643
v 54.003 		90.003 		75.997
v 54.003 		90.003 		76.003
v 6.671 		106 		82.4005
v 6.671 		106 		85.8258
v -17.659 		7.401 		86.063
v 29.437 		-42.96 		89.419
v 57.132 		92.008 		75.997
v 56.74 		92.016 		75.997
v 55.008 		94.132 		75.997
v 0.0839 		-133.6637 		95.9108
v 16.8 		-42.963 		89.362
v 55.891 		92.34 		75.997
v 55.585 		92.585 		75.997
v 25.234 		-48.19 		92.4
v 63.955 		90.222 		85.8
v 55.096 		93.423 		75.997
v 55.34 		92.891 		75.997
v 2.01 		-134.612 		97.643
v 56.359 		92.109 		75.997
v 1.3402 		-134.0814 		95.9621
v 1.7587 		-134.4225 		96.004
v 63.934 		91.223 		88.336
v 2.01 		-134.612 		96.0272
v 64.09 		82.764 		88.207
v 40.272 		90.539 		88.351
v 1.0906 		-133.9138 		95.9415
v -57.111 		-139.034 		102.964
v -16.46 		6.824 		86.083
v -17.04 		7.034 		86.076
v 58.9855 		94.2477 		88.3573
v 58.6121 		92.8238 		88.3336
v 58.1828 		92.3953 		88.3248
v 58.115 		92.341 		88.3237
v 57.647 		92.11 		88.3178
v 58.9911 		94.1891 		88.3565
v 58.9981 		93.8867 		88.3519
v 58.976 		93.7565 		88.3498
v 58.897 		93.36 		88.3433
v 12.573 		-38.39 		91.49
v 55.585 		95.417 		75.997
v 56 		95.735 		75.997
v 55.34 		95.111 		75.997
v 55.109 		94.643 		75.997
v 6.671 		-43.109 		89.353
v 58.667 		92.892 		88.3349
v 57.132 		95.995 		75.997
v 56.55 		95.94 		75.997
v -57.183 		-139.098 		101.808
v 2.619 		-136.574 		97.643
v 55.112 		94.644 		88.3438
v 2.598 		-135.874 		97.643
v 6.671 		-43.2311 		84.8067
v -55.892 		100.341 		88.4408
v 56.2809 		95.8579 		88.3683
v -56.361 		100.11 		88.4377
v 56.3246 		95.8741 		88.3688
v 54.003 		98.304 		75.997
v 55.3984 		95.1812 		88.3535
v 55.8243 		95.608 		88.3622
v -55.5268 		100.66 		88.4463
v -55.6598 		100.5269 		88.4439
v 55.9191 		95.6804 		88.3638
v 4.978 		-48.193 		92.347
v 55.343 		95.112 		88.3521
v -55.0873 		101.4531 		88.4622
v -55.11 		101.36 		88.4602
v -55.341 		100.892 		88.4507
v 55.343 		92.892 		88.3181
v 55.2892 		93.0094 		88.3196
v 55.1091 		93.3742 		88.3243
v 55.0368 		93.6706 		88.3285
v 58.991 		93.936 		75.997
v 56.4465 		92.0896 		88.3114
v 56.363 		92.11 		88.3112
v 58.663 		92.891 		75.997
v 55.8268 		92.3948 		88.3129
v 58.417 		92.585 		75.997
v 55.397 		92.8246 		88.3173
v -61.033 		-51.438 		90.501
v 55.0172 		93.8282 		88.3308
v 55.011 		94.133 		88.3354
v -58.105 		-135.892 		103.425
v 58.893 		93.359 		75.997
v -64 		-60.8355 		91.4811
v 55.894 		92.341 		88.3124
v -64 		-52 		90.6009
v 57.643 		92.109 		75.997
v -63.775 		103.63 		86.057
v 26.5075 		-52 		90.2412
v -61.2104 		-52 		90.5596
v 58.111 		92.34 		75.997
v -60.8322 		-52 		90.5524
v 57.0499 		92.0108 		88.3132
v 2.6239 		-136.5162 		96.261
v 25.225 		-51.455 		90.179
v 2.5836 		-136.7451 		96.2891
v -57.547 		-137.986 		103.563
v 25.235 		-63.864 		93.971
v 53.248 		93.1981 		88.3122
v 57.136 		92.009 		88.3136
v -54.003 		106 		82.003
v 0.1002 		-139.0155 		96.5679
v 58.22 		95.59 		75.997
v 58.663 		95.111 		75.997
v 2.291 		-137.6129 		96.3957
v 2.378 		-137.472 		97.643
v 58.935 		94.519 		75.997
v 57.643 		95.893 		75.997
v 1.7517 		-138.327 		96.4834
v 1.594 		-138.4593 		96.4996
v 1.679 		-138.4 		97.643
v 0.9604 		-138.8239 		96.5444
v 0.87 		-138.866 		97.643
v -62 		106 		86.1043
v -62 		103.6644 		86.0417
v -62 		104.4696 		86.0663
v -58.7643 		106 		86.0833
v 0.7235 		-138.8963 		96.5533
v 16.81 		-56.03 		93.129
v 0.3686 		-138.9922 		96.5651
v 0.418 		-138.988 		97.643
v 24.4629 		-52 		90.231
v 24.9546 		-52 		90.2345
v 25.3602 		-52 		90.236
v 2.0464 		-138.02 		96.4457
v -62 		98.8862 		85.9552
v 20.8759 		-52 		90.255
v -57.5958 		-57.4108 		90.998
v -57.5964 		-57.4112 		90.998
v 6.671 		-52 		86.003
v -57.834 		-136.024 		102.366
v 6.671 		-52.9742 		86.003
v -55.892 		103.664 		86.998
v -55.341 		103.112 		86.998
v -56.9382 		103.992 		86.998
v -56.938 		103.992 		86.998
v 10.1977 		-52 		90.2174
v 14.9643 		-52 		90.2282
v -56.3612 		103.894 		86.998
v -58.845 		-131.677 		101.2
v 0.87 		-138.866 		96.5496
v -58.522 		-133.023 		101.773
v -56.361 		103.894 		86.998
v -55.11 		102.644 		86.998
v 1.723 		-63.867 		93.923
v -56.8732 		100.009 		86.998
v 6.671 		-52 		90.2097
v -55.013 		102.0672 		86.998
v -55.013 		102.067 		86.998
v 65.543 		-78.636 		95.953
v 65.675 		-74.517 		94.287
v -55.892 		100.341 		86.998
v -56.361 		100.11 		86.998
v 2.4012 		-137.4224 		96.3723
v -55.5859 		100.5861 		86.998
v -55.5861 		100.5859 		86.998
v 65.811 		-73.111 		95.322
v -55.013 		102.0669 		86.998
v -44.444 		25.115 		85.645
v -50.085 		16.597 		85.955
v -55.11 		101.3601 		86.998
v -55.11 		101.36 		86.998
v -55.341 		100.892 		86.998
v 65.794 		-73.519 		92.831
v -57.85 		-136.06 		101.79
v -65.389 		19.02 		88.63
v -56.873 		100.009 		86.998
v 2.6086 		-135.9944 		96.197
v -58.895 		102.644 		86.998
v -45.876 		25.113 		88.181
v -57.645 		103.894 		86.998
v 66.025 		-67.547 		92.18
v -58.665 		103.112 		86.998
v -58.113 		103.664 		86.998
v 2.4489 		-135.5541 		96.1429
v -49.664 		-52 		90.4092
v -58.113 		100.341 		86.998
v -49.0451 		-52 		90.4061
v -58.4189 		100.5859 		86.998
v 2.5671 		-135.7582 		96.168
v -58.4191 		100.5861 		86.998
v -58.665 		100.892 		86.998
v 65.844 		-70.719 		94.067
v -37.3664 		-52 		90.3544
v -58.1128 		100.3409 		86.998
v -58.895 		101.36 		86.998
v -58.997 		101.872 		86.998
v -65.357 		20.593 		86.066
v -58.189 		-135.62 		100.837
v 57.262 		100.016 		75.997
v -57.617 		-137.826 		101.253
v -60.2812 		-52 		90.5463
v 56.871 		100.008 		75.997
v 56.359 		100.109 		75.997
v 55.891 		100.34 		75.997
v -57.35 		-57.105 		90.998
v 57.647 		95.894 		88.3795
v 57.78 		95.8241 		88.3792
v 58.3757 		95.4578 		88.3765
v 58.4776 		95.3477 		88.3752
v 58.667 		95.112 		88.372
v 58.8445 		94.7509 		88.3662
v 58.9066 		94.6157 		88.364
v 58.9784 		94.3214 		88.3587
v 49.162 		-163.985 		104.969
v 55.109 		101.359 		75.997
v 55.012 		102.066 		75.997
v 55.34 		100.891 		75.997
v -48.4 		14.628 		88.525
v -37.16 		2.833 		88.909
v 56.4068 		95.9048 		88.3701
v 57.0021 		95.9834 		88.3762
v -6.769 		95.139 		88.061
v -6.769 		82.192 		88.058
v 57.136 		95.996 		88.3775
v 65.482 		-78.338 		94.518
v 47.587 		-167.803 		107.816
v 62.293 		-76.905 		95.707
v 48.651 		-165.348 		107.454
v 55.891 		103.663 		75.997
v 56.359 		103.893 		75.997
v 55.34 		103.111 		75.997
v 58.9103 		-65.9863 		94.5083
v 58.6312 		-65.9306 		94.5002
v 55.109 		102.643 		75.997
v 59.3629 		-65.9266 		94.5058
v 48.3 		-165.72 		106.536
v 60.124 		-65.656 		94.4836
v 59.656 		-65.886 		94.5039
v 56.871 		103.995 		75.997
v 62 		90 		81.92
v 62 		94.2306 		85.8726
v 62 		92.1095 		85.829
v 62 		90.9961 		85.801
v 54.003 		90 		82.003
v 58.6118 		-65.9267 		94.4994
v 58.372 		-65.886 		94.4916
v 57.904 		-65.656 		94.4593
v -35.432 		8.073 		86.134
v -6.769 		90 		82.003
v 58.991 		101.936 		75.997
v 58.893 		101.359 		75.997
v 57.643 		100.109 		75.997
v -6.769 		94.5751 		82.003
v 58.663 		100.891 		75.997
v 58.111 		100.34 		75.997
v 55.117 		88.127 		88.186
v 40.272 		90.264 		88.093
v -6.769 		90 		85.4311
v -7.6066 		90 		85.4349
v -21.5241 		90 		85.4697
v 58.663 		103.111 		75.997
v 58.893 		102.643 		75.997
v -56.057 		14.633 		88.625
v 57.643 		103.893 		75.997
v 58.111 		103.663 		75.997
v -28.4802 		90 		85.5451
v -3.419 		77.602 		87.733
v -56.268 		-143.111 		104.391
v 54.568 		-76.909 		95.622
v 56 		206 		85.75
v 56 		206 		88.75
v 56 		201.75 		88.75
v 62 		90 		85.7809
v 51 		206 		88.75
v 51 		206 		85.75
v 51 		201.75 		88.75
v 46.125 		-170.58 		106.828
v -51 		206 		85.75
v -51 		206 		88.75
v -51 		201.75 		88.75
v -56 		206 		88.75
v -56 		206 		85.75
v -56 		201.75 		88.75
v 45.998 		-171.01 		107.904
v 46.479 		-170.236 		108.183
v 58.99 		94.2629 		86.998
v 6.671 		201.75 		85.7322
v 64 		-66.998 		80.003
v 64 		-66.998 		79.994
v 57.647 		95.894 		86.998
v 56.061 		201.75 		91.88
v 64 		-68 		80.003
v 57.6472 		95.8939 		86.998
v 58.4209 		95.4181 		86.998
v 44.088 		201.75 		91.924
v 64 		-68 		91.6114
v 58.4211 		95.4179 		86.998
v 58.667 		95.112 		86.998
v 58.8969 		94.6442 		86.998
v 64 		-68 		89.0788
v 6.671 		201.75 		89.46
v 58.897 		94.644 		86.998
v -55.33 		-146.421 		102.405
v 64 		-66.609 		91.4642
v -65.625 		9.169 		86.474
v -65.804 		1.618 		86.818
v -65.657 		7.575 		89.072
v 64 		-66.5865 		90.1716
v 64 		-66.5839 		89.9468
v 64 		-66.5483 		88.9229
v 58.99 		94.2631 		86.998
v 51 		201.75 		89.3684
v 56 		201.75 		89.3581
v 9.358 		201.75 		91.979
v 56.061 		201.75 		89.358
v -6.769 		81.915 		85.282
v 58.6669 		92.8919 		86.998
v 63.9547 		-68 		91.6113
v -6.769 		76.321 		85.218
v 0 		201.75 		91.9807
v 58.1151 		92.3411 		86.998
v 63.9538 		-68 		89.7922
v 63.9542 		-68 		90.7051
v 63.953 		-68 		89.076
v 58.115 		92.341 		86.998
v 57.647 		92.11 		86.998
v 58.999 		93.872 		86.998
v 58.999 		93.8718 		86.998
v 58.897 		93.36 		86.998
v -14.406 		201.75 		92.313
v -13.429 		201.75 		92.314
v 65.833 		-3.985 		87.106
v -12.247 		201.75 		91.993
v 66.306 		-31.629 		90.058
v -12.245 		201.75 		91.98
v -6.848 		68.08 		87.631
v -11.248 		201.75 		91.981
v -7.257 		201.75 		91.982
v -55.133 		-146.425 		104.166
v -6.77 		69.385 		87.642
v -6.769 		201.75 		85.7322
v 66.29 		-27.747 		91.151
v 58.667 		92.892 		86.998
v -6.769 		201.75 		89.46
v -6.769 		69.385 		87.894
v -6.83 		68.149 		87.884
v -19.085 		201.75 		89.451
v -25.832 		201.75 		89.442
v 66.009 		-11.824 		90.08
v 54.003 		-68 		80.003
v 56.3631 		95.894 		86.998
v 57.1358 		95.996 		86.998
v -55.595 		-144.749 		102.97
v 54.003 		-68 		86.003
v 55.112 		94.644 		86.998
v -55.562 		-144.771 		103.563
v 56.3629 		95.8939 		86.998
v 66.16 		-19.366 		88.04
v 57.136 		95.996 		86.998
v -34.49 		201.75 		91.949
v -34.49 		201.75 		92.285
v 55.3431 		95.1121 		86.998
v 55.8939 		95.6639 		86.998
v -7.311 		65.731 		87.866
v -7.095 		66.555 		87.62
v 55.003 		-66.998 		79.994
v 55.894 		95.664 		86.998
v -56.159 		201.75 		89.356
v -56.159 		201.75 		91.878
v 55.343 		95.112 		86.998
v 55.003 		-66.998 		80.003
v -56 		201.75 		89.3564
v -51 		201.75 		89.3706
v -7.011 		66.928 		87.874
v 55.3429 		92.8922 		86.998
v 55.112 		93.36 		86.998
v 58.368 		-65.886 		79.994
v 55.343 		92.892 		86.998
v 57.9 		-65.656 		79.994
v 55.019 		93.7409 		86.998
v 56.3631 		92.11 		86.998
v 56.363 		92.11 		86.998
v 33.65 		-165.245 		107.547
v 59.652 		-65.886 		79.994
v 55.8939 		92.3411 		86.998
v 55.3431 		92.8919 		86.998
v 60.12 		-65.656 		79.994
v 55.019 		93.7411 		86.998
v 55.011 		94.133 		86.998
v 56 		197 		88
v 56 		198 		88
v 40.389 		-165.248 		107.485
v 56 		198 		85.75
v 58.879 		-65.988 		79.994
v 55.894 		92.341 		86.998
v 51 		198 		88
v 51 		197 		88
v 51 		198 		85.75
v 66.385 		-39.325 		89.536
v 57.1359 		92.009 		86.998
v 56.599 		199.952 		89.282
v 56.4 		200.641 		90.216
v 57.236 		197.421 		91.695
v 57.136 		92.009 		86.998
v -57.12 		-56.637 		90.998
v 57.383 		196.718 		89.948
v 66.333 		-34.515 		90.676
v -55.189 		-146.816 		104.771
v -57.12 		-55.353 		90.998
v 44.127 		-175.02 		108.927
v -57.018 		-56.126 		90.998
v 58.949 		-65.984 		90.998
v 58.9486 		-65.9839 		90.998
v 58.372 		-65.886 		90.998
v 58.9495 		-65.9839 		90.998
v 45.13 		-172.648 		107.582
v 60.124 		-65.656 		90.998
v 59.656 		-65.886 		90.998
v 44.914 		-173.245 		108.25
v 57.904 		-65.656 		90.998
v 66.399 		-43.806 		92.433
v -56.768 		-140.419 		102.38
v 33.8935 		90 		85.5712
v 51 		197 		89.169
v 51 		197.0246 		89.1695
v 44.894 		-173.214 		106.799
v 51.2303 		197 		89.168
v 43.878 		-175.126 		107.537
v 64.254 		73.386 		85.584
v -55.296 		-146.732 		102.328
v 29.437 		197.581 		89.277
v -57.291 		-139.344 		101.337
v 66.357 		-48.721 		92.397
v 62.132 		-74.782 		92.931
v 53.432 		67.109 		87.913
v 66.359 		-43.504 		91.218
v 56.802 		77.618 		88.052
v -6.769 		65.7554 		81.0002
v 64.314 		69.848 		88.08
v 56 		197 		89.1581
v 66.353 		-47.426 		91.007
v 59.063 		-68 		92.1623
v 50.5559 		-68 		92.0842
v -16.906 		67.095 		87.898
v 58.399 		191.51 		91.438
v 57.966 		193.922 		91.543
v 37.869 		77.61 		85.351
v -58.37 		-54.103 		90.998
v -57.902 		-54.334 		90.998
v -58.9466 		-54.0061 		90.998
v 66.236 		-59.717 		93.909
v -57.35 		-54.885 		90.998
v 66.24 		-59.539 		91.359
v -60.122 		-54.334 		90.998
v -59.654 		-54.103 		90.998
v 43.466 		-176.33 		106.586
v 66.361 		-51.464 		90.588
v -60.674 		-54.885 		90.998
v 40.272 		75.267 		88.111
v -58.9475 		-54.0061 		90.998
v -58.9471 		-54.006 		90.998
v 59.103 		186.683 		90.208
v -33.748 		88.118 		88.259
v 59.117 		186.732 		91.234
v 33.649 		67.1 		87.982
v 64 		-67.8507 		92.2162
v 64 		-68 		92.2315
v 59.877 		180.707 		90.987
v 63.9597 		-68 		92.2316
v 42.532 		-177.74 		107.524
v 42.865 		-177.039 		108.277
v -33.747 		-156.289 		106.217
v -64.05 		90.345 		88.321
v -56.057 		88.127 		88.193
v -40.37 		82.729 		87.971
v -60.904 		-55.353 		90.998
v 6.671 		82.192 		88.058
v -60.9041 		-55.3534 		90.998
v -57.2433 		92.0306 		88.2793
v -61.006 		-55.8654 		90.998
v -61.006 		-55.865 		90.998
v -56.782 		92.054 		88.2748
v -57.1199 		92.0099 		88.2776
v -61.0059 		-55.8656 		90.998
v 57.478 		196.334 		89.127
v 42.075 		-178.871 		107
v 57.852 		194.514 		89.049
v -58.9671 		94.3485 		88.3416
v -58.8625 		94.7401 		88.3478
v 41.313 		-179.915 		107.883
v 66.066 		-64.18 		93.172
v -58.755 		94.9147 		88.35
v 66.096 		-63.844 		92.319
v -58.6093 		95.1812 		88.3534
v -58.1824 		95.6082 		88.3569
v -58.113 		95.664 		88.3572
v -57.645 		95.894 		88.3565
v -57.4939 		95.9096 		88.3551
v 59.076 		187.125 		88.739
v 6.671 		87.302 		87.908
v -57.645 		92.11 		88.2852
v -58.113 		92.341 		88.2946
v -58.665 		92.892 		88.3109
v -58.895 		93.36 		88.3222
v -58.997 		93.872 		88.3329
v -58.99 		94.1755 		88.3386
v 42.235 		-178.52 		109.495
v 42.669 		-177.544 		108.935
v 15.1443 		90 		85.4796
v 6.671 		90 		85.4562
v 6.671 		90 		82.003
v 6.671 		94.5751 		82.003
v 58.516 		190.802 		88.891
v 58.651 		189.758 		89.648
v -49.521 		-163.223 		107.062
v 41.694 		-179.155 		108.622
v 41.514 		-179.606 		109.272
v -49.229 		-163.59 		106.766
v 24.9854 		90 		85.521
v 58.941 		187.811 		89.862
v 21.013 		77.606 		85.256
v 16.81 		77.603 		88.01
v -50.316 		-161.225 		106.777
v 20.17 		77.604 		88.022
v 25.225 		67.097 		87.933
v 62.293 		-1.08 		89.412
v -51.048 		-159.439 		106.606
v 59.687 		181.989 		89.741
v 45.19 		-68 		92.0309
v 45.19 		-76.911 		93.008
v 53.443 		-0.431 		86.715
v 59.265 		185.429 		89.765
v -54.194 		-150.278 		105.352
v 45.19 		-76.913 		95.545
v -55.056 		94.3926 		88.3074
v -56.6427 		95.9595 		88.3498
v -56.3477 		95.8875 		88.3461
v -55.8991 		95.6523 		88.3382
v -55.783 		95.591 		88.3362
v 46.032 		186.678 		91.296
v -55.341 		95.112 		88.3235
v -55.29 		95.0086 		88.3212
v -55.0772 		94.5472 		88.3106
v 6.671 		81.766 		85.279
v 65.217 		-84.126 		96.604
v 1.636 		77.602 		87.733
v 60.097 		-8.937 		89.804
v -56.9461 		95.966 		88.3521
v -56.86 		95.987 		88.3519
v -56.7716 		95.989 		88.3513
v 53.853 		-8.942 		89.706
v 59.989 		179.467 		90.447
v -55.341 		92.892 		88.2804
v -55.892 		92.341 		88.2738
v -55.0099 		93.8861 		88.2972
v 59.942 		180.128 		88.458
v 65.13 		-85.398 		94.218
v -55.0891 		93.4845 		88.29
v 6.671 		73.941 		87.689
v -55.11 		93.36 		88.2877
v 64.989 		-86.273 		95.867
v 13.43 		77.603 		88.001
v -56.5115 		92.0893 		88.2735
v 47.3 		-168.489 		105.369
v -56.361 		92.11 		88.2728
v 64.801 		-88.768 		95.765
v 45.914 		-171.302 		106.064
v 60.508 		174.475 		90.747
v 60.506 		173.926 		89.72
v 60.282 		176.868 		88.33
v 61.857 		-85.386 		94.177
v 61.304 		164.482 		90.382
v 61.038 		167.308 		88.97
v -54.326 		-149.047 		103.559
v 57.388 		-85.388 		94.129
v 60.806 		171.043 		88.108
v -54.817 		-147.71 		102.974
v 43.803 		-0.436 		86.598
v 64.6 		-92.295 		97.616
v -66.179 		-15.646 		90.33
v 47.763 		-7.247 		89.528
v 48.56 		-7.925 		89.576
v 48.47 		-165.815 		104.973
v -65.927 		-3.887 		89.626
v 64.163 		-97.214 		95.699
v 6.671 		73.142 		87.68
v 6.669 		70.549 		87.653
v 64.434 		-93.837 		95.561
v 48.177 		-166.117 		105.721
v 47.405 		-7.078 		89.514
v 47.025 		-6.969 		89.504
v -52.448 		-154.706 		104.749
v 6.669 		70.078 		87.649
v -52.679 		-154.893 		105.977
v 64.615 		-91.287 		95.662
v 45.978 		-6.951 		89.491
v 46.503 		-6.908 		89.494
v 64.687 		-91.313 		94.948
v 45.472 		-7.095 		89.493
v 6.669 		69.688 		87.645
v -65.978 		-5.958 		87.217
v 61.637 		159.389 		90.202
v -66.117 		-13.875 		88.962
v -66.294 		-21.346 		88.177
v 6.671 		69.385 		87.894
v -66.409 		-29.082 		88.73
v 33.649 		-165.575 		105.05
v -66.257 		-22.396 		89.765
v -52.657 		-154.887 		103.56
v -35.432 		90 		85.5733
v -42.3393 		90 		85.6176
v -54.003 		90 		82.003
v 61.526 		160.205 		88.664
v 61.549 		160.781 		87.733
v -52.1774 		90 		85.7063
v -58.675 		90 		85.7646
v 44.798 		-173.752 		106.176
v -52.957 		-153.308 		104.147
v 6.682 		68.886 		87.638
v -62 		90 		85.8124
v 64.587 		-91.489 		96.512
v -55.068 		94.5198 		86.998
v 6.668 		67.094 		87.623
v -56.7418 		95.987 		86.998
v -56.361 		95.894 		86.998
v -53.65 		-152.052 		103.046
v -55.7832 		95.5911 		86.998
v 61.718 		157.009 		89.102
v -55.783 		95.591 		86.998
v -55.341 		95.112 		86.998
v 6.914 		66.923 		87.874
v -55.3409 		95.1119 		86.998
v -55.068 		94.52 		86.998
v 6.919 		66.896 		87.622
v -56.7423 		95.987 		86.998
v -56.7422 		95.987 		86.998
v 7.216 		65.721 		87.866
v -56.742 		95.987 		86.998
v -57.1342 		92.009 		86.998
v -66.464 		-35.741 		91.77
v -55.341 		92.892 		86.998
v 61.961 		153.776 		87.488
v -55.892 		92.341 		86.998
v -66.382 		-33.346 		90.234
v -55.009 		93.872 		86.998
v -55.11 		93.3602 		86.998
v -55.11 		93.36 		86.998
v -56.3612 		92.11 		86.998
v -57.134 		92.009 		86.998
v 53.436 		-93.869 		95.163
v 62.255 		147.971 		87.292
v -56.361 		92.11 		86.998
v 36.616 		-187.525 		111.042
v 7.222 		65.701 		87.614
v 61.934 		154.253 		90.025
v 48.716 		-8.144 		87.067
v 33.649 		-85.397 		93.959
v -58.988 		94.2629 		86.998
v -58.988 		94.2631 		86.998
v -58.8529 		94.7682 		86.998
v -58.6649 		95.1121 		86.998
v 62.141 		149.098 		88.432
v -58.853 		94.768 		86.998
v 47.933 		-7.357 		87.013
v -58.1131 		95.6639 		86.998
v -58.113 		95.664 		86.998
v -57.645 		95.894 		86.998
v -50.863 		-159.176 		105.761
v -51.519 		-157.649 		105.913
v 16.6236 		-68 		91.8611
v -66.411 		-41.52 		90.936
v 6.671 		-68 		87.848
v -66.469 		-47.823 		92.796
v 47.031 		-6.97 		86.98
v 39.534 		-183.092 		110.265
v -57.645 		92.11 		86.998
v -58.113 		92.341 		86.998
v 45.983 		-6.95 		86.967
v -58.665 		92.892 		86.998
v 16.8 		-68.434 		91.908
v -51.833 		-157.174 		106.204
v -58.895 		93.36 		86.998
v 17.0154 		-68 		91.8638
v 29.3301 		-68 		91.908
v -58.997 		93.872 		86.998
v 45.477 		-7.093 		86.969
v 29.437 		-68.431 		91.953
v 30.2365 		-68 		91.9121
v 10.2818 		-68 		91.8785
v 6.671 		-68 		91.8436
v 40.618 		-181.382 		107.419
v 6.671 		-77.477 		92.924
v 47.411 		-7.08 		86.991
v 6.671 		65.7554 		81.0002
v -66.427 		-41.523 		91.721
v 29.437 		-76.916 		92.919
v -66.403 		-44.888 		91.69
v 65.652 		3.668 		86.719
v 65.652 		3.678 		89.241
v 48.302 		161.749 		87.772
v -51.478 		-157.535 		104.738
v 39.07 		-183.576 		108.933
v 39.292 		-183.207 		109.3
v -51.962 		-156.169 		105.333
v 18.493 		-76.919 		95.418
v -35.432 		77.609 		85.331
v 46.508 		-6.908 		86.971
v 55.816 		64.486 		85.412
v 64.537 		56.784 		88.036
v -33.748 		67.099 		87.982
v 52.887 		145.967 		87.2
v 64.604 		52.95 		85.53
v 39.15 		-183.544 		109.932
v -40.37 		75.262 		88.11
v 62.829 		134.067 		89.372
v -51.882 		-157.261 		103.759
v 62.315 		146.587 		89.768
v -66.38 		-48.253 		91.66
v -51.165 		-159.06 		104.139
v 26.91 		-93.877 		94.999
v 62.378 		144.126 		88.468
v 38.823 		-184.046 		108.584
v -52.058 		-156.184 		104.141
v 62.634 		139.163 		87.008
v 62.44 		143.214 		87.641
v -66.481 		-36.791 		89.326
v -66.5 		-44.483 		89.967
v -54.042 		77.618 		85.499
v 9.198 		-89.968 		96.991
v -64.343 		73.888 		85.587
v -64.24 		79.361 		87.12
v 40.272 		65.239 		87.77
v 33.65 		-183.148 		110.377
v 10.076 		-93.88 		94.95
v 6.671 		-89.69 		94.412
v -66.453 		-52.189 		90.656
v 44.25 		-8.062 		89.534
v 39.4 		57.891 		87.987
v -64.349 		73.565 		88.104
v 45.003 		-7.335 		89.501
v 39.791 		58.419 		87.991
v 44.595 		-7.657 		86.991
v 45.008 		-7.332 		86.977
v -49.468 		-162.692 		105.89
v 40.152 		59.333 		87.996
v -66.38 		-50.986 		92.562
v 44.253 		-8.058 		87.01
v 36.73 		-187.223 		110.569
v -49.336 		-163.093 		106.327
v 40.272 		60.144 		87.999
v -64.088 		67.116 		88.053
v 38.068 		-185.134 		109.631
v 62.893 		-108.46 		99.721
v -66.332 		-55.481 		91.598
v 38.913 		57.449 		87.983
v 57.9 		-105.606 		99.292
v 44.591 		-7.662 		89.515
v -52.229 		77.615 		87.999
v 38.056 		-185.29 		108.589
v 63.842 		-100.408 		98.656
v -49.96 		-161.535 		105.309
v -66.284 		-55.944 		92.542
v -49.554 		-163.198 		104.726
v 62.538 		-110.75 		99.568
v 40.273 		61.424 		87.751
v 40.274 		60.144 		87.747
v -7.472 		65.243 		87.611
v -7.727 		64.565 		87.86
v 62.273 		-112.362 		99.23
v 62.635 		-109.694 		98.458
v 36.832 		-186.987 		109.954
v 36.573 		-187.373 		109.596
v 42.08 		145.966 		87.184
v -6.769 		65.095 		85.09
v 21.013 		161.75 		87.808
v 39.485 		57.99 		87.736
v 6.671 		149.698 		87.329
v -10.153 		-178.656 		109.998
v 39.963 		58.737 		87.741
v -66.33 		-59.885 		91.394
v -3.165 		-165.233 		107.784
v 37.019 		-1.096 		89.092
v 40.25 		59.761 		87.746
v -8.89 		62.388 		87.85
v 61.774 		-116.471 		100.797
v -10.151 		-165.234 		107.758
v -66.185 		-61.147 		92.523
v -66.222 		-60.508 		93.481
v 35.763 		64.476 		85.215
v -9.377 		61.709 		87.596
v 61.523 		-117.481 		99.077
v 35.504 		-188.961 		110.876
v -6.769 		-164.156 		105.054
v -8.375 		63.261 		87.602
v -66.143 		-62.286 		93.002
v 49.132 		-9.375 		89.667
v 48.941 		-8.612 		89.621
v -8.256 		63.447 		87.854
v -22.216 		-173.383 		106.415
v -16.898 		-173.38 		106.482
v -66.323 		-59.732 		93.911
v 49.108 		-10.033 		89.706
v -32.063 		-173.39 		106.277
v -20.667 		-165.238 		107.679
v -20.727 		-174.189 		109.121
v 37.889 		56.929 		87.974
v 61.695 		-116.23 		99.538
v 38.2 		57.041 		87.976
v -11.065 		59.908 		87.594
v -10.176 		60.768 		87.594
v -66.093 		-65.27 		93.971
v 33.097 		-192.076 		110.873
v -10.976 		200.125 		92.256
v 34.272 		-190.628 		111.176
v -10.969 		200.07 		91.918
v -11.055 		200.582 		91.937
v -10.456 		60.479 		87.846
v 40.389 		56.598 		87.743
v -11.05 		200.574 		92.273
v 37.58 		56.851 		87.719
v -11.202 		200.919 		92.285
v -11.65 		201.404 		92.303
v -6.769 		-68 		87.848
v -6.769 		-68 		91.844
v -8.7283 		-68 		91.8808
v -13.3836 		-68 		91.8912
v 36.912 		56.784 		87.966
v 36.912 		56.784 		87.714
v -6.769 		-78.876 		93.092
v 46.41 		-12.277 		89.807
v 45.887 		-12.217 		89.798
v -26.4224 		-68 		91.9252
v 45.386 		-12.055 		89.782
v -13.421 		58.276 		87.848
v 35.849 		-188.664 		108.688
v -13.595 		-188.668 		109.107
v -6.769 		-183.665 		108.325
v -6.769 		-185.421 		108.629
v 60.903 		-121.78 		101.515
v 38.211 		57.045 		87.725
v 33.213 		-192.137 		109.32
v -11.867 		59.28 		87.846
v -6.777 		-76.92 		95.395
v 47.909 		-11.851 		89.799
v 47.441 		-12.091 		89.808
v 34.23 		-190.761 		109.362
v -14.166 		57.909 		87.597
v 60.841 		-121.434 		100.238
v -14.334 		-89.968 		97
v 48.321 		-11.524 		89.785
v -11.246 		201.738 		91.98
v 48.764 		-10.954 		89.756
v -21.403 		-93.878 		94.979
v -6.769 		-90.853 		94.564
v 38.683 		57.294 		87.729
v -13.067 		58.473 		87.595
v -12.031 		59.141 		87.594
v 34.831 		-189.802 		110.245
v 35.588 		-188.763 		110.27
v -11.252 		201.002 		91.952
v 60.643 		-122.699 		99.779
v -11.713 		201.465 		91.969
v -10.186 		64.47 		85.092
v 49.011 		-10.417 		89.727
v 34.152 		-190.771 		109.786
v 61.092 		-120.7 		98.823
v 33.649 		56.595 		87.69
v -35.432 		-76.914 		92.947
v -0.892 		56.59 		87.578
v -35.432 		-68 		91.9546
v -42.9047 		-68 		92.0224
v -64 		-68 		91.6114
v 52.302 		38.233 		85.472
v 33.649 		-188.686 		108.735
v -64 		-66.609 		91.4642
v -64 		-66.5865 		90.1716
v 62.962 		38.241 		85.626
v -64 		-65.56 		91.9454
v -63.9547 		-68 		91.6113
v -63.9542 		-68 		90.7051
v 64.813 		41.472 		85.615
v -12.004 		201.621 		91.975
v 64.814 		41.482 		88.136
v 53.432 		46.105 		87.92
v -58.9466 		-65.9839 		90.998
v -58.947 		-65.984 		90.998
v -58.37 		-65.886 		90.998
v -58.9475 		-65.9839 		90.998
v -59.654 		-65.886 		90.998
v -60.122 		-65.656 		90.998
v 64.964 		33.879 		85.732
v 33.271 		-191.909 		109.996
v -12.247 		53.618 		87.594
v -57.902 		-65.656 		90.998
v -31.77 		-193.918 		111.331
v -16.898 		197.582 		89.297
v -11.725 		53.487 		87.593
v -31.581 		-194.192 		111.707
v 60.009 		-126.285 		101.662
v -11.238 		53.257 		87.592
v 59.886 		-126.622 		100.938
v 32.816 		38.225 		85.295
v -58.37 		-65.886 		94.4463
v -58.6142 		-65.9275 		94.4537
v -58.9088 		-65.9863 		94.4635
v 42.092 		35.603 		87.92
v -59.3558 		-65.9273 		94.463
v -59.654 		-65.886 		94.4625
v -60.122 		-65.656 		94.4446
v 16.803 		-165.237 		107.713
v -32.754 		-192.784 		111.613
v 40.389 		46.098 		87.78
v -57.902 		-65.656 		94.4167
v -34.999 		201.669 		92.281
v 26.91 		-173.386 		106.351
v -30.484 		-195.527 		112.509
v -29.607 		-196.501 		112.458
v 60.036 		-126.532 		99.61
v -35.101 		201.629 		91.943
v 49.138 		-9.777 		87.167
v 49.099 		-9.119 		87.128
v -29.551 		-196.471 		111.478
v -64 		-66.567 		92.0529
v 48.956 		-8.612 		87.097
v -35.499 		201.411 		91.934
v 26.91 		-174.193 		109.033
v -15.706 		57.328 		87.853
v -35.722 		201.21 		92.261
v -49.6645 		-68 		92.0672
v -64 		-68 		92.2105
v -13.317 		53.566 		87.596
v 13.428 		-174.184 		109.202
v -30.741 		-195.181 		111.889
v -13.824 		53.384 		87.598
v -31.162 		-194.604 		110.771
v -58.2734 		-68 		92.1556
v 59.658 		-127.909 		100.481
v -30.146 		-195.826 		111.684
v -35.742 		201.188 		91.924
v 13.28 		-173.378 		106.515
v 45.381 		-12.053 		87.257
v 59.173 		-130.558 		100.416
v 45.881 		-12.215 		87.273
v 2.549 		-174.181 		109.269
v -12.784 		53.645 		87.595
v 46.667 		-12.269 		87.285
v 59.931 		-127.059 		102.229
v 47.185 		-12.177 		87.286
v 28.034 		56.784 		87.655
v -36.048 		200.695 		92.241
v 47.897 		-11.843 		87.274
v -36.166 		199.897 		92.21
v -36.141 		200.381 		91.893
v -36.17 		200.07 		91.881
v 48.498 		-11.336 		87.251
v 6.671 		-169.413 		105.908
v -15.911 		57.284 		87.602
v -30.409 		-195.622 		109.965
v 16.815 		57.026 		87.857
v 18.036 		56.845 		87.861
v 48.798 		-10.905 		87.229
v 19.272 		56.784 		87.613
v 25.245 		-183.14 		110.536
v 49.01 		-10.422 		87.203
v -36.075 		200.62 		91.902
v -31.855 		-193.786 		110.25
v -32.314 		-193.254 		109.956
v 19.272 		56.784 		87.865
v 16.818 		57.025 		87.605
v 18.037 		56.844 		87.609
v -57.189 		198.033 		91.72
v -52.442 		-76.91 		95.604
v -56.781 		199.634 		91.789
v -56.814 		199.494 		90.698
v -56.794 		199.597 		89.265
v 37.019 		-118.65 		98.384
v -56.43 		200.874 		89.844
v -33.747 		-165.245 		107.546
v -49.665 		-76.91 		93.041
v -10.019 		51.699 		87.594
v -9.902 		50.901 		87.596
v -10.11 		51.953 		87.593
v -51 		199.9999 		89.2981
v 44.103 		-10.874 		89.697
v -51 		197 		88
v -51 		198 		88
v -47.069 		-168.327 		106.728
v 44.047 		-8.401 		89.551
v -51 		198 		85.75
v -56 		199.6522 		89.2695
v -48.146 		-165.958 		106.749
v 43.887 		-8.833 		89.575
v -56 		198 		88
v -56 		197 		88
v -65.297 		-81.804 		95.147
v -56 		198 		85.75
v -48.337 		-165.89 		107.275
v 63.789 		-100.347 		98.188
v 43.874 		-10.329 		89.662
v 43.769 		-9.679 		89.622
v -10.806 		52.936 		87.592
v -47.333 		-167.824 		107.027
v 44.926 		-11.799 		89.761
v 44.525 		-11.458 		89.736
v 63.182 		-105.693 		97.301
v -10.524 		52.645 		87.592
v -47.406 		-168.331 		107.891
v 8.799 		62.378 		87.85
v 32.637 		-192.843 		112.009
v 8.807 		62.366 		87.598
v 63.549 		-103.104 		96.467
v 32.229 		-193.158 		111.074
v -51 		197 		89.1749
v -56 		197 		89.1606
v 31.806 		-193.741 		111.748
v -15.313 		51.567 		87.607
v -15.398 		50.9 		87.61
v -3.419 		186.682 		91.394
v 63.58 		-101.936 		97.851
v -45.501 		-171.74 		106.839
v 63.127 		-105.813 		98.153
v -46.475 		-169.723 		107.313
v 13.334 		58.271 		87.848
v 13.34 		58.267 		87.596
v -14.286 		53.107 		87.6
v -14.684 		52.746 		87.602
v -64 		-68 		89.0788
v -64 		-66.5839 		89.9468
v -64 		-66.5483 		88.9229
v 14.452 		57.742 		87.85
v -45.822 		-171.331 		107.912
v -63.9538 		-68 		89.7922
v 14.458 		57.74 		87.598
v -63.953 		-68 		89.076
v 31.028 		-194.61 		110.713
v -15.074 		52.197 		87.604
v -54.003 		-68 		86.003
v 44.065 		-10.813 		87.168
v 44.348 		-11.256 		87.198
v -10.968 		169.828 		91.016
v -10.969 		169.828 		90.68
v 43.873 		-10.323 		87.137
v 43.777 		-9.607 		87.094
v -64 		-66.998 		79.994
v -64 		-66.998 		80.003
v -64 		-68 		80.003
v 30.938 		-194.877 		112.389
v 44.921 		-11.796 		87.237
v 62.84 		-108.981 		97.247
v -54.003 		-68 		80.003
v -10.995 		169.535 		91.004
v 30.079 		-195.75 		112.125
v -58.368 		-65.886 		79.994
v -57.9 		-65.656 		79.994
v -59.652 		-65.886 		79.994
v -60.12 		-65.656 		79.994
v -13.274 		53.395 		85.077
v -58.879 		-65.988 		79.994
v -33.747 		-174.198 		108.931
v -11.999 		168.281 		90.949
v -11.432 		168.672 		90.967
v -56.003 		-66.998 		79.994
v 9.535 		61.387 		87.848
v -11.158 		169.06 		90.647
v -56.003 		-66.998 		80.003
v 33.649 		-110.829 		97.284
v -12.273 		53.444 		85.074
v -11.031 		169.386 		90.661
v -44.773 		-173.426 		106.682
v 30.436 		-195.48 		109.942
v 9.543 		61.377 		87.596
v 43.834 		-9.018 		87.061
v 62.024 		-114.846 		98.035
v -11.784 		53.322 		85.073
v -49.665 		-85.391 		94.061
v 10.366 		60.471 		87.846
v 32.462 		-193.006 		109.778
v 10.374 		60.462 		87.594
v -12.051 		168.26 		90.613
v -11.739 		168.418 		90.62
v -44.839 		-173.107 		107.647
v 3.382 		-105.619 		99.028
v 12.275 		58.905 		87.846
v -43.636 		-175.454 		107.833
v 32.053 		-105.614 		99.121
v -11.38 		168.736 		90.633
v 11.283 		59.64 		87.846
v -65.217 		-83.313 		95.747
v -65.26 		-83.226 		94.571
v 25.225 		-126.475 		99.411
v 6.671 		-119.848 		98.44
v -12.649 		168.147 		90.943
v -43.664 		-175.544 		108.299
v 23.571 		-126.476 		101.95
v 8.329 		-126.478 		101.922
v -10.078 		50.901 		85.077
v -10.925 		52.806 		85.073
v -12.649 		168.147 		90.607
v 12.282 		58.9 		87.594
v -10.587 		52.434 		85.073
v 0.879 		-183.126 		110.812
v 11.291 		59.633 		87.594
v -10.274 		51.887 		85.074
v -6.769 		179.532 		88.573
v 10.088 		64.47 		85.092
v -65.091 		-86.642 		94.597
v -15.222 		50.9 		85.089
v 23.54 		-110.831 		97.236
v 8.326 		-183.128 		110.778
v -65.029 		-86.442 		96.373
v -64.913 		-88.855 		97.002
v -15.069 		51.768 		85.086
v -45.387 		-172.657 		108.552
v 6.671 		60.896 		85.076
v 8.171 		63.422 		87.602
v 7.64 		64.538 		87.608
v -14.553 		52.628 		85.082
v 10.074 		-110.833 		97.2
v -43.112 		-176.747 		108.748
v -14.18 		52.966 		85.08
v 8.163 		63.437 		87.854
v -64.905 		-89.466 		97.259
v -43.228 		-176.879 		109.224
v -13.748 		53.225 		85.078
v -41.529 		-179.935 		109.727
v 7.634 		64.555 		87.86
v 40.389 		-8.95 		89.546
v -3.419 		-1.104 		88.946
v -57.718 		195.659 		91.616
v -57.863 		194.82 		90.282
v -58.191 		193.236 		91.51
v 40.389 		-8.948 		87.022
v -0.049 		-1.104 		88.945
v -43.181 		-176.957 		106.686
v -58.35 		192.128 		90.127
v -57.542 		196.403 		90.236
v 13.09 		53.598 		87.596
v 13.663 		53.406 		87.598
v -65.406 		-82.578 		93.878
v -43.052 		-176.748 		107.216
v -0.049 		-8.959 		89.368
v -19.37 		56.784 		87.865
v -42.906 		-176.855 		107.652
v -16.907 		57.027 		87.857
v -59 		188.298 		91.297
v 58.927 		-28.072 		88.53
v -59.495 		184.665 		91.145
v 61.859 		-17.44 		87.834
v -16.898 		56.591 		87.604
v -42.317 		-177.94 		108.233
v 4.808 		-191.759 		111.22
v 6.131 		-192.241 		111.22
v 4.695 		-191.741 		112.315
v -57.998 		-93.867 		95.203
v 4.158 		-191.77 		112.323
v -6.769 		-13.374 		87.107
v 15.617 		57.325 		87.853
v 15.622 		57.324 		87.601
v 6.085 		-192.201 		112.387
v 56.802 		-32.489 		91.352
v 5.611 		-191.948 		112.345
v -64.683 		-90.576 		95.835
v -64.441 		-93.933 		95.877
v -19.37 		56.784 		87.613
v 5.505 		-191.903 		111.22
v -18.646 		56.804 		87.61
v 11.885 		53.566 		87.593
v 5.229 		-191.819 		112.325
v -64.68 		-91.963 		95.251
v -58.711 		189.855 		90.444
v -41.509 		-179.953 		107.178
v -17.107 		56.989 		87.605
v -42.178 		-178.351 		107.479
v 43.769 		-22.034 		90.414
v 48.302 		-16.798 		90.114
v -19.448 		-0.445 		86.429
v 37.019 		-32.501 		91.127
v -64.493 		-92.637 		96.46
v -57.855 		194.991 		89.067
v -58.293 		192.68 		88.968
v -59.052 		187.983 		88.772
v -58.949 		188.391 		89.546
v 2.93 		-192.287 		112.419
v 3.388 		-192.008 		112.368
v 3.636 		-191.904 		112.349
v 3.893 		-191.824 		112.333
v -6.769 		48.697 		85.083
v -18.26 		-8.957 		89.402
v -47.8 		-167.498 		105.22
v -59.953 		180.823 		88.485
v -48.931 		-164.317 		105.3
v -48.682 		-164.608 		106.171
v -47.881 		-166.487 		106.451
v 48.302 		-17.451 		87.632
v -10.34 		41.036 		87.673
v -15.339 		41.964 		87.675
v -15.392 		42.499 		87.67
v -59.689 		182.442 		89.977
v 15.3 		50.9 		87.61
v -15.125 		41.328 		87.682
v -59.498 		184.135 		89.711
v 15.248 		51.436 		87.608
v -59.334 		185.574 		89.427
v -64.199 		-97.751 		95.771
v -16.898 		-8.956 		86.873
v 3.206 		-192.104 		111.22
v 43.769 		-16.801 		90.062
v -32.062 		-8.952 		86.952
v 14.397 		52.935 		87.601
v -64.138 		-96.523 		97.12
v -3.411 		-20.736 		90.116
v 14.678 		52.644 		87.602
v -3.315 		-32.508 		90.986
v 14.908 		52.312 		87.604
v 7.2854 		-194.56 		112.7911
v 7.284 		-194.196 		112.7274
v 7.283 		-194.192 		112.726
v 7.3173 		-194.3282 		112.75
v 7.299 		-194.56 		112.7909
v -46.871 		-169.031 		106.002
v 7.3261 		-194.3632 		112.7562
v -46.257 		-170.873 		105.729
v 35.334 		-21.709 		87.795
v -6.772 		-16.811 		89.854
v 15.137 		51.825 		87.606
v 7.284 		-194.196 		112.7267
v -6.769 		-28.646 		88.156
v -9.905 		42.5 		87.656
v 7.284 		-194.194 		112.727
v -34.284 		168.145 		90.908
v -45.615 		-171.712 		106.413
v -64.279 		-96.794 		98.186
v -34.49 		168.147 		90.907
v -10.069 		41.576 		87.667
v -18.229 		-17.462 		87.4
v -64.099 		-97.409 		97.746
v -34.474 		168.152 		90.572
v 7.286 		-194.725 		112.82
v 7.184 		-195.247 		112.912
v 9.856 		51.438 		87.595
v 9.967 		51.826 		87.594
v 6.606 		-196.288 		113.1
v 9.804 		50.901 		87.596
v 7.046 		-195.621 		112.979
v 6.848 		-195.969 		113.042
v -28.271 		-25.963 		88.04
v 30.28 		-8.952 		86.941
v -14.361 		-105.618 		99.044
v 10.197 		52.314 		87.593
v -44.633 		-174.185 		106.243
v -36.154 		169.67 		90.966
v -36.145 		169.624 		90.628
v -0.857 		-126.478 		101.919
v -16.964 		-126.477 		101.935
v -36.025 		169.151 		90.945
v 10.808 		53.027 		87.592
v -35.766 		168.743 		90.929
v -49.29 		-163.926 		107.243
v 2.309 		-0.961 		88.939
v -35.432 		-0.44 		86.523
v 2.759 		-1.459 		88.964
v 2.86 		-1.75 		88.979
v -49.249 		-164.103 		104.724
v -35.03 		168.236 		90.91
v 2.889 		-1.995 		88.991
v -14.707 		40.971 		85.165
v -14.965 		41.402 		85.16
v -48.4 		-1.091 		89.206
v -15.135 		41.876 		85.156
v -24.48 		-126.475 		99.409
v -38.304 		-185.197 		110.627
v -36.235 		-188.239 		111.166
v -15.216 		42.499 		85.149
v 13.177 		53.395 		85.077
v -6.769 		-101.018 		95.881
v -6.769 		-116.701 		98.005
v -24.48 		-110.831 		97.24
v 2.503 		-1.113 		88.946
v 11.929 		53.395 		85.074
v 12.301 		53.463 		85.075
v 6.499 		-192.54 		112.443
v 6.838 		-192.953 		112.513
v -10.235 		41.636 		85.147
v -10.488 		41.131 		85.153
v 6.935 		-193.103 		111.22
v -40.708 		-180.908 		109.076
v -39.999 		-182.493 		107.605
v -38.742 		-184.161 		108.473
v -10.081 		42.5 		85.137
v -40.729 		-180.773 		108.3
v 7.301 		-194.469 		111.22
v 7.198 		-193.765 		111.22
v 7.089 		-193.422 		112.593
v -36.008 		169.112 		90.607
v -45.035 		-7.379 		89.504
v -40.281 		-182.055 		110.084
v 3.321 		-1.104 		88.946
v -57.998 		-105.606 		99.293
v -44.632 		-7.718 		89.519
v -35.621 		168.588 		90.587
v -44.375 		-8.018 		89.533
v -6.769 		32.82 		85.275
v -63.919 		-99.905 		98.411
v 1.605 		-0.763 		88.929
v 1.36 		-0.792 		88.93
v 6.326 		-196.56 		111.22
v -35.358 		168.391 		90.579
v 0.723 		-1.15 		88.948
v -38.659 		-184.26 		109.465
v -1.734 		35.593 		87.74
v 15.124 		50.9 		85.09
v 7.198 		-195.173 		111.22
v 0.419 		-1.681 		88.974
v -34.825 		168.181 		90.572
v -63.303 		-105.43 		99.137
v 15.093 		51.278 		85.088
v 6.935 		-195.834 		111.22
v 14.971 		51.767 		85.086
v 1.125 		-0.869 		88.934
v 14.371 		52.721 		85.082
v 13.705 		53.192 		85.079
v -36.808 		-187.081 		109.199
v 1.898 		-195.007 		112.902
v 1.844 		-194.479 		112.809
v -45.031 		-7.381 		86.981
v -44.373 		-8.022 		87.01
v -62.927 		-107.396 		98.529
v -48.4 		171.602 		90.67
v -12.247 		39.79 		87.693
v 2.167 		-195.757 		113.033
v -36.788 		-187.432 		108.465
v -11.241 		40.15 		87.686
v -11.726 		39.92 		87.69
v 1.851 		-0.782 		88.93
v -44.629 		-7.721 		86.995
v -10.809 		40.469 		87.681
v -63.21 		-106.612 		99.474
v -61.039 		169.262 		90.552
v 2.464 		-196.199 		113.109
v -60.186 		178.693 		90.905
v 1.894 		-193.95 		112.715
v 10.734 		52.722 		85.073
v 10.349 		52.224 		85.073
v 9.98 		50.901 		85.077
v -60.128 		178.423 		90.154
v -37.414 		-186.262 		110.063
v 10.011 		51.279 		85.076
v -62.856 		-108.389 		99.182
v 10.176 		51.888 		85.074
v -54.117 		171.601 		90.65
v -62.598 		-110.945 		99.873
v 2.629 		-192.554 		112.467
v 2.648 		-192.545 		111.22
v -62.31 		-112.114 		98.601
v 2.207 		-193.103 		111.22
v -60.365 		176.54 		88.717
v -40.997 		-180.317 		108.622
v -59.949 		180.094 		90.051
v 2.294 		-192.969 		112.541
v -62.412 		-111.349 		99.224
v -61.971 		-114.31 		99.266
v -60.685 		172.583 		90.106
v 2.446 		-2.973 		89.041
v -60.39 		175.647 		89.882
v 2.692 		-2.698 		89.027
v -13.315 		39.843 		87.695
v -13.82 		40.024 		87.694
v -12.783 		39.764 		87.694
v 11.34 		53.172 		85.073
v 1.841 		-194.469 		111.22
v 2.005 		-193.535 		111.22
v -14.435 		40.43 		87.69
v 2.648 		-196.392 		111.22
v 2.106 		-195.618 		111.22
v -32.875 		-192.657 		111.973
v 1.882 		-194.943 		111.22
v -60.68 		173.635 		88.206
v -34.855 		-190.087 		111.294
v -14.849 		40.868 		87.686
v -33.747 		-126.474 		101.989
v 17.335 		-206.914 		114.738
v -61.079 		168.841 		88.025
v 0.374 		-2.109 		88.996
v 0.599 		-2.742 		89.029
v -42.549 		-126.471 		99.497
v 8.163 		56.59 		87.584
v -61.06 		167.662 		89.08
v -61.163 		166.571 		89.976
v -33.28 		-192.182 		109.324
v 0.953 		-3.082 		89.046
v -35.074 		-189.831 		108.894
v 28.853 		-197.062 		110.967
v -60.963 		169.147 		89.981
v 29.187 		-196.839 		112.761
v 1.173 		-3.194 		89.052
v 28.96 		-196.935 		112.069
v -10.116 		35.594 		87.749
v -34.754 		-190.035 		109.544
v 1.657 		-3.279 		89.057
v 25.498 		-200.548 		113.476
v 26.522 		-199.472 		112.84
v 2.02 		-3.212 		89.053
v -35.693 		-188.777 		110.497
v -61.36 		-118.252 		99.966
v -34.038 		-190.973 		110.287
v 26.911 		46.093 		87.688
v -12.272 		39.964 		85.171
v 25.998 		-199.908 		112.364
v -10.927 		40.6 		85.16
v -6.769 		163 		87.875
v 25.188 		-200.653 		112.089
v -11.331 		40.301 		85.164
v 27.809 		-198.118 		112.015
v 27.878 		-198.044 		111.579
v -11.785 		40.086 		85.168
v -61.402 		-118.383 		100.519
v 27.482 		-198.462 		111.449
v -2.133 		-212.755 		115.913
v -0.049 		-212.95 		115.947
v 16.8 		38.22 		85.207
v 27.252 		-198.797 		110.871
v -2.924 		-212.63 		115.044
v -5.494 		-212.135 		115.791
v -61.851 		-116.435 		100.793
v 16.816 		35.595 		87.767
v -61.943 		-115.492 		100.486
v -6.781 		-211.8 		115.723
v 25.486 		-200.497 		111.195
v -12.269 		-209.783 		115.314
v -61.501 		-117.49 		99.311
v -12.774 		39.94 		85.172
v -10.878 		-210.388 		115.437
v -14.383 		-208.727 		115.101
v -13.27 		40.013 		85.172
v 15.294 		42.499 		87.67
v -8.817 		-211.159 		115.593
v 15.241 		41.963 		87.675
v 14.859 		41.035 		87.685
v 25.103 		-200.935 		110.99
v -13.857 		40.236 		85.171
v 10.24 		41.038 		87.674
v 9.971 		41.578 		87.667
v -6.769 		-202.432 		111.602
v -14.174 		40.44 		85.17
v -6 		-202.432 		109.75
v 9.807 		42.5 		87.656
v 28.481 		-197.616 		110.348
v 16.8 		-198.751 		110.809
v -60.863 		-121.274 		100.55
v -6.571 		-211.859 		113.175
v -4.167 		-212.407 		113.285
v -61.219 		-120.026 		101.101
v 21.596 		-203.896 		114.135
v 22.455 		-203.233 		111.442
v 22.781 		-202.836 		113.511
v -45.496 		-7.125 		89.495
v -0.049 		-212.95 		113.387
v -46.521 		-6.908 		89.495
v -45.998 		-6.966 		89.492
v 23.335 		-202.28 		112.408
v 22.975 		-202.615 		112.038
v 15.118 		42.499 		85.149
v -28.271 		38.223 		85.259
v -3.419 		150.892 		89.893
v 21.454 		-203.844 		112.277
v -61.034 		-120.67 		99.356
v -27 		35.598 		87.822
v -61.187 		-120.612 		98.814
v -10.157 		-203.621 		114.324
v 21.282 		-203.947 		113.167
v -47.302 		-7.014 		89.51
v -48.523 		-7.762 		89.567
v 10.352 		41.181 		85.152
v -60.59 		-122.854 		100.022
v -47.79 		-7.209 		89.527
v 10.094 		41.754 		85.145
v -48.231 		-7.496 		89.548
v 9.983 		42.5 		85.137
v 2.815 		-1.59 		84.178
v 20.484 		-204.773 		111.748
v 14.964 		41.635 		85.158
v 14.711 		41.13 		85.163
v 2.162 		-0.883 		84.178
v 2.55 		-1.179 		84.178
v 15.068 		41.998 		85.155
v -40.37 		63.339 		87.758
v -48.842 		-8.181 		89.595
v -12.606 		-209.619 		112.721
v -8.638 		-211.225 		113.047
v -15.804 		-207.926 		112.379
v -39.705 		58.144 		87.989
v -39.263 		57.656 		87.984
v -13.908 		-208.975 		113.728
v 0.743 		-1.134 		84.178
v 10.033 		41.999 		85.142
v 20.267 		-204.708 		113.317
v 1.412 		-0.78 		84.178
v -60.519 		-124.389 		99.325
v -48.228 		-7.493 		87.024
v -47.786 		-7.207 		87.003
v -40.371 		60.61 		87.747
v -47.298 		-7.013 		86.986
v -40.33 		59.651 		87.997
v 12.415 		39.764 		87.694
v 12.951 		39.79 		87.695
v -40.169 		59.012 		87.994
v -46.78 		-6.917 		86.974
v 13.472 		39.92 		87.694
v 0.54 		-1.391 		84.178
v -6.769 		-202.432 		104.3547
v -60.606 		-123.771 		101.787
v 2.863 		-2.129 		84.178
v -46.06 		-6.959 		86.968
v -6 		-202.432 		105
v 0.381 		-2.131 		84.178
v 13.957 		40.149 		87.693
v -17.253 		-207.059 		114.765
v -48.605 		-7.86 		87.05
v 19.512 		-205.451 		114.445
v -45.492 		-7.127 		86.971
v -60.328 		-124.167 		100.58
v -20.015 		-198.754 		110.741
v -16.898 		-198.751 		110.807
v -39.703 		58.141 		87.737
v 14.389 		40.469 		87.69
v 19.507 		-205.247 		113.206
v 0.603 		-2.741 		84.178
v -40.353 		59.807 		87.745
v -16.898 		-203.627 		114.201
v -40.041 		58.704 		87.74
v -39.261 		57.655 		87.732
v -60.422 		-124.546 		101.718
v 18.138 		-206.19 		113.61
v 1.101 		-3.159 		84.178
v -35.432 		64.476 		85.207
v 18.142 		-206.187 		113.174
v -24.378 		-201.63 		112.125
v -23.961 		-202.058 		111.205
v 0.4051 		-1.9726 		83.3657
v 0.419 		-1.6897 		83.3558
v -59.757 		-127.274 		100.611
v -59.19 		-130.382 		100.643
v 0.5194 		-1.4429 		83.3472
v 1.431 		-0.7898 		83.3244
v 1.8093 		-0.7898 		83.3244
v -22.719 		-203.106 		111.412
v 1.0675 		-0.9444 		83.3298
v 1.315 		-0.8279 		83.3257
v 11.692 		39.904 		87.69
v 0.9691 		-0.9766 		83.3309
v -23.25 		-202.615 		112.669
v -23.833 		-202.154 		113.789
v 1.3935 		-0.7851 		83.3242
v -20.941 		-204.486 		112.349
v -37.502 		56.824 		87.97
v -37.01 		56.784 		87.966
v -38.14 		56.984 		87.975
v -59.756 		-127.174 		101.165
v 0.7627 		-1.1202 		83.3359
v -20.807 		-204.597 		114.024
v 16.44 		-207.266 		113.606
v 2.8396 		-2.0063 		83.3668
v -38.735 		57.265 		87.98
v 2.7992 		-1.5563 		83.3511
v 16.921 		-207.032 		112.911
v 2.5796 		-1.2154 		83.3392
v -38.802 		-8.949 		87.007
v 2.5579 		-1.1845 		83.3381
v 10.71 		40.471 		87.681
v 2.5001 		-1.136 		83.3365
v -22.399 		-203.358 		114.027
v 2.1793 		-0.8912 		83.3279
v 2.1261 		-0.8701 		83.3272
v -59.546 		-129.047 		102.335
v -59.151 		-130.197 		101.757
v 0.5942 		-1.3333 		83.3434
v -44.012 		-8.719 		89.57
v -37.01 		56.784 		87.714
v -59.785 		-127.371 		101.739
v -43.914 		-9.102 		89.591
v 10.017 		35.594 		87.749
v 2.8645 		-2.0748 		83.3692
v 2.8676 		-2.1111 		83.3705
v 19.265 		-205.468 		112.597
v -44.087 		-10.653 		89.684
v -38.733 		57.264 		87.728
v -19.446 		-205.601 		114.473
v 18.441 		-206.225 		112.038
v 0.6013 		-2.7414 		83.3925
v 0.4176 		-2.2315 		83.3747
v 0.3833 		-2.1398 		83.3715
v -44.341 		-11.113 		89.714
v -17.995 		-206.591 		112.11
v 0.603 		-2.741 		83.3925
v -59.412 		-130.016 		100.084
v 1.983 		-3.2247 		83.4094
v 1.83 		-3.253 		83.4104
v -17.797 		-206.708 		113.144
v 2.4947 		-2.9011 		83.3981
v 2.1625 		-3.124 		83.4059
v -24.48 		161.75 		87.804
v 2.391 		-3.017 		83.4022
v 12.772 		-209.455 		115.25
v -37.502 		56.824 		87.718
v -43.871 		-9.759 		89.629
v -59.553 		-129.137 		100.101
v 10.342 		-210.528 		115.467
v 12.424 		39.94 		85.172
v 2.7633 		-2.5553 		83.386
v -38.139 		56.984 		87.723
v 13.867 		40.301 		85.171
v 13.413 		40.086 		85.172
v 2.8551 		-2.1823 		83.373
v -43.928 		-10.151 		89.652
v -27.93 		-198.283 		113.036
v 9.903 		-210.621 		115.066
v 14.271 		40.6 		85.168
v 1.4539 		-3.253 		83.4104
v -16.898 		150.892 		89.891
v 0.7158 		-2.8201 		83.3953
v 1.0079 		-3.0265 		83.4025
v 1.1334 		-3.1709 		83.4075
v 15.092 		-208.251 		115.007
v -35.432 		51.347 		85.192
v 6.671 		-8.192 		83.5829
v -63.644 		-102.619 		96.606
v -63.657 		-101.351 		97.194
v 12.926 		39.964 		85.173
v -26.606 		-199.623 		110.73
v 12.137 		-209.65 		114.878
v -27.409 		-198.741 		111.559
v 3.321 		-8.959 		89.369
v -26.831 		-199.332 		111.319
v -43.914 		-9.106 		87.067
v -6.769 		134.958 		86.755
v -64.562 		61.05 		85.522
v -44.589 		-11.426 		87.211
v -44.88 		-11.692 		87.23
v 8.335 		-8.959 		89.375
v 7.832 		-211.435 		115.651
v -63.748 		-100.442 		97.794
v -43.983 		-10.345 		87.14
v -64.769 		49.198 		88.063
v -64.634 		56.784 		88.035
v -26.908 		-199.259 		112.336
v 5.253 		-212.153 		115.795
v 6.671 		-11.743 		87.005
v -44.011 		-8.723 		87.046
v 1.288 		-212.832 		115.927
v 23.54 		-17.461 		87.425
v 21.013 		-25.965 		88.003
v 16.813 		-22.044 		90.23
v -63.399 		-103.476 		97.842
v -44.41 		46.1 		87.819
v 2.627 		-212.659 		115.894
v 3.947 		-212.433 		115.85
v 25.231 		-22.042 		90.267
v 11.455 		40.182 		85.166
v -33.748 		46.095 		87.727
v -43.87 		-9.631 		87.097
v 25.232 		-32.505 		91.047
v 10.736 		40.684 		85.159
v -63.133 		-107.295 		97.025
v -63.01 		-107.941 		97.3
v 6.671 		-27.249 		88.051
v -48.4 		150.892 		89.89
v -48.4 		35.606 		87.983
v -49.666 		-110.823 		97.391
v 6.639 		-32.508 		90.988
v -62.657 		-109.993 		97.947
v -64.994 		37.291 		85.678
v -26.421 		-199.726 		112.102
v 50.871 		-42.95 		89.603
v -51.221 		38.233 		85.466
v -64.78 		48.496 		85.548
v -63.026 		-106.734 		97.894
v -64.875 		43.986 		87.7
v -61.729 		159.375 		90.201
v -64.989 		38.31 		86.919
v -65.062 		34.13 		88.247
v -45.318 		-11.976 		89.777
v 15.523 		-207.882 		114.528
v -45.806 		-12.171 		89.794
v 50.867 		-48.18 		92.598
v -46.323 		-12.268 		89.806
v -64.911 		41.655 		88.132
v 15.824 		-207.647 		113.466
v 57.9 		-48.176 		92.686
v 6.671 		33.819 		85.253
v 14.73 		-208.265 		114.022
v -48.182 		-11.732 		89.796
v -48.604 		-11.317 		89.776
v -48.937 		-10.829 		89.751
v -64.086 		35.617 		88.204
v -28.793 		-197.299 		111.012
v -62.088 		-114.918 		98.046
v -61.566 		160.944 		89.862
v 37.019 		-34.46 		88.755
v -47.607 		-12.049 		89.808
v -61.711 		157.889 		89.255
v -64.05 		38.242 		85.642
v 45.613 		-36.419 		91.529
v -66.109 		-67.547 		94.715
v -65.923 		-72.431 		95.246
v 6.659 		35.594 		87.744
v 33.649 		-48.188 		92.446
v 65.127 		26.271 		88.421
v 65.126 		26.341 		85.898
v -15.688 		25.103 		87.981
v -10.118 		25.103 		87.968
v -24.821 		-201.296 		111.056
v -66.119 		-67.547 		92.181
v 49.321 		25.117 		85.698
v 64 		-52 		79.994
v -25.378 		-200.728 		111.595
v 15.242 		-208.207 		112.436
v 14.161 		-208.797 		112.555
v 45.197 		16.595 		85.903
v 16.326 		-207.575 		112.309
v -65.969 		-69.354 		92.998
v 55.003 		-52 		80.003
v 54.003 		-52 		80.003
v 55.003 		-52 		79.994
v -25.234 		-200.904 		113.544
v 54.003 		-52 		86.003
v 57.118 		-64.636 		79.994
v 57.016 		-64.125 		79.994
v 57.16 		-63.228 		79.994
v 13.119 		-209.329 		112.663
v 62.293 		25.124 		88.4
v 55.416 		16.601 		86.027
v 13.425 		-208.982 		113.735
v -6.769 		17.253 		85.672
v -65.822 		-71.686 		93.996
v 12.832 		-209.403 		112.986
v -10.189 		16.584 		85.697
v -46.85 		-12.261 		89.812
v -29.431 		-196.708 		110.171
v 65.473 		11.226 		88.912
v 52.845 		14.631 		88.581
v -28.271 		25.108 		85.517
v -24.48 		16.587 		85.746
v -29.009 		-197.109 		110.518
v -28.471 		-197.736 		110.367
v -65.557 		-79.733 		96.082
v 11.156 		-210.232 		112.845
v -27.529 		-198.707 		110.553
v -48.903 		-8.293 		87.078
v -65.683 		-74.802 		94.511
v 57.348 		-65.104 		79.994
v 61.005 		-64.125 		79.994
v -1.734 		14.616 		88.277
v 60.903 		-64.636 		79.994
v 60.673 		-65.104 		79.994
v -65.688 		-75.498 		95.088
v 65.472 		11.276 		86.388
v -45.81 		-12.173 		87.27
v -45.204 		-11.918 		87.248
v 57.9 		-62.333 		79.994
v 58.368 		-62.102 		79.994
v 60.673 		-62.884 		79.994
v -65.816 		-75.064 		93.005
v 60.903 		-63.352 		79.994
v 59.652 		-62.102 		79.994
v 59.14 		-62.001 		79.994
v -46.854 		-12.261 		87.287
v -46.328 		-12.268 		87.282
v 60.229 		-62.405 		79.994
v -11.744 		13.093 		88.344
v 60.427 		-57.411 		79.994
v 60.011 		-57.729 		79.994
v 58.852 		-132.304 		102.939
v 59.399 		-57.954 		79.994
v 58.134 		-57.772 		79.994
v 57.806 		-136.559 		103.056
v -12.391 		13.891 		88.316
v 58.879 		-57.989 		79.994
v -48.47 		-11.456 		87.258
v -48.964 		-10.764 		87.223
v 57.66 		-137.507 		103.64
v 57.118 		-56.637 		79.994
v 57.016 		-56.126 		79.994
v 57.118 		-55.353 		79.994
v -47.369 		-12.151 		87.287
v -47.852 		-11.943 		87.28
v 58.546 		-133.088 		102.023
v 58.56 		-133.113 		101.183
v 58.19 		-135.2 		100.778
v 57.645 		-136.945 		102.335
v 57.348 		-57.105 		79.994
v 60.903 		-55.353 		79.994
v 61.001 		-55.93 		79.994
v 60.861 		-56.761 		79.994
v 60.945 		-56.513 		79.994
v 57.342 		-138.311 		101.882
v 57.348 		-54.885 		79.994
v 60.12 		-54.334 		79.994
v 60.673 		-54.885 		79.994
v 59.14 		-54.002 		79.994
v 59.652 		-54.103 		79.994
v -50.085 		-0.433 		86.67
v 58.368 		-54.103 		79.994
v 57.9 		-54.334 		79.994
v 56.349 		-142.666 		104.331
v 56.345 		-142.078 		103.028
v 60.1241 		-62.3331 		90.998
v 60.1244 		-62.3334 		90.998
v 60.676 		-62.884 		90.998
v -56.057 		-1.085 		89.31
v 60.906 		-63.352 		90.998
v 59.656 		-62.102 		90.998
v 60.1237 		-62.3329 		90.998
v 55.994 		-143.497 		102.578
v 55.128 		-146.702 		104.434
v -57.998 		-0.427 		86.783
v 55.299 		-146.234 		102.514
v -49.239 		-9.554 		87.155
v -49.194 		-10.079 		87.185
v -49.179 		-9.031 		87.124
v -49.18 		-9.035 		89.648
v -49.24 		-9.691 		89.687
v -49.194 		-10.084 		89.71
v -48.817 		-32.495 		91.245
v -37.222 		-32.501 		91.129
v -48.384 		-16.798 		90.116
v -48.385 		-22.032 		90.467
v -33.747 		-22.039 		90.322
v -40.642 		-16.803 		90.03
# 2857 vertices

g group_0_16345508

usemtl color_16345508
s 0

f 4 	3 	2
f 4 	2 	1
f 6 	9 	5
f 10 	8 	2416
f 12 	676 	9
f 156 	8 	10
f 22 	37 	28
f 14 	1649 	17
f 15 	17 	29
f 17 	1649 	29
f 18 	19 	31
f 31 	21 	30
f 19 	21 	31
f 30 	21 	28
f 33 	28 	35
f 38 	28 	37
f 22 	28 	21
f 38 	39 	28
f 35 	28 	39
f 48 	84 	47
f 49 	84 	48
f 46 	47 	63
f 51 	52 	54
f 52 	56 	54
f 53 	54 	56
f 55 	56 	52
f 49 	53 	56
f 58 	49 	57
f 56 	57 	49
f 32 	26 	2852
f 64 	65 	61
f 60 	61 	65
f 63 	60 	65
f 63 	65 	66
f 63 	66 	67
f 63 	67 	68
f 63 	68 	69
f 45 	46 	63
f 69 	45 	63
f 77 	78 	49
f 79 	49 	78
f 80 	49 	79
f 76 	77 	49
f 83 	49 	80
f 84 	49 	83
f 63 	47 	84
f 75 	76 	49
f 58 	72 	49
f 72 	85 	49
f 85 	86 	49
f 75 	49 	86
f 90 	93 	89
f 91 	93 	90
f 92 	93 	91
f 88 	89 	93
f 94 	113 	93
f 97 	123 	96
f 95 	96 	123
f 98 	123 	97
f 116 	121 	98
f 81 	1480 	74
f 81 	71 	1480
f 99 	100 	94
f 94 	100 	102
f 94 	102 	103
f 94 	103 	105
f 94 	105 	106
f 94 	106 	107
f 94 	107 	108
f 94 	108 	109
f 94 	109 	110
f 94 	110 	111
f 94 	111 	113
f 88 	93 	113
f 114 	1025 	112
f 118 	119 	121
f 120 	121 	119
f 117 	118 	121
f 116 	117 	121
f 123 	98 	121
f 99 	94 	123
f 94 	95 	123
f 125 	1025 	114
f 139 	126 	132
f 128 	1025 	125
f 332 	212 	122
f 135 	137 	134
f 136 	137 	135
f 137 	138 	134
f 138 	139 	134
f 132 	134 	139
f 127 	132 	126
f 132 	127 	140
f 132 	140 	141
f 132 	141 	142
f 132 	142 	143
f 132 	143 	149
f 147 	1025 	146
f 146 	1025 	144
f 11 	156 	10
f 149 	150 	151
f 149 	151 	153
f 149 	153 	154
f 149 	154 	155
f 149 	155 	157
f 149 	157 	158
f 149 	158 	159
f 170 	149 	159
f 133 	1480 	130
f 144 	1025 	133
f 152 	1025 	147
f 115 	129 	2454
f 163 	149 	162
f 164 	149 	163
f 165 	149 	164
f 161 	162 	149
f 166 	149 	165
f 167 	149 	166
f 132 	149 	167
f 160 	161 	149
f 130 	1480 	168
f 173 	149 	172
f 174 	149 	173
f 175 	149 	174
f 171 	172 	149
f 176 	149 	175
f 177 	149 	176
f 178 	149 	177
f 160 	149 	178
f 170 	171 	149
f 43 	374 	50
f 374 	43 	385
f 1480 	133 	1025
f 183 	185 	182
f 185 	186 	182
f 181 	182 	186
f 181 	186 	187
f 181 	187 	188
f 181 	188 	189
f 181 	189 	190
f 190 	179 	181
f 179 	191 	181
f 70 	366 	43
f 112 	1025 	152
f 198 	181 	197
f 191 	197 	181
f 181 	198 	199
f 181 	199 	200
f 181 	200 	193
f 193 	194 	181
f 181 	194 	201
f 332 	122 	8
f 204 	201 	203
f 208 	201 	207
f 210 	201 	208
f 211 	201 	210
f 213 	201 	211
f 206 	207 	201
f 203 	201 	213
f 215 	201 	204
f 216 	201 	215
f 181 	201 	216
f 205 	206 	201
f 124 	145 	131
f 220 	221 	219
f 222 	201 	221
f 205 	201 	222
f 219 	221 	201
f 122 	333 	351
f 225 	226 	227
f 228 	223 	227
f 225 	227 	223
f 223 	224 	225
f 225 	224 	230
f 233 	237 	232
f 232 	225 	231
f 317 	192 	312
f 317 	195 	192
f 122 	212 	333
f 104 	145 	381
f 238 	232 	237
f 225 	232 	238
f 230 	239 	225
f 239 	235 	225
f 235 	231 	225
f 145 	124 	381
f 242 	237 	241
f 244 	237 	243
f 243 	237 	242
f 245 	237 	244
f 248 	237 	245
f 233 	241 	237
f 246 	237 	250
f 249 	250 	237
f 247 	237 	246
f 251 	237 	247
f 236 	237 	251
f 248 	249 	237
f 383 	104 	381
f 259 	265 	253
f 267 	264 	257
f 260 	262 	257
f 262 	263 	257
f 263 	285 	257
f 1025 	1563 	309
f 256 	257 	265
f 259 	256 	265
f 202 	1257 	234
f 268 	265 	270
f 276 	265 	268
f 270 	265 	269
f 280 	266 	1480
f 273 	265 	274
f 73 	1480 	266
f 273 	252 	265
f 253 	265 	252
f 280 	1480 	279
f 265 	282 	271
f 271 	269 	265
f 276 	274 	265
f 285 	267 	257
f 264 	265 	257
f 288 	265 	287
f 115 	275 	277
f 278 	1480 	284
f 265 	290 	291
f 265 	291 	292
f 265 	292 	295
f 295 	287 	265
f 265 	288 	297
f 265 	297 	298
f 265 	298 	299
f 282 	265 	299
f 300 	1025 	289
f 115 	180 	275
f 284 	1480 	283
f 296 	283 	1480
f 1025 	294 	1480
f 278 	279 	1480
f 1413 	1423 	227
f 87 	41 	303
f 294 	1025 	300
f 296 	1480 	294
f 304 	302 	2256
f 2335 	307 	169
f 395 	355 	272
f 1413 	227 	226
f 306 	289 	1025
f 312 	303 	41
f 308 	306 	1025
f 310 	308 	1025
f 281 	286 	1101
f 1416 	1413 	225
f 313 	310 	1025
f 313 	1025 	309
f 311 	184 	196
f 228 	227 	1423
f 312 	192 	303
f 1423 	223 	228
f 311 	196 	209
f 303 	192 	87
f 235 	2755 	231
f 311 	209 	229
f 302 	335 	314
f 307 	311 	229
f 307 	229 	255
f 169 	307 	255
f 180 	318 	275
f 321 	319 	2678
f 440 	240 	214
f 312 	2654 	317
f 317 	2654 	195
f 314 	322 	2256
f 314 	2256 	302
f 418 	293 	305
f 386 	301 	315
f 325 	326 	327
f 326 	314 	327
f 348 	351 	323
f 314 	326 	316
f 335 	325 	327
f 244 	243 	2789
f 326 	325 	330
f 247 	2790 	251
f 346 	320 	319
f 8 	156 	332
f 346 	319 	321
f 370 	316 	330
f 326 	330 	316
f 2794 	248 	245
f 335 	336 	325
f 336 	337 	325
f 340 	325 	337
f 335 	327 	314
f 337 	336 	338
f 302 	338 	336
f 244 	2789 	245
f 2794 	245 	2789
f 311 	321 	184
f 338 	340 	337
f 333 	212 	332
f 302 	336 	335
f 341 	342 	2717
f 1450 	2717 	342
f 345 	334 	2717
f 349 	209 	196
f 122 	323 	261
f 286 	367 	354
f 307 	2403 	311
f 2797 	246 	250
f 345 	2717 	344
f 347 	344 	2717
f 339 	341 	2717
f 334 	339 	2717
f 122 	348 	323
f 321 	311 	346
f 304 	328 	325
f 340 	338 	325
f 323 	351 	369
f 338 	302 	325
f 304 	325 	302
f 2845 	389 	272
f 122 	351 	348
f 354 	343 	1183
f 353 	1480 	357
f 343 	354 	367
f 369 	351 	333
f 2803 	257 	2806
f 304 	1090 	328
f 360 	1450 	359
f 361 	356 	1450
f 360 	361 	1450
f 342 	359 	1450
f 2806 	256 	259
f 350 	364 	449
f 867 	870 	356
f 272 	389 	395
f 367 	2852 	384
f 349 	184 	321
f 2845 	301 	389
f 349 	196 	184
f 334 	841 	339
f 368 	891 	910
f 850 	848 	339
f 349 	229 	209
f 255 	229 	349
f 2757 	242 	241
f 349 	169 	255
f 368 	910 	859
f 2797 	250 	249
f 349 	2271 	169
f 847 	843 	368
f 368 	323 	369
f 376 	378 	1480
f 349 	2274 	2271
f 50 	374 	363
f 2273 	2274 	349
f 246 	2790 	247
f 375 	1480 	378
f 372 	2843 	324
f 373 	376 	1480
f 2755 	235 	239
f 373 	1480 	353
f 357 	1480 	356
f 1450 	356 	1480
f 2472 	2474 	365
f 253 	252 	2802
f 26 	82 	384
f 253 	2802 	259
f 370 	1006 	381
f 272 	390 	580
f 344 	839 	345
f 840 	345 	839
f 260 	2803 	262
f 43 	366 	385
f 390 	272 	355
f 256 	2806 	257
f 347 	839 	344
f 409 	410 	391
f 257 	2803 	260
f 383 	381 	1756
f 391 	13 	409
f 259 	2802 	2806
f 385 	366 	2770
f 2800 	2802 	252
f 867 	356 	361
f 365 	391 	2472
f 264 	2812 	265
f 385 	2770 	374
f 396 	394 	1740
f 2812 	290 	265
f 417 	452 	391
f 391 	410 	417
f 371 	392 	483
f 267 	2810 	264
f 264 	2811 	2812
f 401 	1008 	397
f 267 	285 	2810
f 405 	1008 	401
f 406 	1480 	398
f 398 	1480 	375
f 168 	1480 	406
f 350 	400 	379
f 407 	1008 	405
f 399 	2765 	358
f 379 	364 	350
f 362 	2765 	399
f 391 	2775 	13
f 402 	1008 	407
f 2765 	352 	358
f 2765 	362 	363
f 358 	24 	399
f 377 	400 	408
f 402 	412 	1008
f 24 	362 	399
f 377 	379 	400
f 409 	442 	410
f 408 	415 	380
f 301 	386 	389
f 617 	393 	394
f 392 	380 	415
f 394 	396 	617
f 408 	380 	377
f 423 	1830 	422
f 1008 	427 	397
f 429 	1830 	425
f 425 	1830 	423
f 380 	392 	371
f 433 	1030 	128
f 426 	428 	13
f 421 	422 	1830
f 420 	421 	1830
f 413 	414 	1830
f 426 	13 	404
f 420 	1830 	414
f 1025 	128 	1030
f 1008 	1830 	431
f 432 	1008 	431
f 432 	427 	1008
f 429 	431 	1830
f 434 	1030 	433
f 13 	428 	409
f 1830 	2732 	413
f 451 	315 	372
f 435 	240 	440
f 324 	101 	372
f 437 	441 	439
f 438 	428 	426
f 2828 	288 	287
f 428 	442 	409
f 410 	445 	417
f 428 	445 	410
f 441 	446 	439
f 125 	746 	128
f 428 	410 	442
f 437 	447 	441
f 445 	428 	438
f 437 	449 	447
f 2685 	445 	438
f 450 	447 	449
f 2819 	2810 	285
f 451 	386 	315
f 2832 	2831 	291
f 444 	580 	390
f 449 	364 	450
f 601 	112 	152
f 446 	441 	447
f 446 	447 	450
f 305 	419 	418
f 364 	446 	450
f 2800 	252 	273
f 274 	2799 	273
f 384 	467 	471
f 457 	1008 	455
f 380 	371 	446
f 453 	456 	581
f 454 	1008 	457
f 380 	446 	377
f 2819 	285 	263
f 266 	31 	73
f 371 	493 	446
f 202 	386 	451
f 377 	446 	379
f 349 	321 	2678
f 2684 	349 	2678
f 218 	217 	435
f 461 	1830 	464
f 2684 	2685 	349
f 349 	2685 	2675
f 364 	379 	446
f 218 	435 	430
f 435 	217 	240
f 295 	2828 	287
f 2678 	468 	452
f 446 	535 	566
f 472 	1830 	461
f 439 	446 	566
f 436 	440 	214
f 900 	439 	566
f 475 	1830 	474
f 474 	1830 	472
f 282 	2820 	271
f 214 	418 	436
f 455 	384 	471
f 291 	290 	2832
f 214 	293 	418
f 478 	1830 	475
f 329 	419 	305
f 384 	477 	480
f 384 	480 	479
f 479 	469 	384
f 469 	466 	384
f 1 	2 	382
f 2474 	1 	382
f 476 	384 	478
f 476 	477 	384
f 1830 	478 	384
f 473 	390 	355
f 395 	473 	355
f 386 	202 	389
f 2 	488 	382
f 384 	455 	1008
f 3 	2543 	2
f 434 	485 	1030
f 486 	2713 	485
f 527 	459 	456
f 483 	618 	482
f 365 	382 	481
f 488 	481 	382
f 489 	465 	459
f 489 	462 	465
f 470 	458 	1008
f 918 	483 	482
f 454 	470 	1008
f 489 	487 	462
f 493 	483 	918
f 2803 	2819 	262
f 493 	371 	483
f 496 	510 	495
f 500 	501 	496
f 501 	510 	496
f 502 	510 	501
f 503 	510 	502
f 485 	879 	486
f 507 	510 	506
f 509 	536 	507
f 522 	523 	509
f 503 	506 	510
f 499 	495 	510
f 434 	748 	485
f 433 	748 	434
f 128 	746 	433
f 491 	511 	389
f 518 	1830 	490
f 497 	1008 	505
f 487 	489 	448
f 514 	515 	513
f 516 	509 	515
f 515 	509 	513
f 517 	513 	509
f 512 	513 	517
f 516 	521 	509
f 522 	509 	521
f 524 	525 	509
f 537 	509 	525
f 518 	520 	1830
f 520 	460 	1830
f 460 	463 	1830
f 463 	464 	1830
f 392 	618 	483
f 484 	2762 	304
f 494 	490 	1008
f 1008 	490 	1830
f 484 	2185 	2234
f 611 	444 	390
f 489 	459 	527
f 508 	504 	1008
f 504 	505 	1008
f 497 	494 	1008
f 458 	508 	1008
f 533 	530 	532
f 530 	534 	532
f 529 	534 	530
f 526 	532 	534
f 528 	532 	526
f 528 	545 	532
f 448 	527 	544
f 467 	384 	466
f 510 	507 	536
f 523 	524 	509
f 538 	509 	537
f 538 	539 	509
f 536 	509 	539
f 389 	511 	395
f 543 	564 	542
f 541 	542 	564
f 272 	580 	653
f 446 	493 	535
f 547 	564 	546
f 540 	564 	547
f 395 	1257 	473
f 147 	597 	152
f 601 	152 	597
f 544 	456 	453
f 595 	133 	605
f 527 	456 	544
f 545 	546 	564
f 540 	541 	564
f 550 	563 	543
f 564 	551 	545
f 551 	531 	545
f 531 	532 	545
f 550 	554 	555
f 550 	555 	556
f 550 	556 	553
f 553 	552 	550
f 550 	552 	557
f 550 	557 	558
f 550 	558 	559
f 550 	559 	560
f 550 	560 	562
f 527 	448 	489
f 564 	543 	563
f 562 	563 	550
f 611 	390 	473
f 467 	466 	1478
f 1477 	1478 	466
f 372 	202 	451
f 1139 	576 	568
f 567 	240 	217
f 1478 	1481 	467
f 217 	218 	567
f 567 	590 	591
f 573 	568 	572
f 573 	572 	574
f 502 	501 	2084
f 218 	561 	567
f 472 	1510 	474
f 574 	572 	571
f 574 	571 	569
f 573 	574 	568
f 2085 	503 	2084
f 502 	2084 	503
f 567 	214 	240
f 1481 	1438 	471
f 569 	568 	574
f 465 	462 	771
f 500 	2087 	501
f 2084 	501 	2087
f 678 	1139 	1041
f 430 	648 	561
f 2087 	500 	496
f 234 	491 	389
f 561 	218 	430
f 577 	568 	576
f 571 	568 	577
f 578 	448 	583
f 2717 	2713 	347
f 578 	424 	448
f 576 	815 	577
f 424 	578 	747
f 581 	582 	578
f 436 	418 	484
f 443 	394 	609
f 535 	493 	918
f 571 	572 	568
f 571 	577 	569
f 448 	614 	583
f 578 	583 	581
f 486 	579 	2713
f 754 	523 	522
f 581 	615 	453
f 756 	512 	757
f 459 	582 	456
f 570 	849 	575
f 754 	522 	521
f 855 	565 	549
f 465 	582 	459
f 519 	855 	549
f 456 	582 	581
f 603 	492 	600
f 603 	600 	607
f 567 	591 	598
f 607 	600 	606
f 394 	393 	609
f 616 	1066 	592
f 607 	610 	603
f 610 	607 	612
f 592 	594 	616
f 609 	824 	443
f 614 	581 	583
f 414 	964 	420
f 614 	615 	581
f 594 	598 	621
f 473 	1257 	611
f 614 	453 	615
f 614 	544 	453
f 631 	621 	598
f 444 	608 	580
f 598 	591 	631
f 648 	631 	591
f 1830 	384 	1702
f 590 	648 	591
f 448 	544 	614
f 389 	202 	234
f 561 	590 	567
f 517 	757 	512
f 749 	744 	506
f 392 	586 	618
f 928 	492 	603
f 603 	610 	928
f 618 	586 	632
f 622 	616 	594
f 608 	444 	611
f 617 	619 	1060
f 619 	388 	387
f 509 	757 	517
f 619 	617 	388
f 512 	756 	513
f 620 	482 	618
f 756 	764 	513
f 1008 	367 	384
f 424 	747 	619
f 387 	424 	619
f 2083 	499 	510
f 594 	621 	622
f 503 	2085 	506
f 604 	748 	605
f 605 	748 	595
f 589 	748 	604
f 526 	781 	528
f 593 	748 	588
f 588 	748 	589
f 596 	748 	597
f 601 	597 	748
f 595 	748 	599
f 596 	599 	748
f 628 	619 	630
f 629 	619 	628
f 533 	532 	783
f 783 	784 	530
f 627 	619 	629
f 40 	587 	44
f 530 	533 	783
f 778 	528 	781
f 539 	801 	536
f 618 	632 	620
f 643 	1237 	642
f 1477 	466 	469
f 620 	632 	626
f 645 	1236 	644
f 644 	1237 	643
f 536 	801 	510
f 638 	619 	637
f 636 	637 	619
f 627 	636 	619
f 471 	467 	1481
f 2005 	272 	653
f 640 	1060 	647
f 642 	1060 	640
f 1510 	472 	1509
f 101 	682 	1412
f 646 	647 	619
f 1060 	619 	647
f 619 	747 	651
f 652 	619 	651
f 650 	651 	747
f 632 	656 	626
f 657 	747 	655
f 658 	747 	657
f 475 	1505 	478
f 653 	865 	2119
f 630 	619 	652
f 477 	1484 	480
f 649 	747 	658
f 649 	650 	747
f 648 	590 	561
f 1490 	479 	1489
f 659 	202 	101
f 478 	1487 	476
f 1483 	476 	1487
f 956 	634 	633
f 661 	668 	1249
f 528 	778 	545
f 1412 	659 	101
f 632 	586 	664
f 202 	372 	101
f 655 	747 	654
f 666 	662 	1094
f 484 	621 	631
f 1094 	1249 	668
f 665 	666 	1094
f 1249 	1250 	661
f 648 	484 	631
f 654 	747 	667
f 1337 	1338 	669
f 632 	664 	656
f 484 	622 	621
f 747 	1094 	662
f 663 	673 	747
f 611 	1257 	585
f 670 	747 	673
f 670 	667 	747
f 663 	747 	662
f 638 	646 	619
f 674 	656 	664
f 653 	1593 	1636
f 679 	678 	677
f 653 	1612 	1593
f 676 	12 	679
f 1000 	996 	653
f 996 	865 	653
f 440 	484 	435
f 934 	505 	504
f 653 	1636 	1000
f 980 	625 	623
f 484 	430 	435
f 484 	440 	436
f 609 	393 	677
f 679 	677 	393
f 617 	1053 	1270
f 674 	664 	680
f 617 	676 	393
f 679 	393 	676
f 617 	1270 	676
f 484 	648 	430
f 508 	934 	504
f 674 	626 	656
f 559 	888 	560
f 589 	604 	406
f 674 	683 	626
f 1062 	617 	1060
f 1140 	633 	1159
f 403 	388 	617
f 403 	617 	396
f 748 	675 	602
f 602 	601 	748
f 559 	558 	888
f 101 	148 	682
f 933 	634 	641
f 669 	672 	1482
f 398 	588 	589
f 680 	683 	674
f 693 	636 	688
f 690 	629 	689
f 628 	689 	629
f 778 	774 	545
f 683 	680 	726
f 689 	628 	691
f 630 	691 	628
f 688 	627 	690
f 629 	690 	627
f 660 	635 	692
f 954 	427 	432
f 627 	688 	636
f 638 	637 	695
f 694 	695 	637
f 696 	697 	642
f 696 	642 	640
f 2695 	740 	726
f 700 	643 	697
f 857 	881 	550
f 644 	698 	699
f 644 	699 	645
f 642 	697 	643
f 643 	700 	698
f 643 	698 	644
f 694 	637 	693
f 636 	693 	637
f 646 	701 	702
f 646 	702 	647
f 492 	851 	498
f 647 	702 	696
f 647 	696 	640
f 671 	587 	40
f 645 	699 	692
f 645 	692 	635
f 40 	1486 	671
f 638 	695 	701
f 638 	701 	646
f 861 	156 	584
f 1486 	672 	671
f 707 	650 	706
f 649 	706 	650
f 709 	651 	707
f 650 	707 	651
f 1247 	686 	687
f 565 	889 	894
f 651 	710 	652
f 872 	565 	894
f 710 	651 	709
f 857 	858 	705
f 712 	655 	711
f 654 	711 	655
f 730 	711 	654
f 570 	872 	849
f 655 	712 	715
f 655 	715 	657
f 657 	715 	716
f 657 	716 	658
f 717 	705 	714
f 774 	863 	546
f 652 	710 	691
f 652 	691 	630
f 1214 	1216 	719
f 658 	716 	706
f 658 	706 	649
f 720 	721 	626
f 1130 	1230 	705
f 913 	607 	606
f 723 	661 	722
f 660 	722 	661
f 626 	683 	720
f 719 	714 	1230
f 713 	714 	719
f 705 	1230 	714
f 913 	929 	607
f 663 	662 	725
f 724 	725 	662
f 563 	902 	564
f 722 	660 	692
f 929 	927 	612
f 729 	666 	728
f 665 	728 	666
f 666 	729 	724
f 666 	724 	662
f 667 	730 	654
f 665 	668 	728
f 731 	728 	668
f 551 	564 	902
f 606 	613 	913
f 731 	668 	723
f 661 	723 	668
f 903 	901 	562
f 667 	670 	730
f 733 	730 	670
f 560 	903 	562
f 663 	725 	736
f 663 	736 	673
f 673 	736 	733
f 673 	733 	670
f 641 	634 	956
f 1645 	14 	1641
f 689 	691 	690
f 716 	715 	690
f 710 	690 	691
f 683 	726 	720
f 698 	696 	699
f 692 	699 	696
f 700 	697 	698
f 697 	696 	698
f 702 	722 	696
f 701 	722 	702
f 694 	722 	695
f 693 	722 	694
f 695 	722 	701
f 1058 	718 	704
f 1064 	1058 	704
f 678 	679 	12
f 741 	678 	12
f 706 	690 	707
f 707 	690 	710
f 716 	690 	706
f 715 	712 	688
f 712 	711 	688
f 711 	730 	688
f 688 	690 	715
f 709 	707 	710
f 730 	733 	688
f 48 	777 	49
f 726 	740 	720
f 775 	53 	49
f 777 	48 	47
f 728 	693 	729
f 724 	729 	693
f 731 	693 	728
f 723 	693 	731
f 722 	693 	723
f 692 	696 	722
f 725 	724 	693
f 733 	736 	693
f 725 	693 	736
f 46 	782 	47
f 693 	688 	733
f 506 	2085 	749
f 782 	46 	45
f 578 	582 	624
f 775 	795 	53
f 745 	509 	744
f 507 	744 	509
f 746 	125 	675
f 507 	506 	744
f 509 	745 	757
f 2083 	510 	743
f 624 	747 	578
f 1014 	735 	742
f 582 	465 	624
f 740 	721 	720
f 596 	597 	146
f 2073 	757 	745
f 744 	2073 	745
f 744 	749 	2073
f 65 	813 	66
f 68 	812 	69
f 146 	144 	596
f 740 	2695 	752
f 677 	678 	994
f 754 	755 	523
f 609 	677 	994
f 168 	406 	604
f 516 	760 	521
f 758 	521 	760
f 813 	65 	64
f 69 	776 	45
f 523 	755 	524
f 772 	606 	600
f 753 	751 	750
f 754 	521 	758
f 525 	524 	804
f 740 	752 	721
f 600 	492 	772
f 761 	732 	876
f 514 	764 	515
f 760 	515 	764
f 515 	760 	516
f 2840 	2841 	283
f 751 	1087 	765
f 83 	836 	84
f 626 	721 	763
f 514 	513 	764
f 994 	993 	609
f 838 	78 	77
f 836 	83 	80
f 778 	781 	760
f 79 	78 	838
f 763 	620 	626
f 759 	761 	876
f 2073 	863 	757
f 266 	280 	2839
f 760 	764 	778
f 289 	306 	21
f 769 	771 	462
f 289 	21 	300
f 462 	802 	769
f 770 	773 	768
f 770 	768 	767
f 774 	778 	764
f 756 	774 	764
f 737 	14 	773
f 737 	773 	770
f 771 	769 	999
f 757 	863 	756
f 758 	760 	781
f 763 	721 	752
f 752 	2695 	779
f 777 	775 	49
f 762 	750 	765
f 546 	545 	774
f 777 	47 	780
f 81 	74 	30
f 534 	781 	526
f 822 	820 	772
f 782 	780 	47
f 45 	776 	782
f 641 	639 	772
f 15 	29 	775
f 775 	777 	15
f 933 	641 	772
f 487 	796 	802
f 462 	487 	802
f 308 	37 	306
f 772 	639 	623
f 529 	530 	784
f 823 	15 	812
f 625 	772 	623
f 781 	534 	784
f 780 	15 	777
f 796 	487 	448
f 752 	779 	763
f 750 	751 	765
f 776 	812 	15
f 686 	685 	785
f 782 	15 	780
f 762 	786 	750
f 782 	776 	15
f 606 	772 	613
f 529 	784 	534
f 17 	15 	823
f 830 	773 	17
f 822 	772 	1026
f 57 	789 	58
f 825 	366 	70
f 784 	790 	758
f 804 	755 	790
f 781 	784 	758
f 58 	789 	72
f 613 	772 	625
f 786 	682 	750
f 789 	57 	793
f 792 	794 	684
f 684 	687 	792
f 54 	53 	795
f 783 	790 	784
f 746 	675 	748
f 57 	56 	793
f 798 	793 	56
f 792 	687 	686
f 826 	791 	797
f 779 	788 	763
f 754 	758 	790
f 55 	798 	56
f 51 	795 	52
f 798 	52 	795
f 755 	754 	790
f 785 	792 	686
f 539 	800 	801
f 52 	798 	55
f 538 	800 	539
f 795 	51 	54
f 406 	398 	589
f 803 	802 	796
f 537 	804 	538
f 800 	538 	804
f 793 	798 	890
f 29 	890 	798
f 795 	775 	29
f 743 	510 	801
f 805 	763 	788
f 525 	804 	537
f 788 	799 	805
f 796 	806 	803
f 786 	787 	682
f 798 	795 	29
f 593 	588 	375
f 755 	804 	524
f 800 	2091 	801
f 809 	803 	806
f 681 	684 	794
f 66 	811 	67
f 812 	67 	811
f 790 	2091 	804
f 790 	902 	2091
f 800 	804 	2091
f 791 	2414 	797
f 363 	374 	2770
f 813 	811 	66
f 806 	810 	809
f 776 	69 	812
f 378 	376 	593
f 801 	2091 	743
f 772 	1810 	814
f 918 	763 	920
f 772 	1815 	1810
f 378 	593 	375
f 819 	64 	61
f 818 	819 	61
f 67 	812 	68
f 869 	802 	803
f 763 	918 	620
f 61 	60 	818
f 816 	818 	60
f 345 	840 	334
f 841 	334 	840
f 63 	816 	60
f 714 	2091 	717
f 918 	482 	620
f 84 	816 	63
f 64 	819 	813
f 864 	863 	2073
f 551 	856 	531
f 579 	842 	347
f 819 	818 	823
f 811 	813 	823
f 1815 	772 	820
f 920 	763 	821
f 812 	811 	823
f 821 	763 	805
f 883 	884 	553
f 873 	874 	353
f 1163 	1149 	787
f 557 	552 	884
f 873 	353 	357
f 813 	819 	823
f 808 	1159 	633
f 553 	556 	883
f 768 	823 	767
f 1151 	807 	817
f 799 	821 	805
f 767 	823 	828
f 791 	826 	827
f 818 	828 	823
f 555 	882 	556
f 359 	844 	845
f 359 	845 	360
f 816 	828 	818
f 953 	957 	815
f 828 	770 	767
f 830 	17 	823
f 14 	17 	773
f 830 	823 	773
f 768 	773 	823
f 359 	342 	844
f 341 	844 	342
f 957 	1155 	815
f 86 	831 	75
f 832 	75 	831
f 850 	339 	841
f 787 	1149 	817
f 543 	542 	858
f 85 	833 	831
f 85 	831 	86
f 864 	858 	541
f 766 	826 	797
f 833 	85 	72
f 789 	833 	72
f 857 	550 	543
f 766 	835 	826
f 845 	846 	360
f 836 	816 	84
f 560 	888 	878
f 79 	837 	80
f 836 	80 	837
f 675 	114 	602
f 838 	77 	832
f 551 	902 	856
f 837 	79 	838
f 76 	832 	77
f 839 	347 	842
f 558 	887 	888
f 832 	76 	75
f 1144 	1163 	787
f 831 	833 	912
f 787 	786 	1144
f 893 	912 	833
f 540 	547 	863
f 893 	833 	789
f 70 	681 	825
f 541 	540 	864
f 836 	837 	828
f 816 	836 	828
f 846 	867 	361
f 368 	859 	847
f 912 	911 	831
f 341 	848 	844
f 832 	831 	911
f 542 	541 	858
f 834 	809 	810
f 851 	852 	853
f 341 	339 	848
f 531 	856 	532
f 361 	360 	846
f 825 	681 	794
f 834 	829 	809
f 93 	898 	94
f 895 	94 	898
f 373 	353 	874
f 898 	93 	92
f 874 	875 	373
f 834 	860 	829
f 857 	543 	858
f 861 	847 	862
f 855 	851 	853
f 855 	853 	854
f 863 	864 	540
f 547 	546 	863
f 376 	875 	593
f 855 	519 	851
f 859 	861 	862
f 398 	375 	588
f 94 	895 	95
f 783 	532 	856
f 851 	519 	498
f 333 	332 	861
f 110 	912 	111
f 868 	866 	735
f 332 	156 	861
f 893 	113 	912
f 357 	356 	870
f 869 	1007 	769
f 896 	871 	872
f 849 	872 	871
f 2073 	705 	864
f 917 	916 	103
f 368 	369 	891
f 917 	103 	102
f 869 	769 	802
f 376 	373 	875
f 774 	756 	863
f 809 	869 	803
f 861 	910 	891
f 742 	876 	732
f 859 	910 	861
f 870 	873 	357
f 112 	602 	114
f 877 	876 	742
f 829 	869 	809
f 783 	856 	790
f 829 	909 	869
f 125 	114 	675
f 869 	909 	880
f 903 	878 	717
f 486 	879 	579
f 842 	579 	879
f 735 	866 	877
f 879 	485 	748
f 882 	555 	881
f 554 	881 	555
f 862 	847 	859
f 492 	928 	851
f 552 	553 	884
f 748 	433 	746
f 735 	877 	742
f 120 	119 	952
f 1038 	704 	703
f 554 	550 	881
f 815 	1155 	861
f 735 	734 	868
f 1089 	708 	727
f 855 	854 	885
f 883 	556 	882
f 952 	119 	118
f 557 	884 	887
f 886 	1007 	869
f 765 	1087 	762
f 889 	565 	855
f 885 	889 	855
f 887 	558 	557
f 886 	869 	880
f 90 	890 	91
f 892 	91 	890
f 705 	881 	857
f 882 	881 	705
f 168 	604 	130
f 885 	1852 	889
f 886 	1027 	1007
f 888 	887 	717
f 882 	705 	883
f 144 	595 	599
f 897 	785 	685
f 898 	92 	892
f 89 	88 	890
f 893 	890 	88
f 147 	146 	597
f 369 	861 	891
f 896 	872 	894
f 893 	88 	113
f 759 	876 	897
f 884 	705 	717
f 133 	595 	144
f 892 	92 	91
f 369 	333 	861
f 887 	884 	717
f 878 	888 	717
f 89 	890 	90
f 599 	596 	144
f 29 	898 	892
f 29 	892 	890
f 893 	789 	890
f 789 	793 	890
f 602 	112 	601
f 883 	705 	884
f 885 	854 	1852
f 854 	853 	1852
f 852 	1010 	853
f 1152 	861 	1155
f 570 	565 	872
f 29 	895 	898
f 563 	901 	902
f 130 	605 	133
f 759 	897 	685
f 563 	562 	901
f 2771 	897 	876
f 905 	98 	904
f 97 	904 	98
f 560 	878 	903
f 605 	130 	604
f 904 	97 	96
f 904 	96 	906
f 849 	871 	907
f 95 	908 	906
f 95 	906 	96
f 896 	1852 	871
f 894 	1852 	896
f 894 	889 	1852
f 95 	895 	908
f 1149 	1151 	817
f 902 	901 	2091
f 717 	2091 	901
f 901 	903 	717
f 98 	905 	116
f 439 	900 	437
f 815 	861 	584
f 871 	1852 	907
f 36 	905 	904
f 904 	906 	36
f 29 	36 	895
f 856 	902 	790
f 906 	908 	36
f 895 	36 	908
f 860 	909 	829
f 807 	1151 	808
f 2079 	2094 	713
f 852 	851 	928
f 325 	328 	719
f 909 	860 	899
f 110 	911 	912
f 719 	2066 	713
f 111 	912 	113
f 2835 	2836 	278
f 106 	915 	107
f 915 	106 	916
f 105 	916 	106
f 612 	607 	929
f 569 	577 	815
f 105 	103 	916
f 1247 	687 	684
f 919 	929 	948
f 100 	922 	102
f 917 	102 	922
f 108 	924 	109
f 107 	915 	108
f 924 	108 	915
f 109 	924 	911
f 109 	911 	110
f 284 	2841 	278
f 610 	927 	928
f 2205 	1277 	2771
f 100 	99 	922
f 924 	915 	838
f 828 	837 	915
f 838 	832 	924
f 911 	924 	832
f 929 	930 	927
f 610 	612 	927
f 915 	916 	828
f 899 	914 	909
f 916 	917 	828
f 918 	1492 	535
f 913 	948 	929
f 808 	933 	807
f 930 	929 	919
f 938 	936 	1043
f 919 	1010 	930
f 837 	838 	915
f 928 	1010 	852
f 927 	1010 	928
f 913 	946 	948
f 922 	739 	917
f 828 	917 	739
f 739 	922 	943
f 739 	943 	947
f 947 	951 	739
f 824 	1042 	1041
f 943 	123 	947
f 121 	947 	123
f 880 	909 	914
f 951 	952 	739
f 952 	961 	739
f 576 	1139 	953
f 2836 	2837 	279
f 952 	951 	120
f 808 	633 	933
f 930 	1010 	927
f 815 	576 	953
f 933 	787 	817
f 953 	1139 	957
f 955 	956 	958
f 734 	942 	1035
f 933 	817 	807
f 943 	922 	99
f 880 	914 	939
f 634 	933 	633
f 938 	1035 	942
f 123 	943 	99
f 2835 	278 	2841
f 118 	961 	952
f 117 	961 	118
f 117 	116 	961
f 905 	961 	116
f 120 	951 	947
f 120 	947 	121
f 1066 	932 	592
f 682 	787 	933
f 36 	739 	961
f 633 	1140 	956
f 905 	36 	961
f 1043 	936 	969
f 16 	296 	18
f 294 	18 	296
f 739 	1139 	828
f 968 	970 	956
f 939 	963 	880
f 956 	970 	958
f 132 	1045 	134
f 16 	2840 	296
f 300 	19 	294
f 821 	2695 	978
f 880 	963 	886
f 976 	2695 	975
f 974 	975 	2695
f 980 	639 	955
f 135 	134 	1046
f 1014 	742 	732
f 958 	982 	955
f 1027 	886 	963
f 972 	821 	978
f 973 	821 	972
f 984 	985 	980
f 74 	73 	31
f 976 	978 	2695
f 821 	973 	981
f 984 	980 	982
f 955 	982 	980
f 126 	139 	1055
f 942 	1014 	938
f 71 	81 	28
f 137 	136 	1057
f 1014 	942 	734
f 990 	821 	989
f 1047 	143 	142
f 31 	30 	74
f 1316 	1806 	1041
f 921 	949 	925
f 992 	821 	990
f 981 	989 	821
f 991 	971 	969
f 22 	21 	306
f 1057 	136 	135
f 980 	985 	913
f 986 	1412 	682
f 994 	678 	993
f 678 	1041 	993
f 821 	992 	995
f 969 	932 	991
f 913 	985 	946
f 935 	1032 	937
f 126 	1055 	127
f 258 	33 	309
f 931 	937 	1032
f 1054 	140 	127
f 824 	609 	993
f 623 	639 	980
f 153 	1079 	154
f 988 	1003 	997
f 998 	997 	1003
f 913 	625 	980
f 999 	624 	465
f 39 	310 	313
f 944 	949 	945
f 950 	949 	954
f 944 	954 	949
f 921 	945 	949
f 967 	926 	949
f 926 	925 	949
f 1078 	151 	1080
f 150 	1080 	151
f 465 	771 	999
f 309 	35 	313
f 39 	313 	35
f 1080 	150 	149
f 1002 	971 	991
f 959 	926 	960
f 966 	960 	926
f 964 	926 	962
f 988 	1001 	1003
f 2539 	1010 	985
f 984 	2539 	985
f 962 	926 	959
f 151 	1078 	153
f 842 	879 	845
f 845 	844 	848
f 850 	841 	848
f 845 	841 	840
f 845 	840 	839
f 845 	839 	842
f 991 	1067 	1002
f 955 	641 	956
f 845 	848 	841
f 971 	1002 	969
f 983 	926 	964
f 987 	926 	983
f 977 	923 	987
f 967 	966 	926
f 979 	923 	977
f 926 	987 	923
f 982 	958 	2539
f 958 	970 	2539
f 970 	968 	2539
f 1067 	1043 	1002
f 846 	748 	867
f 870 	867 	748
f 625 	913 	613
f 2695 	1005 	974
f 870 	748 	873
f 874 	873 	748
f 875 	874 	748
f 593 	875 	748
f 996 	1000 	1004
f 1007 	999 	769
f 919 	948 	1010
f 1852 	853 	1010
f 1010 	948 	946
f 162 	1121 	163
f 748 	845 	879
f 846 	845 	748
f 2217 	592 	932
f 955 	639 	641
f 1045 	132 	167
f 160 	1110 	161
f 2539 	1822 	1010
f 1011 	1015 	965
f 44 	587 	2754
f 1129 	166 	165
f 1009 	343 	367
f 946 	985 	1010
f 984 	982 	2539
f 1013 	2695 	1016
f 933 	1973 	1019
f 766 	1010 	835
f 161 	1121 	162
f 1009 	367 	1008
f 936 	1014 	969
f 1014 	936 	938
f 1019 	986 	682
f 166 	1129 	167
f 1020 	1003 	1024
f 1021 	1003 	1020
f 1001 	1024 	1003
f 1027 	1018 	1529
f 682 	933 	1019
f 1011 	965 	1029
f 1028 	1029 	965
f 177 	1145 	178
f 933 	772 	814
f 1141 	171 	1146
f 170 	1146 	171
f 1003 	1021 	1022
f 1023 	1028 	965
f 1022 	1023 	965
f 1003 	1022 	965
f 900 	1018 	1027
f 1005 	2695 	1013
f 1014 	734 	735
f 1015 	1016 	965
f 171 	1141 	172
f 1172 	973 	1171
f 972 	1171 	973
f 1031 	1030 	2735
f 865 	996 	1012
f 548 	1018 	900
f 159 	1084 	170
f 963 	900 	1027
f 975 	974 	1173
f 1005 	1173 	974
f 868 	734 	1035
f 178 	1110 	160
f 975 	1174 	976
f 1177 	976 	1174
f 1036 	1037 	1038
f 849 	1036 	1038
f 976 	1177 	978
f 1181 	978 	1177
f 1042 	993 	1041
f 1030 	485 	2713
f 1173 	1005 	1209
f 849 	1038 	703
f 5 	1040 	1039
f 5 	1039 	6
f 981 	1182 	989
f 1040 	5 	7
f 1040 	7 	738
f 938 	1043 	1035
f 568 	1041 	1139
f 1171 	972 	1181
f 978 	1181 	972
f 973 	1172 	981
f 1182 	981 	1172
f 568 	1316 	1041
f 703 	575 	849
f 1046 	134 	1045
f 849 	907 	1048
f 993 	1042 	824
f 1051 	138 	1050
f 137 	1050 	138
f 1036 	849 	1048
f 989 	1186 	990
f 141 	1054 	142
f 1047 	142 	1054
f 1852 	1701 	907
f 1055 	139 	1051
f 1056 	1089 	727
f 1050 	137 	1057
f 1184 	988 	997
f 1058 	1059 	1056
f 718 	1058 	1056
f 1056 	1059 	1061
f 138 	1051 	139
f 135 	1046 	1057
f 518 	490 	941
f 1029 	1207 	1011
f 140 	1054 	141
f 1061 	1059 	1701
f 1005 	1013 	1209
f 1054 	127 	1055
f 1064 	704 	1038
f 1037 	1064 	1038
f 1015 	1011 	1211
f 1207 	1211 	1011
f 1211 	1212 	1015
f 1036 	1048 	1701
f 1045 	1039 	1046
f 1016 	1209 	1013
f 1020 	1215 	1021
f 1066 	991 	932
f 1054 	1039 	1047
f 1066 	1067 	991
f 1037 	1701 	1064
f 1095 	1047 	1039
f 1050 	1039 	1051
f 999 	1063 	624
f 718 	1056 	727
f 988 	1184 	1001
f 1044 	1165 	1049
f 969 	1002 	1043
f 1051 	1039 	1055
f 1044 	1133 	1165
f 1057 	1039 	1050
f 1058 	1701 	1059
f 1046 	1039 	1057
f 1023 	1224 	1028
f 1054 	1055 	1039
f 1224 	1225 	1028
f 1037 	1036 	1701
f 153 	1078 	1079
f 1217 	1219 	1021
f 149 	1081 	1080
f 1076 	1083 	1060
f 1083 	1069 	1060
f 1175 	1082 	1049
f 1069 	1070 	1062
f 1070 	1071 	1062
f 1071 	1072 	1062
f 1079 	155 	154
f 1085 	1084 	158
f 159 	158 	1084
f 1060 	1068 	1073
f 1060 	1073 	1074
f 1060 	1074 	1075
f 1075 	1076 	1060
f 1079 	1085 	155
f 157 	155 	1085
f 1047 	1081 	149
f 149 	143 	1047
f 1105 	1504 	1104
f 157 	1085 	158
f 1089 	1087 	751
f 747 	1092 	1094
f 1078 	1095 	1079
f 1080 	1081 	1095
f 1078 	1080 	1095
f 1089 	1132 	1087
f 1081 	1047 	1095
f 747 	1100 	1092
f 1093 	1504 	1091
f 1102 	747 	1088
f 1103 	1504 	995
f 1096 	747 	1102
f 1085 	1079 	1095
f 1095 	1232 	1085
f 1104 	1504 	1103
f 940 	931 	1032
f 935 	934 	1032
f 1089 	753 	708
f 1137 	1119 	747
f 747 	1096 	1097
f 747 	1097 	1100
f 941 	940 	1032
f 1099 	1504 	1098
f 1099 	1091 	1504
f 1098 	1504 	1105
f 821 	995 	1504
f 1089 	1056 	1213
f 1213 	1218 	1089
f 163 	1113 	164
f 1115 	164 	1113
f 1504 	1093 	998
f 1077 	1101 	1052
f 1121 	1113 	163
f 1124 	705 	1122
f 167 	1125 	1045
f 1108 	1137 	1107
f 1106 	1137 	1116
f 1089 	751 	753
f 1121 	161 	1110
f 1126 	847 	861
f 1160 	1161 	1168
f 1017 	2754 	1127
f 1118 	1137 	1109
f 1119 	1137 	1118
f 861 	1152 	1126
f 1026 	2409 	1120
f 165 	1115 	1129
f 1130 	705 	1128
f 1124 	1128 	705
f 1112 	1062 	1111
f 1126 	843 	847
f 1133 	2702 	1127
f 29 	1164 	36
f 1114 	1137 	1123
f 1116 	1137 	1114
f 1107 	1137 	1106
f 1129 	1125 	167
f 164 	1115 	165
f 1088 	747 	1119
f 1108 	1109 	1137
f 1062 	1123 	1137
f 6 	1110 	9
f 1087 	1132 	1134
f 1131 	1111 	1062
f 1112 	1123 	1062
f 1113 	6 	1115
f 1121 	6 	1113
f 1045 	1125 	6
f 6 	1039 	1045
f 481 	1134 	1132
f 1155 	957 	1139
f 1129 	6 	1125
f 1131 	1062 	1138
f 1138 	1062 	1072
f 1155 	1139 	36
f 1152 	1155 	36
f 739 	36 	1139
f 1121 	1110 	6
f 968 	956 	1140
f 1641 	828 	1139
f 1115 	6 	1129
f 1030 	1136 	1025
f 1060 	1069 	1062
f 1140 	2539 	968
f 1030 	1031 	1136
f 2205 	2771 	876
f 1142 	173 	1141
f 172 	1141 	173
f 1110 	178 	1145
f 2735 	1136 	1031
f 1147 	1148 	1149
f 176 	1145 	177
f 174 	1142 	175
f 1126 	965 	843
f 175 	1142 	1145
f 175 	1145 	176
f 1152 	36 	1154
f 405 	401 	925
f 1142 	174 	173
f 1052 	1101 	1157
f 1146 	170 	1084
f 1126 	1152 	1154
f 1157 	1101 	1136
f 1156 	1158 	1159
f 1156 	1159 	1151
f 1052 	1157 	1136
f 9 	1110 	1145
f 9 	1142 	1141
f 9 	1141 	1284
f 1146 	1284 	1141
f 1162 	1168 	1161
f 1161 	1160 	1133
f 1084 	1228 	1146
f 1160 	1168 	1165
f 1163 	1147 	1149
f 1145 	1142 	9
f 2603 	1135 	1120
f 1133 	1162 	1161
f 1154 	1153 	1126
f 1162 	1127 	1168
f 1085 	1231 	1084
f 1153 	1154 	36
f 1133 	1127 	1162
f 937 	497 	935
f 1087 	1144 	762
f 1153 	1164 	1126
f 1126 	1759 	1760
f 1133 	1160 	1165
f 1167 	934 	508
f 1176 	1168 	1175
f 1176 	1165 	1168
f 1168 	2754 	1170
f 1151 	1149 	1150
f 1148 	1150 	1149
f 1170 	1090 	1168
f 1185 	1168 	1082
f 1164 	1649 	1126
f 1170 	328 	1090
f 481 	1148 	1147
f 1174 	975 	1173
f 1168 	1185 	1175
f 1151 	1159 	808
f 1150 	1179 	1151
f 1049 	1176 	1175
f 1069 	1346 	1070
f 1151 	1179 	1156
f 1071 	1354 	1072
f 1355 	1072 	1354
f 1150 	481 	1179
f 1186 	989 	1182
f 198 	197 	1263
f 1315 	1356 	1073
f 1358 	1076 	1075
f 1263 	197 	191
f 1101 	1183 	1136
f 1070 	1350 	1071
f 1354 	1071 	1350
f 1101 	354 	1183
f 1356 	1357 	1074
f 1101 	286 	354
f 1144 	1143 	1163
f 1223 	1001 	1184
f 1143 	481 	1163
f 1281 	216 	215
f 1372 	1083 	1358
f 1076 	1358 	1083
f 1090 	1082 	1168
f 1372 	1346 	1083
f 1069 	1083 	1346
f 1082 	1175 	1185
f 1315 	1073 	1068
f 1186 	1187 	990
f 1165 	1176 	1049
f 762 	1144 	786
f 1087 	1134 	1192
f 1087 	1192 	1144
f 1190 	1191 	1093
f 1190 	1093 	1091
f 1144 	1192 	1143
f 1194 	1099 	1193
f 1098 	1193 	1099
f 1099 	1194 	1190
f 1099 	1190 	1091
f 1392 	1097 	1096
f 1143 	1192 	481
f 1134 	481 	1192
f 1283 	1284 	213
f 992 	990 	1196
f 211 	1283 	213
f 1187 	1196 	990
f 1158 	1140 	1159
f 1103 	995 	1199
f 1196 	1199 	995
f 992 	1196 	995
f 222 	221 	1290
f 1392 	1100 	1097
f 1200 	1104 	1199
f 1103 	1199 	1104
f 1294 	220 	219
f 1158 	481 	1140
f 1179 	481 	1156
f 1156 	481 	1158
f 1201 	1105 	1200
f 1104 	1200 	1105
f 201 	1293 	219
f 1404 	1405 	1107
f 220 	1294 	221
f 1290 	221 	1294
f 1193 	1098 	1201
f 1105 	1201 	1098
f 1107 	1106 	1404
f 1407 	1404 	1106
f 1167 	1032 	934
f 1034 	1033 	1167
f 1205 	1184 	997
f 194 	1268 	201
f 1033 	1032 	1167
f 1150 	1148 	481
f 1147 	1163 	481
f 1205 	998 	1191
f 997 	998 	1205
f 1093 	1191 	998
f 1411 	1112 	1410
f 1111 	1410 	1112
f 1166 	1513 	1167
f 1206 	1132 	1089
f 1414 	1415 	1114
f 1417 	1418 	1118
f 1128 	1124 	1117
f 1089 	1218 	1206
f 179 	190 	1245
f 1112 	1411 	1424
f 1112 	1424 	1123
f 1016 	1015 	1212
f 1117 	1130 	1128
f 1232 	183 	182
f 1210 	1189 	1202
f 1016 	1212 	1209
f 1056 	1061 	1213
f 183 	1232 	185
f 1210 	1522 	1189
f 1217 	1021 	1215
f 1116 	1415 	1106
f 1222 	330 	719
f 1216 	1222 	719
f 191 	179 	1245
f 1022 	1219 	1220
f 1022 	1220 	1023
f 1109 	1417 	1118
f 1214 	1006 	1216
f 1180 	2587 	1203
f 1188 	1189 	1221
f 1245 	1263 	191
f 1218 	1213 	1701
f 1061 	1701 	1213
f 325 	719 	330
f 1131 	1429 	1111
f 1024 	1001 	1223
f 1006 	370 	1216
f 1222 	1216 	370
f 1114 	1123 	1414
f 1424 	1414 	1123
f 1215 	1020 	1223
f 1024 	1223 	1020
f 1206 	1218 	1701
f 1214 	1230 	1006
f 1418 	1384 	1119
f 1023 	1220 	1224
f 2604 	1180 	1169
f 1228 	181 	216
f 1522 	1221 	1189
f 481 	1132 	1701
f 1029 	1028 	1225
f 2603 	2608 	1169
f 1221 	1195 	1188
f 1206 	1701 	1132
f 1029 	1225 	1207
f 1355 	1138 	1072
f 330 	1222 	370
f 1286 	747 	1063
f 1022 	1021 	1219
f 865 	1012 	481
f 1198 	1226 	1197
f 182 	1231 	1232
f 1214 	719 	1230
f 1232 	1233 	185
f 1171 	1181 	1172
f 1182 	1172 	1181
f 1182 	1181 	1177
f 1182 	1177 	1174
f 1182 	1174 	1173
f 1173 	1209 	1182
f 185 	1233 	186
f 202 	1255 	1257
f 181 	1228 	1231
f 182 	181 	1231
f 1463 	1496 	1210
f 1086 	1178 	1229
f 1281 	1146 	1228
f 1190 	1207 	1191
f 1205 	1191 	1207
f 1194 	1207 	1190
f 1193 	1207 	1194
f 1201 	1207 	1193
f 1200 	1207 	1201
f 1199 	1207 	1200
f 1196 	1207 	1199
f 1187 	1207 	1196
f 1182 	1211 	1186
f 1184 	1205 	1207
f 1231 	1085 	1232
f 1186 	1207 	1187
f 1242 	1068 	1060
f 1257 	511 	491
f 1232 	1095 	1233
f 741 	1245 	1095
f 1211 	1182 	1212
f 1209 	1212 	1182
f 1207 	1186 	1211
f 1257 	491 	234
f 1236 	645 	1235
f 1237 	644 	1236
f 1197 	2730 	2703
f 1228 	1084 	1231
f 1241 	1242 	1060
f 1510 	1509 	1434
f 1207 	1225 	1224
f 1207 	1224 	1220
f 1207 	1220 	1219
f 1207 	1219 	1217
f 1207 	1217 	1215
f 1207 	1215 	1223
f 1184 	1207 	1223
f 1230 	1130 	1117
f 1086 	1203 	1178
f 189 	1244 	190
f 1245 	190 	1244
f 1244 	189 	1246
f 188 	1246 	189
f 1239 	642 	1238
f 1060 	642 	1239
f 1240 	1060 	1239
f 1238 	642 	1237
f 635 	1235 	645
f 580 	1618 	1243
f 2604 	1169 	2608
f 1240 	1241 	1060
f 548 	1251 	1369
f 1233 	1246 	186
f 187 	186 	1246
f 1203 	2587 	1178
f 187 	1246 	188
f 635 	660 	1253
f 1246 	1095 	1244
f 1244 	1095 	1245
f 945 	397 	944
f 1235 	635 	1253
f 1252 	1251 	535
f 1245 	741 	1263
f 1254 	1202 	1189
f 1451 	1169 	1180
f 1233 	1095 	1246
f 660 	661 	1253
f 1250 	1253 	661
f 1247 	1248 	732
f 944 	427 	954
f 1095 	678 	741
f 1480 	1298 	1256
f 199 	1258 	1259
f 199 	1259 	200
f 1257 	1255 	585
f 198 	1260 	199
f 1258 	199 	1260
f 668 	665 	1094
f 1263 	1260 	198
f 759 	685 	1247
f 1247 	732 	761
f 759 	1247 	761
f 1293 	201 	1268
f 1267 	1298 	1266
f 1480 	71 	1298
f 1266 	1298 	71
f 420 	962 	421
f 1270 	1271 	9
f 7 	5 	1269
f 1492 	1252 	535
f 1268 	194 	193
f 1268 	193 	1259
f 1264 	1298 	1267
f 1264 	1261 	1298
f 1259 	193 	200
f 1270 	9 	676
f 5 	9 	1269
f 1269 	9 	1271
f 1269 	1271 	1272
f 1261 	1262 	1298
f 1563 	1298 	1262
f 1258 	741 	1259
f 1258 	1260 	741
f 7 	1269 	738
f 1273 	738 	1269
f 1257 	395 	511
f 1248 	1014 	732
f 1269 	1302 	1273
f 741 	1260 	1263
f 686 	1247 	685
f 1275 	1563 	1274
f 900 	1251 	548
f 1040 	738 	1273
f 681 	1247 	684
f 741 	12 	1268
f 1039 	1040 	1095
f 1259 	741 	1268
f 678 	1273 	1541
f 566 	535 	1251
f 1275 	1276 	1563
f 1262 	1274 	1563
f 900 	566 	1251
f 678 	1095 	1273
f 1040 	1273 	1095
f 1270 	1053 	1271
f 258 	309 	1563
f 1276 	258 	1563
f 1287 	1288 	1278
f 207 	1279 	208
f 1280 	208 	1279
f 458 	470 	1166
f 678 	1541 	1139
f 1278 	1641 	1282
f 1228 	216 	1281
f 1053 	1272 	1271
f 1283 	211 	1280
f 210 	1280 	211
f 208 	1280 	210
f 1282 	1467 	1278
f 2571 	1227 	1229
f 1291 	1279 	205
f 203 	1284 	204
f 1281 	204 	1284
f 1641 	1139 	1282
f 1468 	1062 	1285
f 203 	213 	1284
f 204 	1281 	215
f 1464 	1285 	1286
f 494 	497 	931
f 1541 	1723 	1282
f 659 	1421 	1255
f 206 	1279 	207
f 747 	1286 	1285
f 1208 	2723 	1292
f 12 	9 	1279
f 1280 	1279 	9
f 1284 	1146 	1281
f 1345 	1288 	1287
f 1137 	747 	1285
f 1278 	1345 	1287
f 659 	1255 	202
f 490 	494 	940
f 1283 	9 	1284
f 1280 	9 	1283
f 1288 	1289 	1278
f 1188 	1195 	1256
f 1289 	1295 	1278
f 1290 	1291 	222
f 219 	1293 	1294
f 1507 	1510 	1434
f 1382 	1065 	1169
f 1336 	1247 	1292
f 1062 	1137 	1285
f 1117 	1006 	1230
f 206 	205 	1279
f 222 	1291 	205
f 617 	1062 	1053
f 1006 	1117 	1756
f 1292 	1247 	1208
f 12 	1279 	1291
f 12 	1291 	1290
f 1290 	1294 	12
f 381 	1006 	1756
f 1294 	1293 	12
f 1293 	1268 	12
f 1277 	1198 	1197
f 1135 	1368 	1297
f 1458 	1053 	1062
f 1297 	1120 	1135
f 1299 	1300 	1301
f 1302 	1269 	1272
f 1427 	1305 	1304
f 1303 	1304 	1305
f 1135 	1065 	1385
f 1300 	1303 	1305
f 1300 	1305 	1301
f 1299 	1427 	1304
f 1272 	1053 	1302
f 1300 	1299 	1304
f 1300 	1304 	1303
f 401 	397 	921
f 1307 	1308 	1309
f 1310 	1311 	1312
f 1476 	1302 	1053
f 1135 	1385 	1368
f 1308 	1310 	1312
f 1308 	1312 	1309
f 1313 	1314 	1439
f 1574 	1188 	1256
f 1308 	1307 	1311
f 1308 	1311 	1310
f 1476 	1053 	1458
f 1301 	1305 	1342
f 1235 	1253 	1319
f 1334 	1204 	1226
f 1237 	1236 	1323
f 1322 	1323 	1236
f 1238 	1326 	1327
f 1238 	1327 	1239
f 1324 	1320 	1341
f 1321 	1339 	1329
f 1328 	1331 	1241
f 1328 	1241 	1240
f 1226 	1198 	1334
f 1334 	1335 	1336
f 1328 	1240 	1327
f 1239 	1327 	1240
f 1340 	1242 	1331
f 1241 	1331 	1242
f 1369 	1365 	1296
f 1305 	1341 	1342
f 1339 	2743 	669
f 672 	669 	2743
f 1321 	1317 	1339
f 1235 	1319 	1322
f 1235 	1322 	1236
f 960 	422 	959
f 1315 	1068 	1340
f 1242 	1340 	1068
f 1314 	585 	1255
f 1334 	1336 	1204
f 1344 	1342 	1320
f 1237 	1323 	1326
f 1237 	1326 	1238
f 1350 	1070 	1346
f 1349 	1343 	1330
f 1343 	1324 	1330
f 1341 	1330 	1324
f 1336 	1292 	1204
f 1265 	1314 	1313
f 1321 	1329 	1353
f 1353 	1383 	1321
f 967 	425 	966
f 1341 	1320 	1342
f 1471 	1383 	1351
f 1074 	1073 	1356
f 1357 	1358 	1075
f 1364 	1376 	1360
f 1467 	1348 	1278
f 1345 	1278 	1348
f 1379 	1400 	1321
f 420 	964 	962
f 1362 	1364 	1360
f 1075 	1074 	1357
f 1347 	1333 	1325
f 1366 	1367 	1373
f 1349 	1373 	1367
f 1351 	1338 	1337
f 1351 	1337 	1352
f 1333 	1347 	1352
f 1333 	1352 	1337
f 1373 	1349 	1370
f 1370 	1349 	1316
f 1329 	1339 	1353
f 1374 	1375 	1365
f 1376 	1364 	1373
f 1364 	1366 	1373
f 1330 	1316 	1349
f 1353 	1339 	1351
f 1338 	1351 	1339
f 1363 	1371 	1436
f 1361 	1378 	1371
f 1380 	1381 	1250
f 1380 	1250 	1249
f 1728 	1378 	1361
f 1451 	1606 	1382
f 1365 	1369 	1374
f 1390 	1359 	1377
f 1359 	1360 	1376
f 1376 	1377 	1359
f 1249 	1094 	1380
f 1386 	1380 	1094
f 1092 	1386 	1094
f 1387 	1361 	1371
f 1388 	1253 	1381
f 1250 	1381 	1253
f 1369 	1252 	1374
f 1347 	1471 	1352
f 1352 	1471 	1351
f 1388 	1319 	1253
f 1379 	1321 	1383
f 1391 	1392 	1096
f 1065 	1382 	1385
f 1390 	1377 	1389
f 1402 	1389 	1377
f 1363 	1387 	1371
f 1396 	1386 	1092
f 1396 	1092 	1100
f 1612 	1306 	1593
f 1394 	1393 	1796
f 1088 	1384 	1399
f 1088 	1399 	1102
f 1296 	1365 	1394
f 1395 	1318 	1400
f 1102 	1399 	1391
f 1102 	1391 	1096
f 1309 	1312 	1401
f 1309 	1401 	1402
f 1396 	1100 	1392
f 1317 	1321 	1400
f 1403 	1393 	1394
f 1108 	1107 	1405
f 1365 	1403 	1394
f 945 	921 	397
f 1408 	230 	1406
f 224 	1406 	230
f 1365 	1375 	1403
f 1382 	1603 	1385
f 1108 	1405 	1109
f 1409 	1109 	1405
f 1401 	1398 	1402
f 1401 	1397 	1398
f 2779 	239 	1408
f 1389 	1402 	1398
f 1371 	2203 	2189
f 1116 	1114 	1415
f 1469 	1420 	1342
f 1451 	1332 	1606
f 1119 	1118 	1418
f 226 	225 	1413
f 1301 	1342 	1420
f 1299 	1301 	1422
f 1420 	1422 	1301
f 1412 	1421 	659
f 1454 	1425 	1426
f 224 	223 	1406
f 1407 	1106 	1415
f 1454 	1341 	1425
f 1425 	1305 	1427
f 1406 	223 	1423
f 1422 	1427 	1299
f 1419 	1426 	1425
f 1419 	1425 	1420
f 1363 	1428 	1387
f 1369 	1251 	1252
f 1426 	1419 	1456
f 1408 	1406 	1395
f 1406 	1423 	1395
f 1318 	1395 	1423
f 1109 	1409 	1417
f 1420 	1425 	1427
f 1420 	1427 	1422
f 1410 	1111 	1429
f 1314 	1255 	1421
f 1413 	1416 	1318
f 1439 	1314 	1421
f 926 	923 	407
f 1344 	1431 	1430
f 1439 	1421 	1412
f 1088 	1119 	1384
f 1416 	2783 	1318
f 1428 	1465 	1470
f 1131 	1138 	1429
f 1433 	1429 	1138
f 1413 	1318 	1423
f 1296 	1394 	1796
f 1433 	1138 	1355
f 470 	454 	1234
f 1467 	1803 	1348
f 1317 	1400 	1318
f 1437 	1297 	1368
f 1961 	1955 	1412
f 455 	1438 	1440
f 455 	1440 	457
f 1328 	1417 	1331
f 1328 	1327 	1417
f 1326 	1417 	1327
f 1340 	1331 	1417
f 1323 	1417 	1326
f 1322 	1418 	1323
f 1319 	1418 	1322
f 1388 	1418 	1319
f 1315 	1340 	1417
f 457 	1440 	1434
f 457 	1434 	454
f 1350 	1417 	1354
f 1346 	1417 	1350
f 1372 	1417 	1346
f 1358 	1417 	1372
f 1357 	1417 	1358
f 1356 	1417 	1357
f 1315 	1417 	1356
f 1355 	1354 	1417
f 1430 	1432 	1435
f 1445 	1457 	1306
f 1380 	1386 	1381
f 1386 	1396 	1381
f 1396 	1392 	1381
f 1392 	1391 	1381
f 1391 	1399 	1381
f 1399 	1384 	1381
f 1384 	1418 	1381
f 1388 	1381 	1418
f 1344 	1320 	1431
f 1428 	2175 	1387
f 1475 	1432 	1320
f 258 	1449 	33
f 464 	1513 	461
f 1509 	461 	1513
f 1450 	1436 	1371
f 1417 	1323 	1418
f 1404 	1414 	1405
f 1409 	1405 	1414
f 1407 	1415 	1404
f 1417 	1409 	1414
f 1417 	1414 	1424
f 1417 	1424 	1411
f 1417 	1411 	1410
f 1417 	1410 	1429
f 1417 	1429 	1433
f 1417 	1433 	1355
f 1415 	1414 	1404
f 624 	1063 	747
f 1034 	464 	463
f 1324 	1569 	1474
f 1382 	1169 	1451
f 28 	33 	1446
f 1447 	1446 	33
f 1447 	33 	1449
f 1449 	1443 	1447
f 1441 	1444 	1442
f 1447 	1443 	1444
f 1473 	1375 	1374
f 1320 	1432 	1431
f 1442 	1444 	1443
f 1273 	1452 	1540
f 1302 	1452 	1273
f 460 	1033 	463
f 1432 	1430 	1431
f 1540 	1541 	1273
f 1302 	1476 	1452
f 1180 	1203 	1451
f 1426 	1453 	1454
f 1332 	1451 	1203
f 1453 	1426 	1456
f 469 	1479 	1477
f 1806 	1316 	1330
f 1434 	1234 	454
f 1450 	1462 	1436
f 1348 	1892 	1345
f 1306 	1457 	1455
f 1461 	1459 	1332
f 474 	1507 	475
f 1363 	1465 	1428
f 1466 	1464 	1468
f 1453 	1460 	1454
f 1514 	1460 	1453
f 1330 	1454 	1460
f 1466 	1468 	1285
f 461 	1509 	472
f 1495 	1333 	669
f 669 	1333 	1337
f 1453 	1456 	1514
f 1465 	1436 	1462
f 1325 	1498 	1347
f 1496 	1498 	1325
f 474 	1510 	1507
f 1419 	1420 	1469
f 1468 	1458 	1062
f 1472 	1383 	1471
f 1305 	1425 	1341
f 1469 	1456 	1419
f 1490 	1479 	479
f 1462 	1470 	1465
f 1342 	1344 	1469
f 1344 	1514 	1469
f 1345 	1735 	1288
f 1330 	1341 	1454
f 1472 	1558 	1383
f 1484 	477 	1483
f 1464 	1466 	1285
f 1086 	1461 	1332
f 1229 	1227 	1461
f 1489 	480 	1484
f 469 	479 	1479
f 1461 	1086 	1229
f 1465 	1363 	1436
f 480 	1489 	479
f 1474 	1475 	1324
f 1473 	2173 	1956
f 1473 	1956 	1863
f 1473 	1863 	1871
f 1475 	1320 	1324
f 1448 	1313 	1439
f 1227 	2624 	1459
f 1458 	1737 	1476
f 1473 	1393 	1403
f 1227 	1459 	1461
f 1375 	1473 	1403
f 1195 	1480 	1256
f 1374 	1252 	1473
f 455 	471 	1438
f 1472 	1471 	1463
f 1393 	1473 	1797
f 1473 	1813 	1827
f 476 	1483 	477
f 1086 	1332 	1203
f 1761 	1464 	1286
f 1473 	1827 	1797
f 1486 	1482 	672
f 1435 	1432 	1475
f 1761 	1286 	1488
f 1063 	1488 	1286
f 1202 	1254 	1590
f 918 	1743 	1492
f 1486 	40 	1428
f 1496 	1325 	1495
f 1325 	1333 	1495
f 920 	821 	1504
f 1471 	1347 	1498
f 1494 	1488 	1063
f 1462 	1450 	1480
f 1480 	1470 	1462
f 1026 	1562 	1623
f 1474 	1497 	1493
f 1470 	1486 	1428
f 1026 	1623 	1501
f 1495 	669 	1482
f 1033 	460 	1032
f 1502 	965 	1126
f 1494 	1779 	1488
f 464 	1034 	1513
f 1482 	1210 	1495
f 1557 	1491 	1493
f 1818 	1550 	1476
f 1034 	463 	1033
f 822 	1026 	1501
f 1476 	1550 	1452
f 1548 	1452 	1550
f 1498 	1463 	1471
f 1487 	478 	1505
f 1003 	965 	1502
f 73 	74 	1480
f 1500 	1457 	1546
f 475 	1507 	1505
f 1027 	1529 	1007
f 1274 	1262 	1442
f 1506 	1007 	1529
f 1514 	1344 	1430
f 1512 	1508 	1503
f 1511 	1512 	1503
f 1264 	1444 	1261
f 999 	1007 	1506
f 1435 	1475 	1516
f 1520 	1482 	1486
f 1475 	1474 	1516
f 1266 	71 	1446
f 28 	1446 	71
f 1523 	1502 	1521
f 1518 	1521 	1502
f 999 	1506 	1553
f 427 	944 	397
f 1520 	1221 	1522
f 1063 	999 	1553
f 1499 	1519 	1485
f 1525 	1003 	1524
f 1514 	1435 	1516
f 1485 	1519 	1515
f 923 	979 	402
f 1517 	1518 	1502
f 1524 	1003 	1523
f 1514 	1430 	1435
f 921 	925 	401
f 1522 	1210 	1482
f 1526 	1003 	1525
f 1527 	1003 	1526
f 1502 	1523 	1003
f 1495 	1210 	1496
f 1522 	1482 	1520
f 405 	925 	926
f 405 	926 	407
f 1498 	1496 	1463
f 1729 	1460 	1514
f 1369 	1296 	1018
f 402 	407 	923
f 1463 	1210 	1202
f 1018 	548 	1369
f 1520 	1480 	1195
f 1729 	1514 	1516
f 1520 	1486 	1470
f 1296 	1575 	1018
f 827 	1745 	791
f 1536 	1445 	1448
f 1520 	1470 	1480
f 1536 	1537 	1445
f 1516 	1528 	1585
f 1441 	1261 	1444
f 1535 	1502 	1534
f 1539 	1540 	1538
f 1548 	1538 	1540
f 1195 	1221 	1520
f 1456 	1469 	1514
f 1503 	1508 	1530
f 1516 	1542 	1528
f 1537 	1457 	1445
f 1573 	1723 	1540
f 1539 	1573 	1540
f 1543 	1528 	1542
f 1444 	1264 	1447
f 1532 	1533 	1502
f 1533 	1534 	1502
f 1517 	1502 	1535
f 1723 	1541 	1540
f 1542 	1516 	1543
f 1282 	1139 	1541
f 1531 	1502 	1530
f 1530 	1502 	1503
f 1276 	1449 	258
f 1467 	1282 	1723
f 1275 	1443 	1276
f 1449 	1276 	1443
f 1531 	1532 	1502
f 1543 	1516 	1474
f 1261 	1442 	1262
f 1441 	1442 	1261
f 1452 	1548 	1540
f 1443 	1275 	1274
f 1443 	1274 	1442
f 935 	505 	934
f 1537 	1536 	1546
f 1491 	1549 	1543
f 1692 	1518 	1517
f 1446 	1447 	1266
f 1267 	1266 	1447
f 937 	931 	497
f 505 	935 	497
f 1537 	1546 	1457
f 508 	458 	1167
f 1166 	1167 	458
f 1267 	1447 	1264
f 1692 	1689 	1518
f 1457 	1500 	1545
f 931 	940 	494
f 1493 	1491 	1543
f 1455 	1457 	1545
f 1474 	1493 	1543
f 1032 	460 	520
f 1497 	1557 	1493
f 940 	941 	490
f 1353 	1351 	1383
f 2754 	1383 	1170
f 1558 	1717 	1383
f 1455 	1545 	1646
f 1497 	1581 	1557
f 518 	941 	520
f 1032 	520 	941
f 1717 	1558 	1559
f 1234 	1166 	470
f 1705 	1706 	1530
f 1558 	1472 	1559
f 1554 	1063 	1553
f 1557 	1585 	1528
f 1544 	1556 	1552
f 1499 	1545 	1732
f 1463 	1559 	1472
f 1556 	1547 	1552
f 1919 	977 	411
f 1711 	1533 	1532
f 1557 	1528 	1561
f 1534 	1714 	1535
f 1549 	1491 	1557
f 1494 	1063 	1554
f 1711 	1714 	1533
f 421 	959 	422
f 1716 	1717 	1559
f 1687 	1688 	1535
f 1448 	1439 	1536
f 1561 	1549 	1557
f 959 	421 	962
f 1543 	1549 	1561
f 1562 	1026 	1120
f 413 	983 	414
f 964 	414 	983
f 1543 	1561 	1528
f 1557 	1598 	1585
f 1332 	1459 	1655
f 960 	966 	422
f 1563 	1025 	1136
f 1568 	1003 	1567
f 1538 	1573 	1539
f 1571 	1504 	1570
f 1572 	1504 	1571
f 1573 	1538 	1550
f 949 	950 	429
f 1256 	1608 	1574
f 1548 	1550 	1538
f 1568 	1570 	1504
f 1504 	1572 	1564
f 1564 	1584 	1504
f 1578 	1003 	1577
f 1579 	1003 	1578
f 411 	977 	416
f 1003 	1579 	1565
f 1003 	1565 	1566
f 1566 	1567 	1003
f 1003 	1568 	1504
f 1497 	1597 	1581
f 1562 	1297 	1437
f 1588 	1506 	1529
f 416 	987 	413
f 1589 	1504 	1587
f 1584 	1587 	1504
f 1378 	1555 	1576
f 950 	954 	431
f 1593 	1306 	1455
f 1582 	1504 	1589
f 1831 	1576 	1580
f 1503 	1504 	1583
f 1594 	1503 	1583
f 431 	429 	950
f 1592 	1503 	1594
f 1511 	1503 	1592
f 1582 	1583 	1504
f 1590 	1595 	1586
f 425 	967 	429
f 949 	429 	967
f 432 	431 	954
f 1243 	1306 	1612
f 1577 	1003 	1527
f 1557 	1581 	1597
f 1557 	1597 	1598
f 1202 	1590 	1586
f 1306 	1243 	1618
f 1387 	2177 	1361
f 1551 	1553 	1506
f 423 	966 	425
f 1506 	1591 	1551
f 1653 	1654 	1565
f 1189 	1188 	1574
f 1597 	1601 	1598
f 423 	422 	966
f 1566 	1654 	1567
f 1189 	1574 	1254
f 1590 	1254 	1574
f 1568 	1658 	1570
f 1560 	2177 	1953
f 1575 	1588 	1529
f 1598 	1599 	1585
f 1586 	1600 	1202
f 1018 	1575 	1529
f 1567 	1656 	1568
f 1658 	1568 	1656
f 1598 	1601 	1602
f 1659 	1661 	1570
f 1562 	1120 	1297
f 1463 	1202 	1600
f 1651 	1564 	1572
f 1265 	585 	1314
f 1577 	1664 	1578
f 412 	402 	979
f 1527 	1696 	1577
f 608 	1313 	1448
f 1579 	1653 	1565
f 1602 	1605 	1598
f 987 	416 	977
f 1604 	1463 	1600
f 1605 	1599 	1598
f 983 	413 	987
f 1551 	2059 	1553
f 1672 	1583 	1670
f 1582 	1670 	1583
f 1438 	1489 	1440
f 1487 	1505 	1440
f 1674 	1584 	1564
f 1265 	608 	611
f 1584 	1674 	1587
f 1675 	1587 	1674
f 1655 	1638 	1606
f 1587 	1675 	1589
f 585 	1265 	611
f 1438 	1481 	1478
f 1438 	1478 	1477
f 1438 	1477 	1479
f 1479 	1490 	1438
f 1484 	1440 	1489
f 1483 	1440 	1484
f 1487 	1440 	1483
f 1638 	1382 	1606
f 41 	1560 	1607
f 1677 	1678 	1511
f 1592 	1677 	1511
f 1489 	1438 	1490
f 1593 	1455 	1596
f 1589 	1676 	1582
f 1670 	1582 	1676
f 1434 	1440 	1507
f 1507 	1440 	1505
f 1234 	1513 	1166
f 1583 	1672 	1594
f 1594 	1677 	1592
f 1234 	1434 	1513
f 1509 	1513 	1434
f 1506 	1588 	1634
f 1034 	1167 	1513
f 1608 	1298 	1563
f 1313 	608 	1265
f 1243 	1612 	580
f 1688 	1692 	1517
f 1591 	1506 	1634
f 1608 	1256 	1298
f 1330 	1460 	1804
f 1524 	1523 	1694
f 1804 	1806 	1330
f 1524 	1694 	1525
f 1695 	1525 	1694
f 1615 	1634 	1588
f 1526 	1696 	1527
f 1525 	1695 	1526
f 1531 	1530 	1706
f 1532 	1531 	1708
f 1708 	1531 	1706
f 1532 	1708 	1711
f 1614 	1627 	1617
f 1687 	1535 	1714
f 1627 	1624 	1617
f 1624 	1627 	1586
f 1705 	1530 	1508
f 1534 	1533 	1714
f 1517 	1535 	1688
f 580 	608 	1618
f 1616 	1615 	1575
f 1637 	1609 	1613
f 1624 	1586 	1595
f 1612 	653 	580
f 1613 	1632 	1637
f 1703 	1722 	1620
f 1630 	1632 	1613
f 1575 	1615 	1588
f 1613 	1336 	1335
f 1623 	2007 	1501
f 1630 	1633 	1632
f 1306 	1618 	608
f 1504 	998 	1003
f 608 	1445 	1306
f 608 	1448 	1445
f 1693 	1610 	1619
f 29 	1649 	1164
f 1591 	1634 	1666
f 737 	1641 	14
f 1729 	1585 	1599
f 1278 	1295 	1641
f 1640 	1641 	1639
f 1602 	1601 	1631
f 1296 	1652 	1575
f 1640 	1644 	1641
f 1649 	14 	1645
f 1636 	1485 	1515
f 770 	1641 	737
f 1631 	1684 	1657
f 1722 	1693 	1619
f 1615 	1648 	1634
f 770 	828 	1641
f 1153 	36 	1164
f 1642 	1643 	1605
f 1644 	1645 	1641
f 1633 	1630 	104
f 1596 	1646 	1593
f 1639 	1641 	1295
f 1643 	1642 	1691
f 1627 	1600 	1586
f 1652 	1663 	1648
f 1646 	1485 	1593
f 1602 	1642 	1605
f 1759 	1126 	1649
f 1646 	1499 	1485
f 1615 	1616 	1648
f 1608 	1590 	1574
f 1605 	1729 	1599
f 1636 	1593 	1485
f 1647 	1603 	1752
f 1673 	1632 	1633
f 1622 	1648 	1616
f 1635 	1633 	104
f 1502 	1126 	1760
f 104 	383 	1635
f 1596 	1455 	1646
f 1629 	1622 	1652
f 1646 	1545 	1499
f 1652 	1648 	1629
f 1622 	1629 	1648
f 383 	1756 	1635
f 1566 	1565 	1654
f 1656 	1567 	1654
f 2048 	1617 	1624
f 1659 	1570 	1658
f 1648 	1660 	1634
f 1332 	1655 	1606
f 1572 	1571 	1662
f 1661 	1662 	1571
f 1571 	1570 	1661
f 1613 	1335 	1630
f 1572 	1662 	1651
f 1515 	1731 	1720
f 1624 	1595 	1650
f 1519 	1499 	1732
f 1665 	1578 	1664
f 2768 	1811 	1626
f 1657 	1642 	1602
f 1648 	1663 	1660
f 1602 	1631 	1657
f 1459 	1745 	1655
f 1667 	1579 	1665
f 1578 	1665 	1579
f 1745 	1638 	1655
f 1638 	1603 	1382
f 1579 	1667 	1653
f 1608 	1650 	1590
f 1638 	1752 	1603
f 1650 	1595 	1590
f 1668 	1705 	1508
f 791 	1745 	1459
f 1609 	1637 	1669
f 1643 	1691 	1671
f 1368 	1621 	1437
f 1651 	1674 	1564
f 1637 	1700 	1669
f 1562 	1437 	1733
f 1676 	1589 	1675
f 82 	1609 	1669
f 1512 	1511 	1678
f 1437 	1621 	1733
f 1673 	1700 	1637
f 1686 	1604 	1679
f 1512 	1678 	1668
f 1512 	1668 	1508
f 1621 	1368 	1647
f 1594 	1672 	1681
f 1647 	1385 	1603
f 1666 	1660 	1663
f 1637 	1632 	1673
f 1594 	1681 	1677
f 1604 	1686 	1463
f 1663 	1683 	1666
f 1521 	1689 	1690
f 1521 	1690 	1523
f 1669 	384 	82
f 1368 	1385 	1647
f 1463 	1686 	1559
f 1521 	1518 	1689
f 1610 	1685 	1611
f 1680 	1671 	1691
f 1523 	1690 	1694
f 1693 	1685 	1610
f 1563 	1758 	1608
f 1634 	1660 	1666
f 1652 	1683 	1663
f 1652 	1622 	1616
f 1664 	1577 	1696
f 1718 	1701 	1699
f 1383 	1713 	1701
f 1695 	1696 	1526
f 1383 	2066 	1170
f 1642 	1657 	1691
f 1652 	1616 	1575
f 1412 	1762 	1704
f 1709 	1721 	1699
f 1556 	1623 	1710
f 1712 	1701 	1713
f 1699 	1701 	1712
f 1699 	1712 	1709
f 1698 	1710 	1623
f 1716 	1709 	1712
f 1716 	1712 	1713
f 1713 	1383 	1717
f 1704 	1439 	1412
f 1704 	1536 	1439
f 2287 	1623 	1556
f 1713 	1717 	1716
f 1719 	1701 	1718
f 1701 	1719 	1721
f 1721 	1719 	1718
f 1573 	2143 	1723
f 1751 	1788 	1720
f 1718 	1699 	1721
f 1656 	1654 	1659
f 1658 	1656 	1659
f 1661 	1659 	1654
f 1662 	1661 	1654
f 1651 	1662 	1654
f 1651 	1654 	1653
f 1651 	1653 	1667
f 1664 	1651 	1665
f 1667 	1665 	1651
f 1724 	1775 	1669
f 1725 	1716 	1559
f 1361 	1727 	1728
f 1726 	1724 	1669
f 1619 	1620 	1722
f 1670 	1664 	1672
f 1676 	1664 	1670
f 1674 	1664 	1675
f 1651 	1664 	1674
f 1681 	1672 	1664
f 1668 	1678 	1664
f 1678 	1677 	1664
f 1681 	1664 	1677
f 1675 	1664 	1676
f 1726 	1669 	1700
f 1704 	1545 	1500
f 1647 	1730 	1621
f 1700 	1747 	1726
f 1560 	1953 	1685
f 1585 	1729 	1516
f 1664 	1696 	1695
f 1664 	1695 	1694
f 1664 	1694 	1690
f 1664 	1690 	1689
f 1689 	1692 	1664
f 1687 	1664 	1688
f 1714 	1664 	1687
f 1692 	1688 	1664
f 1727 	1560 	41
f 2177 	1560 	1727
f 1872 	1136 	1183
f 1664 	1714 	1711
f 1664 	1711 	1708
f 1664 	1708 	1706
f 1664 	1706 	1705
f 1664 	1705 	1668
f 1626 	1703 	1620
f 1735 	1289 	1288
f 1136 	1872 	1734
f 2177 	1727 	1361
f 1731 	1519 	1732
f 1295 	1289 	1735
f 1643 	1729 	1605
f 1639 	1735 	1640
f 1736 	1703 	1626
f 1643 	1671 	1729
f 1563 	1136 	1734
f 1740 	1729 	1671
f 1623 	1562 	1698
f 1669 	1702 	384
f 1545 	1742 	1732
f 1560 	1703 	1736
f 1734 	1758 	1563
f 1742 	1777 	1732
f 1732 	1777 	1781
f 1707 	1736 	1625
f 1732 	1781 	1731
f 1765 	1700 	1673
f 1733 	1790 	1697
f 1716 	1725 	1721
f 1742 	1545 	1704
f 1743 	918 	920
f 1560 	1685 	1693
f 1252 	1739 	1473
f 1738 	1468 	1464
f 1704 	1546 	1536
f 1673 	1756 	1765
f 394 	1729 	1740
f 1697 	1698 	1562
f 1736 	1626 	1625
f 1716 	1721 	1709
f 1680 	1740 	1671
f 1733 	1697 	1562
f 1763 	1764 	1721
f 1744 	424 	387
f 1739 	1252 	1743
f 1492 	1743 	1252
f 1725 	1686 	1749
f 1735 	1639 	1295
f 1559 	1686 	1725
f 1757 	1640 	1735
f 1741 	1737 	1458
f 1715 	1707 	1625
f 1500 	1546 	1704
f 1746 	424 	1744
f 1731 	1515 	1519
f 1468 	1738 	1458
f 1631 	1746 	1684
f 1636 	1515 	1720
f 1738 	1741 	1458
f 1743 	920 	1504
f 2515 	1743 	1504
f 1607 	1736 	1707
f 1750 	1680 	1691
f 1607 	1560 	1736
f 1761 	1913 	1464
f 1633 	1635 	1755
f 1680 	1754 	1753
f 1628 	1715 	1625
f 1731 	1751 	1720
f 1673 	1633 	1755
f 1638 	1745 	1748
f 1707 	1715 	1607
f 1749 	1686 	1679
f 1755 	1756 	1673
f 1644 	1640 	1757
f 1753 	396 	1680
f 1560 	1693 	1722
f 1644 	1757 	1645
f 1748 	1752 	1638
f 1745 	827 	2218
f 1494 	1835 	1779
f 1649 	1645 	1759
f 1117 	1765 	1756
f 1635 	1756 	1755
f 1745 	1792 	1748
f 1864 	1636 	1720
f 1792 	1752 	1748
f 1913 	1761 	1794
f 1560 	1722 	1703
f 1750 	1691 	1746
f 1746 	1691 	1657
f 1763 	1721 	1725
f 1647 	1752 	1792
f 1725 	1749 	1763
f 1488 	1779 	1761
f 1757 	1759 	1645
f 1763 	2147 	1764
f 1502 	1760 	1768
f 1749 	2147 	1763
f 1740 	1680 	396
f 1792 	1730 	1647
f 1771 	1772 	1769
f 1721 	1764 	1701
f 1775 	1702 	1669
f 1556 	1778 	1547
f 1772 	1715 	1628
f 1777 	1742 	1682
f 1697 	1773 	2221
f 1746 	1657 	1684
f 1772 	1628 	1769
f 1768 	1503 	1502
f 1697 	1778 	1698
f 1697 	2221 	1778
f 1710 	1698 	1778
f 1700 	1765 	1783
f 1774 	1784 	1767
f 1556 	1710 	1778
f 1787 	1503 	1768
f 1771 	1769 	1786
f 1704 	1682 	1742
f 403 	396 	1753
f 1782 	1789 	1785
f 1753 	1744 	403
f 1783 	1747 	1700
f 1744 	388 	403
f 1780 	1787 	1768
f 1776 	1771 	1786
f 1744 	387 	388
f 1790 	1733 	1621
f 1791 	1724 	1726
f 1747 	1791 	1726
f 1767 	1770 	1774
f 1785 	1789 	1608
f 1788 	1751 	1801
f 1746 	1744 	1750
f 1503 	1787 	1504
f 1776 	1786 	1766
f 1757 	2564 	1759
f 2564 	1757 	1735
f 1750 	1744 	1680
f 1744 	1753 	1754
f 1730 	1790 	1621
f 1782 	1814 	1793
f 1704 	1762 	1682
f 1775 	1791 	1702
f 1797 	1796 	1393
f 1744 	1754 	1680
f 1766 	1786 	1811
f 1800 	1751 	1731
f 424 	1746 	1631
f 1779 	1795 	1794
f 2292 	2218 	1792
f 424 	1631 	448
f 2220 	1790 	1730
f 1791 	1775 	1724
f 1729 	394 	1802
f 2220 	1730 	1792
f 1802 	394 	443
f 1811 	1628 	1625
f 1761 	1779 	1794
f 1702 	1791 	1817
f 1792 	2218 	2220
f 1625 	1626 	1811
f 443 	1729 	1802
f 1801 	1751 	1800
f 1772 	1607 	1715
f 1776 	1607 	1771
f 1804 	1460 	1729
f 1898 	1796 	1823
f 2161 	41 	1607
f 1770 	1767 	1805
f 1898 	1296 	1796
f 1117 	1124 	1765
f 1808 	1770 	1805
f 1772 	1771 	1607
f 1800 	1731 	1781
f 1798 	1836 	1799
f 1783 	1765 	1809
f 1898 	1652 	1296
f 1808 	1774 	1770
f 1868 	1836 	1798
f 2741 	1809 	1765
f 2114 	1785 	1608
f 1808 	1812 	1774
f 1729 	443 	1804
f 1774 	1812 	1795
f 1774 	1795 	1779
f 824 	1041 	1806
f 1800 	1781 	1821
f 2749 	1783 	1809
f 1807 	1810 	1815
f 1833 	1834 	1807
f 1811 	1786 	1769
f 1782 	1785 	1814
f 1888 	1801 	1800
f 1815 	1833 	1807
f 1781 	1777 	1821
f 1601 	1597 	2493
f 1476 	1737 	1818
f 1816 	1791 	1747
f 1573 	1550 	1818
f 1811 	1769 	1628
f 1818 	2134 	1573
f 1822 	826 	835
f 1828 	826 	1822
f 1806 	443 	824
f 1806 	1804 	443
f 2749 	1816 	1747
f 1819 	1823 	1813
f 835 	1010 	1822
f 1866 	1822 	2539
f 1682 	1821 	1777
f 1827 	1813 	1823
f 2539 	1140 	481
f 2749 	1747 	1783
f 1737 	1931 	1818
f 1797 	1827 	1823
f 1823 	1796 	1797
f 1122 	2741 	1765
f 826 	1828 	827
f 1817 	1830 	1702
f 1822 	1829 	1828
f 2050 	1793 	1814
f 1828 	1832 	827
f 1798 	2050 	1814
f 1868 	1798 	1814
f 1950 	1949 	1825
f 2038 	1682 	1762
f 1765 	1124 	1122
f 1779 	1835 	1837
f 1791 	1824 	1840
f 568 	1370 	1316
f 1833 	1815 	820
f 1837 	1784 	1774
f 822 	1833 	820
f 1842 	1844 	1845
f 1817 	1791 	1840
f 1779 	1837 	1774
f 1821 	1682 	2038
f 1826 	1950 	1825
f 1821 	2038 	1843
f 1830 	1840 	2732
f 1849 	1847 	1869
f 1839 	1846 	1838
f 1845 	1848 	1842
f 1825 	1580 	1826
f 822 	1501 	1833
f 1834 	1833 	2007
f 1813 	1846 	1839
f 1889 	1850 	1845
f 1817 	1840 	1830
f 1473 	1871 	1846
f 1845 	1850 	1848
f 1847 	1884 	1869
f 1473 	1846 	1813
f 1853 	1854 	1852
f 1854 	1855 	1852
f 1855 	1861 	1852
f 2066 	1852 	1861
f 1850 	1889 	1851
f 1849 	1856 	1857
f 1813 	1839 	1819
f 1858 	1855 	1854
f 1831 	1580 	1825
f 1851 	1848 	1850
f 1855 	1858 	1861
f 1865 	1828 	1829
f 1788 	1864 	1720
f 1359 	1842 	1360
f 1853 	1852 	1858
f 1865 	1822 	1866
f 1383 	1701 	2066
f 1852 	2066 	1701
f 1866 	1867 	1865
f 1849 	1835 	1856
f 328 	1170 	2066
f 1849 	1869 	1837
f 1865 	1829 	1822
f 1858 	1854 	1853
f 1885 	1871 	1863
f 1849 	1837 	1835
f 1884 	1837 	1869
f 1183 	343 	1872
f 1860 	1972 	1862
f 1871 	1838 	1846
f 1875 	1870 	1864
f 1784 	1837 	1884
f 1872 	1758 	1734
f 1009 	1872 	343
f 1494 	1856 	1835
f 1866 	2539 	1867
f 1805 	1847 	1808
f 2304 	1882 	1883
f 1928 	1836 	1868
f 1863 	1986 	1876
f 1897 	1883 	1882
f 1836 	1877 	1820
f 1362 	1360 	1842
f 1884 	1847 	1805
f 2304 	2305 	1882
f 1863 	1876 	1885
f 1767 	1784 	1884
f 1805 	1767 	1884
f 1858 	1852 	1883
f 1886 	1871 	1885
f 1838 	1871 	1886
f 1794 	1795 	1847
f 1845 	1844 	1367
f 1788 	1801 	1887
f 1872 	1878 	1758
f 1795 	1812 	1847
f 1891 	1851 	1889
f 1847 	1812 	1808
f 1887 	1864 	1788
f 1366 	1891 	1880
f 1803 	1892 	1348
f 1868 	1814 	1785
f 1930 	1820 	1877
f 1847 	1935 	1913
f 1794 	1847 	1913
f 1890 	1820 	1930
f 1828 	1865 	2767
f 1847 	1849 	1857
f 1009 	2001 	1872
f 1921 	1875 	1864
f 1972 	1860 	1859
f 1366 	1911 	1891
f 1896 	1857 	1978
f 1897 	1858 	1883
f 1859 	1977 	1975
f 1889 	1845 	1367
f 1861 	1858 	1897
f 1857 	1856 	1978
f 1847 	1857 	1896
f 1873 	1980 	1874
f 2644 	1807 	1834
f 1894 	1921 	1864
f 1873 	1879 	1980
f 1897 	2008 	1900
f 1941 	1935 	1847
f 1881 	1984 	1879
f 1899 	1897 	1900
f 1891 	1889 	1367
f 1899 	2066 	1861
f 1886 	1885 	1898
f 1898 	1838 	1886
f 1847 	1896 	1941
f 1899 	1861 	1897
f 1839 	1838 	1898
f 1898 	1819 	1839
f 1931 	1737 	1741
f 1823 	1819 	1898
f 1887 	1801 	1888
f 1904 	1901 	1952
f 1906 	1902 	1741
f 1891 	1367 	1880
f 1903 	1636 	1864
f 1904 	1907 	1905
f 1907 	1122 	1905
f 705 	2058 	1122
f 1970 	1862 	1972
f 1898 	2010 	2339
f 1904 	1908 	1901
f 1911 	1851 	1891
f 1906 	1741 	1910
f 2044 	1841 	1887
f 1362 	1911 	1364
f 1905 	1909 	1904
f 1908 	1904 	1909
f 1362 	1842 	1911
f 1911 	1842 	1848
f 1958 	2066 	1900
f 2030 	1898 	1929
f 1913 	1912 	1738
f 1800 	1821 	1843
f 2063 	2066 	2061
f 1930 	2815 	1890
f 1911 	1848 	1851
f 1738 	1464 	1913
f 1843 	1888 	1800
f 1366 	1364 	1911
f 1366 	1880 	1367
f 2216 	1892 	1803
f 1864 	1870 	1903
f 1910 	1920 	1906
f 1910 	2736 	1920
f 1898 	1885 	1922
f 977 	1919 	1918
f 977 	1918 	1917
f 1914 	977 	1915
f 1917 	1915 	977
f 1914 	1916 	977
f 977 	1923 	979
f 1912 	2736 	1910
f 1923 	977 	1916
f 1898 	1922 	1926
f 1738 	1912 	1741
f 1741 	1912 	1910
f 1877 	1836 	1928
f 2760 	1906 	1920
f 1921 	2064 	1875
f 1925 	1376 	1373
f 1962 	2404 	1927
f 1926 	1929 	1898
f 1359 	1390 	1842
f 1902 	1931 	1741
f 2732 	2733 	1008
f 2732 	1932 	1934
f 1933 	1934 	1932
f 1936 	2732 	1934
f 1976 	1928 	1868
f 986 	1939 	1412
f 1938 	411 	2732
f 416 	2732 	411
f 1937 	2732 	1936
f 1937 	1938 	2732
f 1935 	1941 	2435
f 412 	1942 	1008
f 2809 	1976 	1868
f 1932 	1008 	1942
f 2732 	1008 	1932
f 1412 	1939 	1961
f 416 	413 	2732
f 1859 	1874 	1977
f 1898 	2030 	2035
f 1935 	2736 	1912
f 1389 	1943 	1390
f 1935 	2769 	2759
f 1873 	1874 	2204
f 1935 	2759 	2736
f 1935 	1912 	1913
f 2204 	1879 	1873
f 2012 	1402 	1377
f 1931 	1902 	2742
f 1939 	986 	1019
f 2001 	1009 	1008
f 1903 	1944 	1636
f 1931 	2742 	2747
f 2817 	1895 	1947
f 1907 	1904 	1952
f 1000 	1636 	1944
f 1949 	1993 	1831
f 1901 	1908 	1959
f 1908 	1909 	1965
f 1965 	1959 	1908
f 1389 	1948 	1943
f 1553 	2059 	1554
f 1004 	1000 	1944
f 996 	1004 	1944
f 1953 	1950 	1826
f 1966 	1947 	1895
f 1685 	1953 	1826
f 1554 	1988 	1989
f 1895 	1890 	1966
f 1942 	412 	1923
f 1611 	1685 	1826
f 1948 	1957 	1943
f 1932 	1942 	1916
f 2468 	2483 	1944
f 1948 	1954 	1957
f 1952 	1901 	1959
f 2345 	1818 	2340
f 1909 	2061 	1965
f 1825 	1949 	1831
f 2345 	2347 	1818
f 2347 	2349 	1818
f 1936 	1934 	1917
f 2349 	2350 	1818
f 1940 	1924 	1967
f 1917 	1918 	1936
f 1967 	1927 	1940
f 1967 	1962 	1927
f 1923 	1916 	1942
f 1968 	1957 	1954
f 814 	1810 	1973
f 1975 	1972 	1859
f 933 	814 	1973
f 2449 	1818 	1931
f 1964 	1967 	1924
f 1939 	1019 	1973
f 1939 	1973 	1961
f 1968 	1979 	1957
f 1874 	1980 	1977
f 1981 	1979 	1994
f 1981 	1943 	1979
f 1995 	1964 	1924
f 1982 	1981 	1994
f 1982 	1983 	1981
f 1984 	1980 	1879
f 2804 	2815 	1930
f 1960 	1876 	1986
f 1969 	1985 	996
f 1985 	481 	1012
f 1979 	1943 	1957
f 1985 	1012 	996
f 1981 	1390 	1943
f 1958 	2008 	1965
f 1990 	1984 	1881
f 1969 	996 	1944
f 1915 	1934 	1914
f 1960 	1986 	1963
f 1990 	1881 	1893
f 1932 	1916 	1933
f 1937 	1918 	1938
f 1993 	1990 	1893
f 411 	1938 	1919
f 2012 	1377 	2042
f 1993 	1893 	1831
f 1990 	2223 	1984
f 1968 	1994 	1979
f 1933 	1914 	1934
f 1922 	1885 	1974
f 1964 	1995 	1987
f 1914 	1933 	1916
f 1964 	1987 	1967
f 1915 	1917 	1934
f 1966 	1890 	2815
f 1876 	1960 	1974
f 1919 	1938 	1918
f 1987 	1995 	1996
f 1885 	1876 	1974
f 1918 	1937 	1936
f 1992 	1762 	1412
f 1856 	1997 	1978
f 1991 	1978 	1997
f 1992 	1961 	2138
f 1967 	1987 	2772
f 979 	1923 	412
f 1412 	1955 	1992
f 1961 	1992 	1955
f 1398 	1983 	1982
f 1960 	2086 	1974
f 2000 	2002 	2003
f 1989 	1998 	1999
f 1922 	1974 	2086
f 148 	101 	1868
f 2004 	2000 	2003
f 1868 	1785 	148
f 1956 	1986 	1863
f 1397 	2006 	1398
f 1397 	2004 	2006
f 1986 	1956 	2173
f 1398 	2006 	2003
f 2006 	2004 	2003
f 1903 	1870 	1944
f 1989 	1988 	1998
f 1872 	2001 	1878
f 1989 	1999 	1991
f 1833 	1501 	2007
f 1958 	1900 	2008
f 1997 	1989 	1991
f 2223 	1990 	1993
f 2041 	1887 	1841
f 2010 	1898 	2009
f 1997 	1554 	1989
f 2002 	1398 	2003
f 2005 	2119 	2095
f 1898 	2035 	2011
f 2012 	2042 	2015
f 1402 	2012 	1309
f 2114 	2123 	148
f 2011 	2009 	1898
f 1887 	2038 	2044
f 1494 	1997 	1856
f 148 	1785 	2114
f 2015 	2018 	2012
f 1307 	1309 	2018
f 1309 	2012 	2018
f 1811 	2017 	1766
f 2023 	2043 	2022
f 1312 	2025 	2019
f 1312 	2019 	1401
f 2022 	2019 	2025
f 1311 	2025 	1312
f 1811 	2021 	2017
f 2042 	2043 	2014
f 1997 	1494 	1554
f 2018 	2025 	1311
f 2018 	1311 	1307
f 2187 	1998 	1988
f 1789 	2027 	1608
f 2014 	2023 	2022
f 2014 	2022 	2015
f 2015 	2022 	2025
f 2015 	2025 	2018
f 1614 	2034 	2040
f 2340 	1818 	2491
f 2004 	1397 	2019
f 1401 	2019 	1397
f 1398 	1982 	1994
f 1398 	1994 	1968
f 2027 	1624 	1650
f 2002 	2000 	1398
f 2021 	2101 	2017
f 1954 	1398 	1968
f 1954 	1948 	1398
f 1948 	1389 	1398
f 2048 	2027 	1789
f 2029 	2028 	2071
f 2031 	2026 	1547
f 2077 	2033 	2032
f 1970 	2077 	2032
f 2038 	1992 	2076
f 2039 	2092 	2037
f 2000 	2004 	2165
f 2014 	2015 	2042
f 2019 	2022 	2043
f 2034 	2078 	2040
f 2023 	2014 	2043
f 2051 	2026 	2031
f 1551 	1591 	2059
f 2019 	2043 	2004
f 2043 	2042 	2219
f 2035 	2030 	2129
f 2112 	2059 	1591
f 2026 	1544 	1552
f 1887 	1888 	2038
f 2026 	1552 	1547
f 1842 	2069 	1844
f 1008 	2733 	2001
f 2068 	2013 	2033
f 1843 	2038 	1888
f 2010 	2009 	2125
f 2027 	1650 	1608
f 1591 	1666 	2112
f 1842 	2121 	2069
f 2076 	2044 	2038
f 1367 	1844 	2047
f 1547 	2020 	2031
f 2041 	1864 	1887
f 1862 	1970 	2032
f 2047 	1343 	1349
f 1367 	2047 	1349
f 2041 	1921 	1894
f 2048 	1789 	1782
f 2050 	1614 	1617
f 2041 	1894 	1864
f 2050 	1799 	2034
f 2034 	1614 	2050
f 2031 	2049 	2051
f 1373 	2133 	1925
f 2178 	2046 	2045
f 2048 	2050 	1617
f 1762 	1992 	2038
f 2102 	1600 	1627
f 1614 	2102 	1627
f 2027 	2048 	1624
f 1986 	2054 	1963
f 2029 	2156 	2686
f 1811 	2156 	2021
f 2047 	2070 	1343
f 1122 	2057 	1905
f 2047 	1844 	2070
f 2075 	2056 	2058
f 2069 	2070 	1844
f 2055 	2054 	2178
f 2057 	1122 	2058
f 2059 	2052 	2053
f 2156 	2029 	2021
f 1965 	2061 	2066
f 2046 	2136 	2045
f 2048 	1782 	1793
f 1324 	1343 	2070
f 2062 	2059 	2053
f 2057 	2061 	1905
f 1909 	1905 	2061
f 2050 	2048 	1793
f 2063 	2058 	2056
f 2063 	2061 	2058
f 2057 	2058 	2061
f 2055 	2065 	2146
f 2054 	2055 	2146
f 1958 	1965 	2066
f 1899 	1900 	2066
f 2063 	2075 	2066
f 2059 	2062 	2186
f 719 	328 	2066
f 2029 	2071 	2072
f 2054 	2146 	2149
f 2079 	713 	2066
f 2074 	705 	2073
f 2062 	2187 	2186
f 2442 	2443 	2064
f 2059 	2186 	1554
f 1963 	2054 	2149
f 2102 	1604 	1600
f 2075 	2058 	2074
f 2058 	705 	2074
f 2067 	2071 	2028
f 2075 	2063 	2056
f 858 	864 	705
f 2013 	2068 	2067
f 2102 	1614 	2040
f 2079 	2066 	2075
f 1778 	2020 	1547
f 2077 	2068 	2033
f 2178 	2045 	2065
f 2060 	2110 	2122
f 495 	499 	2082
f 2083 	2082 	499
f 2065 	2055 	2178
f 2031 	2020 	2049
f 2186 	1988 	1554
f 1679 	1604 	2102
f 2049 	2020 	2016
f 1798 	1799 	2050
f 1992 	2423 	2076
f 2007 	2152 	2088
f 496 	495 	2082
f 2101 	1776 	1766
f 2082 	2087 	496
f 2082 	2083 	2091
f 1607 	1776 	2101
f 2091 	2073 	2087
f 1834 	2007 	2088
f 2013 	2067 	2028
f 749 	2085 	2073
f 2076 	2081 	2044
f 1836 	2078 	2034
f 2085 	2084 	2073
f 1836 	1820 	2078
f 2081 	1841 	2044
f 2084 	2087 	2073
f 2082 	2091 	2087
f 1929 	1926 	2103
f 2081 	2041 	1841
f 2074 	2073 	2091
f 2074 	2094 	2075
f 1799 	1836 	2034
f 2081 	2425 	2041
f 2091 	2083 	743
f 2064 	2041 	2425
f 2074 	2091 	2094
f 2091 	714 	2094
f 2079 	2075 	2094
f 2096 	1922 	2086
f 1992 	2429 	2423
f 714 	713 	2094
f 2029 	2072 	2021
f 2090 	2093 	2097
f 2104 	2008 	1897
f 2090 	2097 	2080
f 2072 	2101 	2021
f 2092 	2039 	2100
f 2103 	1926 	2096
f 2078 	2102 	2040
f 2099 	1944 	1870
f 2080 	2089 	2090
f 2097 	2070 	2080
f 2070 	2069 	2080
f 2005 	2095 	1749
f 1766 	2017 	2101
f 2100 	2105 	2092
f 1820 	1890 	2102
f 1922 	2096 	1926
f 1895 	2102 	1890
f 2121 	2108 	2089
f 1875 	2106 	1870
f 2102 	2078 	1820
f 2101 	2072 	2161
f 2104 	1897 	2183
f 1875 	2064 	2106
f 1607 	2101 	2161
f 2100 	2107 	2105
f 2109 	2089 	2108
f 2064 	2421 	2099
f 2106 	2099 	1870
f 2277 	2282 	2111
f 1859 	1860 	2236
f 2099 	2106 	2064
f 2090 	2109 	2115
f 2114 	2111 	2123
f 2090 	2089 	2109
f 2236 	1860 	1862
f 2126 	1892 	2129
f 2112 	2052 	2059
f 2115 	2093 	2090
f 2024 	2118 	2198
f 1608 	1758 	2114
f 2041 	2064 	1921
f 2126 	2103 	1892
f 2096 	1892 	2103
f 1874 	1859 	2204
f 2086 	1892 	2096
f 682 	148 	2123
f 1666 	2116 	2112
f 2121 	2080 	2069
f 2124 	750 	682
f 2103 	2126 	1929
f 2124 	2123 	2111
f 2107 	2116 	2105
f 2030 	1929 	2126
f 2124 	682 	2123
f 2026 	2051 	2110
f 2112 	2116 	2131
f 2110 	2051 	2049
f 2246 	2258 	1992
f 2030 	2126 	2129
f 2108 	2121 	2127
f 2147 	865 	2120
f 2110 	2036 	2026
f 2089 	2080 	2121
f 2005 	653 	2119
f 2112 	2128 	2052
f 2009 	2011 	2125
f 2179 	2110 	2113
f 2128 	2196 	2053
f 865 	481 	2120
f 2011 	2035 	2129
f 2053 	2052 	2128
f 2116 	2107 	2131
f 2129 	2132 	2011
f 2117 	2784 	2024
f 2282 	753 	750
f 2112 	2131 	2128
f 2011 	2132 	2125
f 2169 	2049 	2098
f 1892 	2132 	2129
f 2111 	2282 	2124
f 2132 	1892 	2216
f 1975 	1977 	2223
f 2282 	750 	2124
f 1373 	1370 	2133
f 2215 	2184 	2130
f 2223 	1980 	1984
f 2216 	2125 	2132
f 2223 	1993 	1949
f 2372 	2134 	2371
f 1807 	2130 	1810
f 2119 	2137 	2095
f 2110 	2060 	2036
f 2372 	2378 	2134
f 2029 	2236 	2028
f 1749 	2095 	2137
f 2308 	2398 	2134
f 2398 	2371 	2134
f 2045 	2136 	2141
f 2137 	2147 	1749
f 2142 	2036 	2060
f 2142 	2122 	2148
f 2630 	1376 	1925
f 2065 	2141 	2146
f 2148 	2152 	2142
f 2630 	1377 	1376
f 1058 	1064 	1701
f 1679 	2005 	1749
f 2060 	2122 	2142
f 1683 	1898 	2415
f 2142 	2007 	2036
f 2152 	2007 	2142
f 2322 	2138 	2311
f 2150 	2145 	2144
f 2147 	2120 	1764
f 2144 	2037 	2150
f 1961 	1973 	2130
f 1963 	2149 	2153
f 2144 	2039 	2037
f 2130 	1973 	1810
f 2219 	2042 	1377
f 865 	2147 	2137
f 2130 	2138 	1961
f 1960 	1963 	2153
f 865 	2137 	2119
f 1666 	2155 	2150
f 2120 	481 	1701
f 2246 	1992 	2138
f 1983 	2280 	1981
f 1666 	2150 	2037
f 1666 	1683 	2155
f 1960 	2153 	2086
f 1683 	2145 	2155
f 2120 	1701 	1764
f 1758 	1878 	2111
f 2092 	1666 	2037
f 2111 	2114 	1758
f 1666 	2105 	2116
f 2065 	2045 	2141
f 2105 	1666 	2092
f 2146 	2141 	2492
f 2158 	2164 	2160
f 2207 	2139 	2117
f 2158 	2000 	2165
f 2145 	1683 	2415
f 2138 	2190 	2188
f 2145 	2150 	2155
f 1573 	2134 	2143
f 2185 	484 	304
f 2158 	1398 	2000
f 1473 	2171 	2173
f 1683 	1652 	1898
f 2159 	2164 	2158
f 2252 	2077 	1970
f 2138 	2130 	2190
f 1970 	1972 	2252
f 1892 	2564 	1345
f 2104 	2183 	2168
f 1892 	2086 	2564
f 2161 	2276 	41
f 2163 	2169 	2098
f 2200 	2169 	2163
f 2620 	2619 	304
f 1467 	2620 	304
f 2172 	2049 	2169
f 1387 	2175 	2177
f 2167 	2062 	2166
f 2195 	2173 	2171
f 1897 	1882 	2183
f 1950 	2177 	1949
f 2053 	2166 	2062
f 2110 	2172 	2113
f 2162 	2157 	2170
f 2110 	2049 	2172
f 2177 	1950 	1953
f 2122 	2110 	2179
f 2585 	2607 	2171
f 2177 	2223 	1949
f 2174 	2158 	2160
f 2166 	2309 	2303
f 2180 	307 	2194
f 2179 	2113 	2172
f 2166 	2303 	2167
f 2167 	2303 	2350
f 2180 	2182 	2184
f 2054 	1986 	2178
f 2167 	2350 	2238
f 2180 	2184 	2215
f 2205 	484 	2234
f 2306 	2697 	2183
f 2046 	2178 	2226
f 2167 	2187 	2062
f 2187 	1988 	2186
f 2190 	2181 	2188
f 2174 	1398 	2158
f 1371 	1378 	1576
f 2178 	2688 	2226
f 2181 	2190 	2194
f 1576 	2203 	1371
f 2178 	2201 	2195
f 2170 	2253 	2240
f 2174 	1983 	1398
f 2171 	2193 	2195
f 2160 	2164 	2199
f 2194 	2190 	2197
f 2164 	2211 	2199
f 2173 	2195 	2201
f 1986 	2173 	2201
f 2135 	2198 	2118
f 2717 	1450 	2189
f 2199 	2174 	2160
f 1248 	2217 	1014
f 2227 	2176 	2174
f 2202 	2172 	2169
f 594 	592 	2217
f 2201 	2178 	1986
f 2024 	2198 	2233
f 2197 	2180 	2194
f 2193 	2178 	2195
f 2174 	2230 	2227
f 2174 	2199 	2230
f 594 	2217 	598
f 2205 	622 	484
f 2169 	2200 	2202
f 2158 	2208 	2159
f 2086 	2153 	2564
f 2158 	2165 	2208
f 2197 	2182 	2180
f 2153 	2149 	2564
f 2731 	2203 	2206
f 1043 	1067 	2205
f 2146 	2564 	2149
f 2731 	2189 	2203
f 1043 	2205 	1035
f 2166 	2053 	2196
f 2208 	2209 	2159
f 2205 	868 	1035
f 2205 	866 	868
f 2165 	2004 	2208
f 2205 	877 	866
f 2164 	2210 	2211
f 2205 	876 	877
f 2117 	2191 	2207
f 1881 	2204 	1893
f 1067 	1066 	2205
f 2179 	2317 	2386
f 1066 	616 	2205
f 2190 	2130 	2197
f 2179 	2386 	2122
f 616 	622 	2205
f 2164 	2159 	2210
f 2688 	2178 	2607
f 2207 	2655 	2693
f 2386 	2148 	2122
f 2199 	2211 	2232
f 2207 	2693 	2656
f 2236 	2203 	2204
f 2196 	2309 	2166
f 2117 	2024 	2191
f 1277 	2205 	2289
f 1803 	1467 	2216
f 2210 	2159 	2209
f 2233 	2192 	2024
f 2204 	1881 	1879
f 2004 	2043 	2219
f 2215 	2214 	2180
f 2196 	2398 	2308
f 2213 	2180 	2214
f 2209 	2208 	2219
f 2213 	2235 	2180
f 2196 	2308 	2309
f 2219 	2210 	2209
f 2191 	2024 	2192
f 2219 	2211 	2210
f 2204 	1831 	1893
f 2203 	1576 	2204
f 2239 	2207 	2656
f 2222 	1778 	2221
f 2004 	2219 	2208
f 2204 	1576 	1831
f 2239 	2139 	2207
f 2222 	2016 	1778
f 2170 	2157 	2217
f 2177 	2175 	2223
f 2020 	1778 	2016
f 567 	2217 	2157
f 2196 	2285 	2398
f 2130 	2214 	2215
f 932 	969 	2217
f 1980 	2223 	1977
f 2214 	2130 	2213
f 2232 	2230 	2199
f 1014 	2217 	969
f 2655 	2207 	2191
f 2175 	2252 	2223
f 567 	598 	2217
f 2236 	2206 	2203
f 827 	2251 	2218
f 2236 	2686 	2206
f 2227 	2387 	2176
f 2251 	2249 	2220
f 2130 	2370 	2388
f 2220 	2218 	2251
f 2130 	2388 	2381
f 2130 	2381 	2212
f 2135 	2168 	2233
f 2130 	2212 	2213
f 2013 	2028 	2236
f 2264 	2237 	2289
f 2233 	2198 	2135
f 2222 	2049 	2016
f 2219 	2232 	2211
f 2435 	2167 	2238
f 2264 	2205 	2234
f 2197 	2130 	2182
f 2033 	2013 	2236
f 2264 	2289 	2205
f 2032 	2033 	2236
f 1862 	2032 	2236
f 2236 	2204 	1859
f 2130 	2184 	2182
f 2435 	2187 	2167
f 2242 	1101 	2698
f 2220 	2249 	1790
f 2242 	281 	1101
f 2226 	2225 	2298
f 2244 	2245 	2268
f 2246 	2245 	2244
f 2247 	2248 	2244
f 2247 	2244 	2245
f 2244 	2250 	2245
f 2247 	2250 	2248
f 2226 	2496 	2225
f 2140 	2139 	2239
f 2252 	2161 	2072
f 2345 	2231 	2254
f 2217 	2856 	2253
f 2248 	2247 	2255
f 1981 	2280 	1390
f 2217 	2253 	2170
f 2252 	2276 	2161
f 2264 	2234 	2185
f 2068 	2252 	2067
f 2185 	2256 	2264
f 2068 	2077 	2252
f 2228 	2231 	2345
f 2071 	2252 	2072
f 2250 	2247 	2245
f 2228 	2345 	2340
f 2071 	2067 	2252
f 2705 	2239 	2656
f 2247 	2245 	2255
f 2185 	304 	2256
f 2251 	2316 	2200
f 2249 	2222 	2221
f 2245 	2258 	2268
f 2168 	2183 	2233
f 2246 	2268 	2258
f 2140 	2261 	2151
f 2253 	2856 	2240
f 1972 	1975 	2252
f 2252 	1975 	2223
f 2259 	2127 	2121
f 2245 	2246 	2258
f 2236 	2029 	2686
f 2264 	2596 	2237
f 2261 	2001 	2151
f 2248 	1992 	2247
f 2245 	2247 	1992
f 1992 	2258 	2245
f 2140 	2265 	2261
f 2249 	2049 	2222
f 2321 	2258 	2246
f 2242 	2240 	2856
f 2258 	2320 	2255
f 2258 	2255 	2245
f 2727 	2252 	2175
f 2221 	1773 	2249
f 2246 	2138 	2258
f 1773 	1697 	2249
f 2249 	1697 	1790
f 2267 	2244 	2268
f 2098 	2049 	2249
f 2156 	2681 	2686
f 2260 	2098 	2249
f 2670 	2140 	2239
f 2156 	318 	2668
f 2275 	2264 	322
f 2263 	2257 	2312
f 275 	318 	2156
f 2183 	2692 	2233
f 1811 	275 	2156
f 2262 	2266 	2127
f 312 	41 	2276
f 2127 	2259 	2262
f 2271 	2335 	169
f 2668 	2681 	2156
f 2125 	2318 	2010
f 2279 	2251 	2163
f 2475 	2507 	2272
f 131 	2666 	2275
f 2279 	2249 	2251
f 2276 	2679 	2676
f 2251 	827 	1832
f 2596 	2264 	2275
f 2279 	2260 	2249
f 2163 	2098 	2260
f 2281 	2280 	1983
f 2264 	2256 	322
f 2269 	2376 	2270
f 2260 	2279 	2163
f 2275 	370 	381
f 2276 	2676 	312
f 2409 	772 	2283
f 2426 	2257 	2263
f 314 	316 	2275
f 2285 	2278 	2371
f 316 	370 	2275
f 1832 	2360 	2251
f 2281 	2284 	2280
f 772 	2282 	2283
f 2275 	2666 	2671
f 2251 	2200 	2163
f 2267 	2246 	2244
f 2248 	2267 	2244
f 2282 	727 	708
f 2267 	2250 	2244
f 2248 	2250 	2267
f 753 	2282 	708
f 314 	2275 	322
f 2268 	2246 	2267
f 2026 	2036 	2287
f 2282 	492 	498
f 2255 	2267 	2248
f 2287 	2036 	2007
f 2282 	772 	492
f 2267 	1992 	2248
f 2007 	1623 	2287
f 2426 	2263 	2224
f 2282 	498 	519
f 2475 	2272 	2415
f 2292 	1792 	1745
f 2282 	519 	549
f 2267 	2268 	1992
f 2282 	549 	565
f 2226 	2302 	2046
f 570 	2282 	565
f 2302 	2136 	2046
f 703 	704 	2282
f 2282 	570 	575
f 2292 	1745 	2218
f 703 	2282 	575
f 718 	2282 	704
f 2259 	2280 	2262
f 718 	727 	2282
f 2259 	2121 	2280
f 2287 	1544 	2026
f 1556 	1544 	2287
f 2282 	2277 	2283
f 2280 	2293 	2262
f 2280 	2284 	2293
f 766 	2305 	1010
f 2293 	2284 	2286
f 2229 	2295 	2296
f 2415 	2272 	2269
f 2268 	2267 	2341
f 2225 	2229 	2296
f 1842 	1390 	2280
f 766 	797 	2299
f 2271 	2274 	2335
f 797 	2414 	2299
f 2280 	2121 	1842
f 2302 	2226 	2298
f 2305 	766 	2299
f 2501 	2506 	2297
f 2296 	2298 	2225
f 2268 	2341 	2273
f 1882 	2305 	2306
f 2303 	1818 	2350
f 2293 	2343 	2266
f 2293 	2266 	2262
f 2299 	2414 	2306
f 2255 	2320 	2267
f 2501 	2297 	2516
f 2326 	2307 	2290
f 1247 	2838 	2297
f 2263 	2312 	2313
f 2314 	2311 	2310
f 2111 	1878 	2277
f 1247 	2297 	1248
f 2314 	2310 	2181
f 2318 	2312 	2257
f 2316 	2317 	2319
f 2299 	2306 	2305
f 2181 	2194 	307
f 2314 	2181 	307
f 2320 	2321 	307
f 2314 	307 	2321
f 1852 	2304 	1883
f 1852 	1010 	2304
f 2314 	2321 	2322
f 2224 	2313 	2438
f 2293 	2329 	2336
f 2305 	2304 	1010
f 2257 	2010 	2318
f 2181 	2310 	2188
f 2138 	2188 	2310
f 2216 	2331 	2318
f 2360 	2316 	2251
f 1048 	907 	1701
f 2309 	1818 	2303
f 2311 	2138 	2310
f 2318 	2125 	2216
f 2246 	2322 	2321
f 1818 	2309 	2134
f 2174 	2281 	1983
f 2263 	2313 	2224
f 2246 	2258 	2322
f 2327 	2277 	1878
f 2281 	2323 	2284
f 2321 	2320 	2258
f 2322 	2311 	2314
f 2327 	2283 	2277
f 2323 	2286 	2284
f 2309 	2308 	2134
f 2291 	2326 	2290
f 1878 	2001 	2327
f 2291 	2294 	2326
f 2307 	2326 	2288
f 2322 	2258 	2138
f 2323 	2329 	2286
f 2351 	2338 	2315
f 2293 	2286 	2329
f 2001 	2261 	2327
f 2343 	2293 	2336
f 2335 	2346 	307
f 307 	2346 	2341
f 307 	2341 	2320
f 2346 	2274 	2273
f 2341 	2346 	2273
f 2324 	2364 	2328
f 2274 	2346 	2335
f 2339 	2010 	2257
f 365 	481 	1985
f 586 	2329 	2323
f 2320 	2341 	2267
f 1969 	365 	1985
f 2357 	586 	2281
f 2351 	2375 	2338
f 2327 	2540 	2409
f 2283 	2327 	2409
f 2331 	2216 	1467
f 2328 	2355 	2330
f 2357 	2695 	586
f 2238 	2350 	2349
f 2360 	2420 	2351
f 2356 	2459 	2390
f 2261 	2344 	2366
f 2347 	2345 	2254
f 2351 	2315 	2317
f 2317 	2316 	2360
f 2324 	2354 	2364
f 2349 	2347 	2238
f 2360 	2351 	2317
f 2241 	2238 	2347
f 2243 	2241 	2347
f 2359 	2368 	2402
f 2300 	2325 	2338
f 2364 	2355 	2328
f 2347 	2254 	2243
f 2365 	2441 	2361
f 2367 	2379 	2369
f 2261 	2366 	2327
f 2369 	2174 	2176
f 2374 	2369 	2176
f 2376 	2272 	2373
f 2224 	2438 	2365
f 2369 	2379 	2174
f 2272 	2376 	2269
f 2300 	2338 	2375
f 2377 	2344 	2332
f 2344 	2380 	2366
f 2360 	1832 	2767
f 2375 	2301 	2300
f 2377 	2380 	2344
f 2270 	2376 	2378
f 2342 	2523 	2337
f 2342 	2569 	2538
f 2316 	2172 	2202
f 2270 	2378 	2278
f 2200 	2316 	2202
f 2357 	2281 	2174
f 2130 	1807 	2353
f 2455 	2366 	2380
f 2357 	2174 	2379
f 2316 	2179 	2172
f 2342 	2538 	2523
f 2278 	2378 	2372
f 2319 	2179 	2316
f 2382 	2212 	2381
f 2382 	2384 	307
f 2180 	2235 	307
f 2382 	307 	2235
f 2212 	2382 	2213
f 2385 	2227 	2230
f 2230 	2232 	2385
f 2148 	2386 	2315
f 2382 	2235 	2213
f 2337 	2348 	2162
f 2382 	2381 	2388
f 2332 	2356 	2389
f 2315 	2338 	2154
f 2384 	2382 	2388
f 2387 	2227 	2385
f 2342 	2337 	2162
f 2371 	2278 	2372
f 2315 	2154 	2152
f 2387 	2374 	2176
f 2356 	2390 	2389
f 2391 	2374 	2393
f 2384 	2388 	2370
f 2631 	2392 	2628
f 2325 	2154 	2338
f 2383 	2459 	2356
f 2315 	2152 	2148
f 2389 	2377 	2332
f 2152 	2154 	2325
f 2405 	307 	2399
f 2399 	2370 	2353
f 2325 	2088 	2152
f 2374 	2391 	2369
f 2315 	2386 	2317
f 2391 	2367 	2369
f 2179 	2319 	2317
f 2130 	2353 	2370
f 2399 	2400 	2370
f 2376 	2134 	2378
f 2326 	2294 	2394
f 2370 	2400 	2384
f 2398 	2285 	2371
f 2385 	2232 	2219
f 2359 	2402 	2403
f 2143 	2134 	2376
f 2402 	320 	346
f 2402 	311 	2403
f 2384 	2400 	307
f 2400 	2399 	307
f 2403 	307 	2405
f 346 	311 	2402
f 320 	2402 	2368
f 2405 	2399 	2353
f 2405 	2353 	2352
f 2405 	2352 	2403
f 2359 	2403 	2352
f 2385 	2219 	2406
f 1945 	2404 	1946
f 2631 	2629 	2392
f 2394 	2628 	2392
f 2404 	1962 	1946
f 2541 	2394 	2294
f 2407 	1924 	2404
f 1924 	2407 	1995
f 2301 	2375 	2432
f 2301 	2407 	2404
f 2409 	1026 	772
f 2301 	2432 	2407
f 1940 	2404 	1924
f 1940 	1927 	2404
f 2412 	2162 	2413
f 1987 	1996 	2418
f 2342 	2162 	2412
f 2411 	2416 	2391
f 2544 	2413 	2618
f 791 	1459 	2414
f 2415 	2269 	2270
f 2425 	2442 	2064
f 2421 	2064 	2443
f 2415 	2270 	2278
f 2415 	2278 	2285
f 2367 	2417 	2726
f 2413 	2556 	2618
f 2196 	2128 	2415
f 2396 	2469 	2401
f 2415 	2285 	2196
f 2413 	2563 	2650
f 2416 	2417 	2422
f 2039 	2144 	2415
f 2417 	2367 	2391
f 2650 	2556 	2413
f 2415 	2144 	2145
f 2423 	2081 	2076
f 2295 	2229 	2408
f 2422 	2391 	2416
f 2423 	2425 	2081
f 2412 	2413 	2544
f 2417 	2391 	2422
f 2738 	2397 	2395
f 2415 	2128 	2131
f 2417 	2729 	2726
f 2039 	2415 	2100
f 2131 	2107 	2415
f 2401 	2738 	2396
f 2415 	2107 	2100
f 2417 	122 	2729
f 1898 	2475 	2415
f 2426 	2397 	2738
f 2411 	11 	2416
f 2427 	2434 	2351
f 2411 	2391 	2393
f 2385 	2406 	2411
f 2387 	2385 	2411
f 2374 	2411 	2393
f 2374 	2387 	2411
f 2339 	2257 	2426
f 2351 	2420 	2427
f 2426 	2358 	2397
f 2362 	2358 	2426
f 2327 	2453 	2540
f 2361 	2362 	2426
f 2365 	2361 	2426
f 2427 	2420 	2418
f 2224 	2365 	2426
f 2351 	2434 	2375
f 2429 	2442 	2430
f 2430 	2423 	2429
f 2427 	2418 	2434
f 2429 	2482 	2484
f 1998 	2187 	2435
f 2434 	2418 	1996
f 2434 	2432 	2375
f 1999 	2435 	1991
f 2434 	1996 	1995
f 1998 	2435 	1999
f 2441 	2365 	2438
f 2434 	1995 	2407
f 2407 	2432 	2434
f 2444 	2436 	2362
f 1896 	1978 	2435
f 1991 	2435 	1978
f 2430 	2442 	2425
f 2444 	2361 	2441
f 2360 	2767 	1987
f 2435 	2254 	2231
f 2362 	2361 	2444
f 2437 	2443 	2442
f 2231 	2228 	2435
f 2418 	2420 	2360
f 2418 	2360 	1987
f 2446 	2437 	2440
f 2435 	2238 	2241
f 2243 	2435 	2241
f 2437 	2446 	2443
f 2243 	2254 	2435
f 1896 	2435 	1941
f 2430 	2425 	2423
f 2392 	2629 	2431
f 2318 	2331 	2312
f 2442 	2429 	2437
f 2362 	2436 	2358
f 2450 	2446 	2440
f 2447 	2452 	2451
f 2366 	2455 	2453
f 2541 	2294 	2291
f 1601 	2493 	1631
f 2450 	2457 	2468
f 2452 	2447 	2678
f 2454 	2554 	2545
f 2453 	2327 	2366
f 129 	1935 	2454
f 2454 	1935 	2435
f 87 	192 	1931
f 2460 	2358 	2436
f 2460 	2397 	2358
f 2307 	2513 	2290
f 2747 	87 	1931
f 2397 	2460 	2463
f 2307 	2288 	2513
f 2433 	2389 	2390
f 2390 	2503 	2433
f 2446 	2099 	2421
f 2544 	2568 	2342
f 2446 	2421 	2443
f 2433 	2377 	2389
f 2390 	2459 	2503
f 1497 	2493 	1597
f 2377 	2433 	2380
f 2334 	2526 	2333
f 2395 	2397 	2463
f 2481 	2453 	2455
f 2576 	2526 	2334
f 2464 	2514 	2466
f 2348 	2337 	2523
f 2481 	2455 	2445
f 2579 	2576 	2348
f 2469 	2396 	2463
f 2395 	2463 	2396
f 2498 	2352 	2353
f 2484 	2437 	2429
f 2498 	2359 	2352
f 2455 	2380 	2445
f 2342 	2412 	2544
f 2568 	2569 	2342
f 2498 	2368 	2359
f 2401 	2469 	2473
f 1867 	2539 	2472
f 2476 	1944 	2099
f 1944 	2476 	2468
f 2476 	2446 	2450
f 2468 	2476 	2450
f 2446 	2476 	2099
f 2454 	2435 	2228
f 382 	365 	2474
f 2467 	2466 	2511
f 2472 	1865 	1867
f 2552 	1865 	2472
f 2295 	2401 	2473
f 2491 	2464 	2228
f 2493 	1497 	1474
f 1944 	2483 	2477
f 2295 	2408 	2401
f 2297 	2500 	2487
f 2481 	2540 	2453
f 2479 	2465 	2518
f 2380 	2478 	2445
f 2464 	2491 	2514
f 1 	2474 	4
f 2628 	2394 	2638
f 2479 	2518 	2472
f 2394 	2541 	2638
f 2479 	2472 	2480
f 2440 	2437 	2484
f 2486 	2480 	391
f 2313 	2331 	2438
f 2486 	2451 	2480
f 2428 	2626 	2647
f 2331 	2492 	2460
f 2452 	2479 	2480
f 2436 	2331 	2460
f 2475 	2471 	2505
f 2444 	2331 	2436
f 2444 	2441 	2331
f 2479 	2452 	2456
f 2441 	2438 	2331
f 2297 	2485 	2324
f 2457 	2489 	2490
f 2563 	2413 	2419
f 2331 	2313 	2312
f 2324 	2328 	2297
f 2456 	2465 	2479
f 2475 	2505 	2524
f 2490 	2555 	2494
f 2661 	2394 	2392
f 2330 	2297 	2328
f 2445 	2478 	2587
f 2490 	2494 	2483
f 1248 	2297 	2330
f 2297 	2488 	2485
f 2297 	2487 	2488
f 318 	2326 	2668
f 2445 	2587 	2481
f 2472 	391 	2480
f 452 	2486 	391
f 2492 	2136 	2302
f 2484 	2489 	2440
f 452 	468 	2486
f 2481 	2604 	2608
f 2482 	2489 	2484
f 2141 	2136 	2492
f 2486 	2447 	2451
f 2725 	2497 	2495
f 2486 	2448 	2447
f 2480 	2451 	2452
f 2482 	2548 	2489
f 2495 	2497 	2527
f 2368 	2498 	2678
f 2718 	2143 	2376
f 1569 	2493 	1474
f 2383 	2495 	2459
f 2489 	2548 	2499
f 2493 	1569 	1324
f 2229 	2225 	2496
f 2353 	1807 	2498
f 2496 	2408 	2229
f 2408 	2496 	2401
f 2668 	2326 	2394
f 2502 	2505 	2471
f 2490 	2525 	2555
f 2297 	2504 	2500
f 2493 	963 	939
f 1723 	195 	2654
f 2296 	2492 	2298
f 2297 	2506 	2504
f 2470 	2502 	2471
f 2296 	2295 	2492
f 2298 	2492 	2302
f 2483 	2613 	2509
f 2492 	2469 	2463
f 2493 	392 	415
f 2475 	2524 	2507
f 2529 	2500 	2504
f 2463 	2460 	2492
f 2291 	2508 	2541
f 2493 	415 	408
f 2452 	2678 	2498
f 2493 	408 	400
f 2466 	2510 	2511
f 2508 	2291 	2290
f 2340 	2491 	2228
f 2433 	2503 	2570
f 2492 	2295 	2473
f 2493 	350 	449
f 2595 	2593 	2513
f 2469 	2492 	2473
f 2493 	449 	437
f 2458 	2461 	2498
f 2461 	2465 	2498
f 2493 	900 	963
f 2503 	2571 	2570
f 2465 	2456 	2498
f 2770 	1197 	2492
f 2493 	437 	900
f 2483 	2509 	2477
f 2514 	2510 	2466
f 2433 	2570 	2550
f 1197 	2703 	2492
f 2290 	2513 	2508
f 2506 	2501 	2547
f 2644 	2498 	1807
f 2478 	2433 	2550
f 2498 	2456 	2452
f 2478 	2380 	2433
f 2493 	1324 	2070
f 2532 	1743 	2515
f 2517 	2518 	2458
f 2450 	2440 	2489
f 1739 	1743 	2532
f 2462 	2517 	2458
f 2512 	2288 	2363
f 2493 	2108 	2127
f 2468 	2490 	2483
f 2512 	2363 	2333
f 2517 	2519 	2472
f 2097 	2093 	2493
f 2517 	2472 	2518
f 2512 	2513 	2288
f 2489 	2457 	2450
f 2458 	2518 	2461
f 2493 	2093 	2115
f 2597 	2595 	2513
f 2599 	2597 	2513
f 2414 	2497 	2725
f 2468 	2457 	2490
f 2070 	2097 	2493
f 2513 	2512 	2599
f 2109 	2493 	2115
f 2373 	2272 	2507
f 2109 	2108 	2493
f 2519 	2522 	2462
f 2548 	2429 	1992
f 2603 	1120 	2540
f 2519 	2517 	2522
f 2429 	2548 	2482
f 2489 	2499 	2525
f 1065 	1135 	2603
f 2517 	2462 	2522
f 2518 	2465 	2461
f 2532 	2520 	2521
f 2577 	2526 	2576
f 2462 	2498 	2558
f 2171 	1473 	2585
f 2462 	2458 	2498
f 2525 	2490 	2489
f 2334 	2348 	2576
f 2734 	2475 	1898
f 1898 	2339 	2734
f 2579 	2348 	2523
f 2464 	2466 	2454
f 2493 	400 	350
f 2530 	2532 	2515
f 2509 	2617 	2477
f 2532 	2535 	2520
f 2459 	2495 	2635
f 2635 	2503 	2459
f 4 	2474 	3
f 2642 	2638 	2541
f 3 	2474 	2543
f 488 	2 	2543
f 1120 	2409 	2540
f 2532 	2585 	1739
f 2454 	2466 	2467
f 2521 	2520 	2553
f 2539 	481 	2543
f 2472 	2539 	2474
f 2543 	2474 	2539
f 2543 	481 	488
f 2477 	1969 	1944
f 2519 	2462 	2546
f 2553 	2560 	2521
f 2462 	2558 	2546
f 2354 	2485 	2549
f 2619 	2544 	2618
f 2493 	806 	796
f 1992 	2652 	2548
f 1473 	1739 	2585
f 2619 	2620 	2544
f 2542 	2549 	2488
f 2467 	2554 	2454
f 2542 	2488 	2487
f 2548 	2525 	2499
f 2536 	2542 	2487
f 2536 	2487 	2500
f 2428 	2431 	2626
f 2531 	2536 	2500
f 1865 	2552 	2551
f 2500 	2529 	2531
f 2548 	2652 	2410
f 2532 	2530 	2557
f 2557 	2535 	2532
f 2467 	2646 	2554
f 2354 	2324 	2485
f 2557 	2559 	2535
f 2554 	2640 	2545
f 2525 	2548 	2410
f 2520 	2535 	2559
f 2555 	2525 	2410
f 2559 	2553 	2520
f 2506 	2547 	2528
f 2483 	2494 	2555
f 2561 	2540 	2481
f 2528 	2529 	2504
f 2561 	2603 	2540
f 448 	1631 	2493
f 2506 	2528 	2504
f 2464 	2454 	2228
f 2563 	2419 	2424
f 2493 	810 	806
f 2488 	2549 	2485
f 2563 	2424 	2428
f 2472 	2519 	2552
f 2564 	1735 	1345
f 2651 	2650 	2563
f 834 	810 	2493
f 2647 	2563 	2428
f 2481 	2608 	2561
f 2414 	2527 	2497
f 2483 	2555 	2565
f 2516 	2547 	2501
f 2492 	2653 	2564
f 2646 	2640 	2554
f 2620 	1467 	2568
f 2538 	2569 	2572
f 2683 	2557 	2530
f 2573 	2574 	2333
f 2575 	2566 	2567
f 2555 	2562 	2590
f 2530 	2515 	1787
f 1229 	2570 	2571
f 2566 	2575 	2753
f 2673 	2530 	1787
f 2565 	2555 	2590
f 1504 	1787 	2515
f 2582 	2573 	2526
f 2333 	2526 	2573
f 2575 	2580 	2753
f 1248 	2330 	2217
f 2580 	2575 	2583
f 2564 	2653 	2665
f 2584 	2585 	2532
f 2526 	2577 	2582
f 2606 	2217 	2330
f 2478 	2550 	2587
f 2586 	2584 	2532
f 2580 	2583 	2581
f 2523 	2588 	2579
f 2583 	2589 	2581
f 2577 	1467 	2582
f 2579 	1467 	2576
f 2588 	1467 	2579
f 2583 	2622 	2589
f 2532 	2592 	2586
f 2541 	2508 	2591
f 2593 	2591 	2508
f 2654 	2611 	2593
f 2493 	860 	834
f 2508 	2513 	2593
f 2587 	2550 	1178
f 914 	899 	2493
f 2532 	2521 	2592
f 2570 	1178 	2550
f 448 	2493 	796
f 2560 	2592 	2521
f 2551 	2622 	2575
f 2570 	1229 	1178
f 2275 	2671 	2596
f 2599 	1723 	2597
f 2590 	2719 	2716
f 2512 	2601 	2599
f 2596 	2289 	2237
f 2604 	2481 	2587
f 2562 	2555 	2410
f 2600 	2581 	2589
f 2595 	1723 	2593
f 2601 	1723 	2599
f 2584 	2633 	2585
f 2598 	2578 	2687
f 2512 	2602 	2601
f 2584 	2586 	2639
f 2574 	2573 	1723
f 2590 	2562 	2711
f 2586 	2615 	2639
f 2602 	2512 	2574
f 2512 	2333 	2574
f 2595 	2597 	1723
f 1467 	1723 	2582
f 2601 	2602 	1723
f 2533 	2637 	2578
f 2538 	2605 	2523
f 2588 	2523 	2605
f 2578 	2637 	2687
f 2573 	2582 	1723
f 2577 	2576 	1467
f 2605 	1467 	2588
f 2753 	2580 	2581
f 2605 	2538 	2572
f 2587 	1180 	2604
f 2605 	2572 	1467
f 2572 	2569 	1467
f 2610 	115 	2454
f 2217 	2606 	2609
f 2568 	2544 	2620
f 2610 	180 	115
f 2761 	2748 	2594
f 2541 	2611 	2612
f 2677 	2663 	2606
f 2330 	2677 	2606
f 2193 	2171 	2607
f 2541 	2591 	2611
f 2610 	2533 	2578
f 2608 	2603 	2561
f 2565 	2590 	2613
f 2534 	2533 	2610
f 2591 	2593 	2611
f 2610 	2454 	2534
f 2617 	2509 	2613
f 2454 	2537 	2534
f 1169 	1065 	2603
f 2613 	2483 	2565
f 2217 	2643 	2614
f 2716 	2594 	2613
f 2590 	2716 	2613
f 2471 	2610 	2470
f 2594 	2617 	2613
f 2569 	2568 	1467
f 2618 	304 	2619
f 2439 	2133 	1370
f 2616 	2589 	2627
f 2541 	2612 	2642
f 2614 	2671 	2621
f 2598 	2470 	2610
f 2612 	2611 	2654
f 2578 	2598 	2610
f 2648 	2493 	2127
f 2617 	2748 	2745
f 2556 	2623 	2618
f 2616 	2600 	2589
f 2431 	2625 	2626
f 2454 	2545 	2537
f 2594 	2748 	2617
f 2616 	2627 	2546
f 2546 	2558 	2616
f 2622 	2546 	2627
f 2624 	2527 	2414
f 2431 	2629 	2625
f 1925 	2133 	2630
f 2592 	2615 	2586
f 2622 	2627 	2589
f 2491 	1818 	2449
f 2630 	2219 	1377
f 2622 	2519 	2546
f 2631 	2654 	2629
f 2624 	2414 	1459
f 2624 	2635 	2527
f 2406 	2630 	2411
f 2622 	2583 	2575
f 2629 	2654 	2625
f 2628 	2654 	2631
f 2406 	2219 	2630
f 2571 	2503 	2635
f 2607 	2585 	2633
f 2638 	2654 	2628
f 2217 	2609 	2634
f 2622 	2551 	2552
f 2633 	2584 	2639
f 2635 	2495 	2527
f 2133 	2439 	2630
f 2545 	2640 	2641
f 2519 	2622 	2552
f 2643 	2217 	2634
f 584 	156 	2630
f 2642 	2654 	2638
f 2467 	2511 	2646
f 404 	59 	2669
f 2615 	2592 	2560
f 2571 	2624 	1227
f 2556 	2649 	2623
f 2607 	2178 	2193
f 2606 	2663 	2609
f 2571 	2635 	2624
f 2556 	2650 	2649
f 2648 	2127 	2266
f 2644 	2300 	2301
f 2618 	2623 	304
f 2650 	304 	2649
f 2651 	304 	2650
f 2301 	2404 	2644
f 2563 	2647 	2651
f 2644 	2616 	2558
f 2558 	2498 	2644
f 2666 	2667 	2621
f 2268 	2273 	2652
f 2621 	2671 	2666
f 1834 	2088 	2644
f 2649 	304 	2623
f 2651 	2647 	304
f 2626 	2625 	304
f 2654 	304 	2625
f 2647 	2626 	304
f 2261 	2265 	2332
f 2537 	2545 	2641
f 2493 	899 	860
f 2332 	2344 	2261
f 2636 	2632 	2652
f 2671 	2614 	2643
f 2654 	2593 	1723
f 2612 	2654 	2642
f 312 	2676 	2654
f 914 	2493 	939
f 2146 	2492 	2564
f 2413 	2162 	2170
f 2581 	2600 	2644
f 2683 	2633 	2639
f 392 	2648 	586
f 2330 	2355 	2677
f 2683 	2607 	2633
f 2192 	2655 	2191
f 392 	2493 	2648
f 2233 	2655 	2192
f 2537 	2641 	2657
f 2413 	2170 	2419
f 2170 	2424 	2419
f 2170 	2428 	2424
f 2265 	2140 	2670
f 2449 	2514 	2491
f 2652 	2632 	2711
f 2661 	2428 	2170
f 2636 	2652 	2669
f 2661 	2431 	2428
f 2534 	2537 	2657
f 569 	2664 	568
f 1370 	568 	2439
f 349 	2669 	2652
f 1760 	1759 	2665
f 2431 	2661 	2392
f 2659 	2632 	2636
f 1759 	2564 	2665
f 2630 	2439 	2664
f 2668 	2394 	2661
f 2665 	1768 	1760
f 2664 	2439 	568
f 2656 	2699 	2705
f 2662 	2658 	2740
f 2630 	2664 	584
f 2665 	2672 	2673
f 2356 	2332 	2265
f 2665 	2704 	2672
f 2636 	2669 	2645
f 2657 	2637 	2533
f 584 	2664 	815
f 2240 	2661 	2170
f 2664 	569 	815
f 2669 	349 	2675
f 404 	2669 	2675
f 2534 	2657 	2533
f 2411 	2630 	11
f 2676 	2694 	2654
f 2449 	2641 	2640
f 2675 	426 	404
f 586 	2648 	2266
f 586 	2266 	2343
f 1090 	304 	2654
f 2675 	438 	426
f 2368 	2678 	320
f 2665 	2673 	1768
f 2679 	2252 	2680
f 2678 	319 	320
f 2449 	2657 	2641
f 586 	2343 	2336
f 1787 	1780 	2673
f 2449 	2640 	2646
f 586 	2336 	2329
f 2448 	2678 	2447
f 2449 	2646 	2511
f 2682 	2239 	2705
f 586 	2323 	2281
f 2449 	2510 	2514
f 2673 	1780 	1768
f 2510 	2449 	2511
f 2704 	2665 	2653
f 2681 	2661 	2240
f 2668 	2661 	2681
f 2239 	2682 	2670
f 2621 	2787 	2710
f 2639 	2615 	2683
f 2615 	2560 	2683
f 2183 	1882 	2306
f 2634 	2671 	2643
f 2684 	417 	445
f 2683 	2688 	2607
f 2689 	2663 	2596
f 2689 	2671 	2634
f 2690 	2686 	1077
f 2265 	2670 	2356
f 438 	2675 	2685
f 2686 	2681 	1077
f 2690 	1077 	1052
f 2670 	2682 	2356
f 2683 	2560 	2553
f 2691 	2598 	2687
f 2678 	2486 	468
f 2690 	1052 	2206
f 2553 	2559 	2683
f 2206 	2686 	2690
f 2689 	2634 	2609
f 2683 	2559 	2557
f 2233 	2692 	2655
f 2744 	2660 	2662
f 2678 	2448 	2486
f 2727 	1044 	2680
f 62 	2695 	2357
f 2692 	2693 	2655
f 2470 	2598 	2691
f 2683 	2530 	2673
f 1049 	2680 	1044
f 2672 	2683 	2673
f 1082 	2694 	2680
f 2689 	2609 	2663
f 2678 	452 	417
f 2496 	2688 	2683
f 2355 	2289 	2596
f 1082 	2680 	1049
f 2677 	2596 	2663
f 2684 	445 	2685
f 788 	2695 	799
f 2680 	2252 	2727
f 2660 	2701 	2674
f 2496 	2696 	1208
f 2695 	788 	779
f 2676 	2680 	2694
f 2684 	2678 	417
f 2596 	2677 	2355
f 2696 	2496 	2683
f 2676 	2679 	2680
f 2502 	2470 	2691
f 2683 	2723 	2696
f 2671 	2689 	2596
f 2276 	2252 	2679
f 365 	1969 	2477
f 2695 	664 	586
f 1090 	2654 	2694
f 2496 	2226 	2688
f 2644 	1946 	2674
f 2524 	2718 	2507
f 1082 	1090 	2694
f 365 	2477 	2617
f 2695 	726 	680
f 2695 	680 	664
f 2692 	2183 	2725
f 799 	2695 	821
f 2681 	2240 	2698
f 2492 	2703 	2653
f 2698 	2240 	2242
f 965 	2695 	843
f 2652 	1992 	2268
f 965 	1016 	2695
f 2698 	1101 	1077
f 349 	2652 	2273
f 323 	368 	2695
f 2718 	2373 	2507
f 62 	323 	2695
f 2718 	2687 	2637
f 843 	2695 	368
f 2681 	2698 	1077
f 2617 	2758 	365
f 2700 	1197 	1226
f 2725 	2699 	2693
f 2718 	2691 	2687
f 2701 	2753 	2674
f 1017 	2702 	40
f 2630 	156 	11
f 2672 	2704 	2706
f 40 	44 	1017
f 2701 	2660 	2744
f 2704 	2708 	2706
f 2189 	1450 	1371
f 2383 	2356 	2682
f 1226 	1204 	2709
f 2726 	2707 	2367
f 2189 	2713 	2717
f 2383 	2682 	2705
f 323 	62 	2707
f 2718 	2376 	2373
f 2731 	2713 	2189
f 2699 	2656 	2693
f 2710 	2786 	2712
f 2367 	2707 	62
f 2632 	2590 	2711
f 2644 	1945 	1946
f 2379 	2367 	62
f 2705 	2699 	2495
f 579 	347 	2713
f 2699 	2725 	2495
f 323 	2707 	261
f 2674 	1946 	2660
f 2702 	1428 	40
f 2734 	2471 	2475
f 2683 	2672 	2715
f 2705 	2495 	2383
f 2449 	2718 	2657
f 62 	2357 	2379
f 2683 	2715 	2723
f 2723 	2715 	2709
f 122 	261 	2707
f 2657 	2718 	2637
f 2723 	2709 	1204
f 2773 	1967 	2772
f 2306 	2414 	2697
f 1208 	2696 	2723
f 2524 	2505 	2718
f 2776 	2724 	2773
f 2175 	1428 	2702
f 2725 	2693 	2692
f 2718 	2505 	2502
f 2724 	1967 	2773
f 2725 	2183 	2697
f 2718 	192 	195
f 2707 	2726 	2729
f 1017 	1127 	2702
f 1967 	2724 	1951
f 2723 	1204 	1292
f 1044 	2702 	1133
f 1931 	192 	2718
f 2718 	2449 	1931
f 2702 	2727 	2175
f 2716 	2761 	2594
f 2718 	2502 	2691
f 2727 	2702 	1044
f 2703 	2704 	2653
f 1951 	2724 	2660
f 2697 	2414 	2725
f 2703 	2730 	2704
f 2660 	1967 	1951
f 2143 	2718 	1723
f 2724 	2776 	2662
f 2724 	2662 	2660
f 1723 	2718 	195
f 2734 	180 	2610
f 254 	180 	2734
f 2708 	2700 	2709
f 2720 	2728 	2814
f 2734 	2610 	2471
f 2731 	2206 	1052
f 122 	2707 	2729
f 2706 	2715 	2672
f 2644 	2325 	2300
f 2708 	2709 	2715
f 2410 	2652 	2711
f 2735 	2713 	2731
f 2404 	1945 	2644
f 2731 	1052 	2735
f 2632 	2659 	2719
f 2706 	2708 	2715
f 2734 	2339 	254
f 2660 	1962 	1967
f 2417 	2416 	8
f 2709 	2700 	1226
f 2711 	2562 	2410
f 122 	2417 	8
f 2708 	2704 	2700
f 2660 	1946 	1962
f 2632 	2719 	2590
f 2088 	2325 	2644
f 2735 	1052 	1136
f 11 	10 	2416
f 2730 	2700 	2704
f 2736 	2737 	1920
f 2600 	2616 	2644
f 2700 	2730 	1197
f 2024 	2784 	2732
f 1030 	2713 	2735
f 2784 	2733 	2732
f 1318 	2743 	1317
f 2721 	2720 	2807
f 671 	672 	2743
f 2743 	1339 	1317
f 1338 	1339 	669
f 2745 	2746 	2617
f 2747 	41 	87
f 2744 	2662 	2740
f 2746 	2758 	2617
f 2721 	2807 	2722
f 2752 	2750 	2743
f 2395 	2396 	2738
f 2807 	2808 	2722
f 1122 	1907 	2741
f 2658 	2567 	2740
f 2749 	1809 	2741
f 2741 	2791 	2749
f 2738 	2739 	2426
f 1952 	2741 	1907
f 1952 	1959 	2741
f 2753 	2644 	2674
f 2339 	2739 	254
f 1168 	1127 	2754
f 44 	2754 	1017
f 671 	2754 	587
f 2769 	1935 	23
f 2426 	2739 	2339
f 1791 	1816 	2749
f 2751 	2754 	2750
f 671 	2743 	2754
f 2750 	2754 	2743
f 2744 	2740 	2567
f 2331 	1467 	2762
f 2755 	2756 	231
f 129 	23 	1935
f 2756 	232 	231
f 23 	129 	115
f 2756 	2757 	232
f 233 	232 	2757
f 2757 	241 	233
f 2658 	2575 	2567
f 1395 	2756 	2755
f 2758 	2764 	2775
f 2566 	2701 	2567
f 2749 	1824 	1791
f 2854 	2621 	2710
f 2757 	2756 	1395
f 2744 	2567 	2701
f 2781 	254 	2739
f 2738 	50 	2739
f 2755 	2779 	1395
f 2761 	2745 	2748
f 2760 	1920 	2737
f 50 	2738 	43
f 681 	70 	2738
f 2796 	2795 	2714
f 2738 	70 	43
f 1840 	1824 	2749
f 2761 	34 	2745
f 2760 	2742 	1902
f 2701 	2566 	2753
f 2745 	34 	2746
f 2602 	2574 	1723
f 2750 	1400 	2751
f 2746 	34 	2764
f 418 	419 	2765
f 2760 	1902 	1906
f 34 	42 	2764
f 2749 	2763 	1840
f 2753 	2581 	2644
f 2764 	2758 	2746
f 243 	2788 	2789
f 2765 	329 	331
f 419 	329 	2765
f 2764 	42 	2775
f 2728 	2766 	2795
f 2760 	2747 	2742
f 2780 	2782 	236
f 2765 	331 	352
f 2792 	251 	2790
f 1811 	2768 	2769
f 32 	2720 	2721
f 2765 	2331 	2762
f 391 	365 	2758
f 2768 	1610 	1611
f 237 	2782 	238
f 1826 	2768 	1611
f 23 	1811 	2769
f 2770 	825 	2771
f 2719 	2761 	2716
f 2771 	785 	897
f 1828 	2767 	1832
f 2771 	794 	792
f 825 	794 	2771
f 2768 	2736 	2759
f 2771 	792 	785
f 2770 	2771 	1277
f 2768 	2737 	2736
f 2768 	2759 	2769
f 2772 	2767 	2773
f 1619 	1610 	2768
f 2767 	2551 	2773
f 366 	825 	2770
f 2792 	2780 	251
f 1959 	1965 	2791
f 2791 	2741 	1959
f 2719 	2659 	2761
f 1576 	1555 	2768
f 2770 	2765 	363
f 1987 	2767 	2772
f 2774 	2139 	2140
f 2770 	2331 	2765
f 2768 	1826 	1580
f 2151 	2774 	2140
f 1277 	1197 	2770
f 2768 	1580 	1576
f 2790 	246 	2797
f 1620 	2768 	1626
f 1555 	1378 	1728
f 2139 	2774 	2117
f 2776 	2658 	2662
f 1208 	681 	2738
f 2777 	2547 	2516
f 2738 	2496 	1208
f 1555 	1728 	2768
f 2738 	2401 	2496
f 2773 	2575 	2776
f 2001 	2774 	2151
f 2575 	2658 	2776
f 1208 	1247 	681
f 2778 	2732 	1840
f 225 	238 	1416
f 2761 	2636 	34
f 2770 	2492 	2331
f 2732 	2778 	2024
f 1620 	1619 	2768
f 2755 	239 	2779
f 2767 	1865 	2551
f 2763 	2778 	1840
f 237 	236 	2782
f 214 	2781 	293
f 2783 	238 	2782
f 2781 	214 	567
f 2669 	59 	2645
f 236 	251 	2780
f 2763 	2024 	2778
f 2773 	2551 	2575
f 34 	2636 	2645
f 230 	1408 	239
f 59 	34 	2645
f 2781 	180 	254
f 2783 	1416 	238
f 2781 	567 	2157
f 1408 	1395 	2779
f 2761 	2659 	2636
f 2117 	2733 	2784
f 2780 	1318 	2782
f 2326 	2781 	2288
f 2768 	1727 	2785
f 2782 	1318 	2783
f 2363 	2288 	2781
f 2733 	2117 	2774
f 2768 	2785 	2737
f 59 	42 	34
f 2326 	318 	2781
f 1728 	1727 	2768
f 2162 	2348 	2781
f 2710 	2787 	2786
f 2781 	2157 	2162
f 59 	13 	42
f 2781 	2333 	2363
f 2760 	2737 	2785
f 2334 	2333 	2781
f 13 	59 	404
f 248 	2794 	2793
f 2781 	2348 	2334
f 242 	2788 	243
f 2785 	1727 	2760
f 180 	2781 	318
f 2791 	1965 	2008
f 2757 	2788 	242
f 2747 	2760 	1727
f 2712 	2796 	2714
f 249 	2793 	2797
f 41 	2747 	1727
f 13 	2775 	42
f 2786 	2796 	2712
f 2793 	249 	248
f 2008 	2104 	2791
f 391 	2758 	2775
f 1467 	304 	2762
f 2796 	2786 	131
f 2791 	2104 	2168
f 484 	418 	2765
f 484 	2765 	2762
f 305 	293 	2781
f 2168 	2749 	2791
f 2743 	2792 	2790
f 2743 	1318 	2792
f 2793 	2800 	2797
f 2749 	2168 	2135
f 2781 	2798 	305
f 277 	275 	1811
f 2795 	2766 	2714
f 2763 	2749 	2024
f 2805 	2781 	20
f 1811 	23 	277
f 2799 	2790 	2797
f 2118 	2024 	2749
f 2781 	2739 	24
f 23 	115 	277
f 2780 	2792 	1318
f 24 	20 	2781
f 2118 	2749 	2135
f 2667 	2787 	2621
f 2822 	2790 	2799
f 2794 	2802 	2793
f 276 	2822 	274
f 2774 	2001 	2733
f 305 	2798 	329
f 331 	329 	2798
f 1976 	2801 	1928
f 2798 	352 	331
f 2800 	273 	2799
f 2801 	1877 	1928
f 2801 	1930 	1877
f 24 	363 	362
f 2799 	2797 	2800
f 1395 	2819 	2757
f 24 	50 	363
f 24 	2739 	50
f 2788 	2803 	2789
f 2789 	2806 	2794
f 2806 	2789 	2803
f 2802 	2794 	2806
f 2805 	2798 	2781
f 2800 	2793 	2802
f 2798 	2805 	352
f 20 	352 	2805
f 2810 	2811 	264
f 358 	352 	20
f 2813 	2814 	2728
f 1976 	2809 	2801
f 2809 	2804 	2801
f 2814 	2807 	2720
f 358 	20 	24
f 2809 	2833 	2804
f 2810 	1395 	2811
f 2812 	2811 	2752
f 1930 	2801 	2804
f 1395 	2752 	2811
f 2812 	2752 	2825
f 2788 	2757 	2819
f 2816 	1971 	1947
f 1379 	2751 	1400
f 2752 	1395 	2750
f 1400 	2750 	1395
f 2728 	2795 	2813
f 298 	2826 	299
f 2827 	299 	2826
f 2829 	288 	2828
f 2814 	145 	2807
f 297 	288 	2829
f 2820 	282 	299
f 299 	2827 	2820
f 1966 	2816 	1947
f 2829 	2826 	297
f 298 	297 	2826
f 290 	2812 	2825
f 269 	2821 	270
f 2823 	270 	2821
f 2102 	1895 	2817
f 32 	2728 	2720
f 2832 	290 	2825
f 2721 	2722 	32
f 2817 	1679 	2102
f 292 	2831 	295
f 292 	291 	2831
f 2817 	1947 	1971
f 2816 	1966 	2818
f 2824 	2817 	1971
f 268 	270 	2823
f 27 	25 	2817
f 2816 	2824 	1971
f 263 	262 	2819
f 1966 	2815 	2818
f 131 	2786 	2787
f 131 	2787 	2667
f 271 	2821 	269
f 2818 	2834 	2816
f 271 	2820 	2821
f 268 	2822 	276
f 2833 	2818 	2815
f 268 	2823 	2822
f 2799 	274 	2822
f 2833 	2809 	324
f 2819 	2803 	2788
f 2810 	2819 	1395
f 2820 	2743 	2821
f 2822 	2823 	2790
f 26 	1609 	82
f 2842 	27 	2817
f 2842 	2817 	2824
f 2821 	2743 	2823
f 2790 	2823 	2743
f 101 	324 	2809
f 2817 	2005 	1679
f 1277 	2289 	2830
f 2831 	2828 	295
f 2844 	1277 	2830
f 25 	2005 	2817
f 2826 	2743 	2827
f 1868 	101 	2809
f 2743 	2829 	2828
f 2828 	2831 	2752
f 2827 	2743 	2820
f 2826 	2829 	2743
f 2832 	2752 	2831
f 2752 	2832 	2825
f 2289 	2355 	2830
f 2364 	2830 	2355
f 2743 	2828 	2752
f 1379 	1383 	2751
f 2754 	2751 	1383
f 279 	278 	2836
f 280 	279 	2837
f 25 	27 	2845
f 2850 	2838 	1613
f 284 	283 	2841
f 1247 	1336 	2838
f 2845 	27 	2842
f 1613 	2838 	1336
f 283 	296 	2840
f 280 	2837 	2839
f 2834 	2824 	2816
f 2529 	2528 	2830
f 2528 	2547 	2830
f 19 	300 	21
f 2531 	2529 	2830
f 2536 	2531 	2830
f 18 	294 	19
f 2804 	2833 	2815
f 2536 	2830 	2542
f 35 	309 	33
f 2843 	2833 	324
f 266 	2839 	31
f 81 	30 	28
f 2830 	2547 	2777
f 22 	306 	37
f 2843 	2818 	2833
f 310 	38 	308
f 37 	308 	38
f 310 	39 	38
f 2830 	2549 	2542
f 2841 	18 	2835
f 2840 	18 	2841
f 2836 	2835 	18
f 16 	18 	2840
f 2839 	2837 	18
f 31 	2839 	18
f 2354 	2549 	2830
f 2836 	18 	2837
f 2364 	2354 	2830
f 2005 	25 	272
f 1335 	2844 	1630
f 2824 	315 	2842
f 315 	301 	2842
f 2834 	372 	315
f 2847 	2844 	2846
f 2844 	2848 	2846
f 2830 	2777 	2844
f 1198 	1277 	2844
f 1334 	1198 	2844
f 272 	25 	2845
f 1335 	1334 	2844
f 301 	2845 	2842
f 2844 	2777 	2848
f 2834 	315 	2824
f 2834 	2843 	372
f 1630 	145 	104
f 2843 	2834 	2818
f 2851 	32 	2722
f 2851 	2850 	32
f 2847 	2846 	2850
f 2850 	2851 	2847
f 2851 	2722 	2808
f 2297 	2849 	2516
f 2849 	2846 	2848
f 2777 	2516 	2849
f 2777 	2849 	2848
f 2297 	2838 	2849
f 2850 	2849 	2838
f 2849 	2850 	2846
f 2851 	2808 	2847
f 2808 	2844 	2847
f 2808 	1630 	2844
f 32 	2850 	26
f 2850 	1609 	26
f 1613 	1609 	2850
f 2808 	2807 	145
f 145 	1630 	2808
f 2728 	32 	2854
f 32 	2852 	2855
f 2855 	2853 	2854
f 2854 	32 	2855
f 2854 	2853 	2857
f 2853 	281 	2242
f 2242 	2856 	2853
f 281 	2853 	286
f 2853 	367 	286
f 367 	2853 	2852
f 26 	384 	2852
f 2853 	2855 	2852
f 2854 	2710 	2712
f 2854 	2712 	2714
f 2714 	2766 	2854
f 2854 	2766 	2728
f 2217 	2614 	2857
f 2857 	2614 	2621
f 2857 	2853 	2856
f 2857 	2621 	2854
f 2856 	2217 	2857
f 2275 	381 	124
f 2275 	124 	131
f 2814 	2813 	131
f 2814 	131 	145
f 2813 	2795 	131
f 2667 	2666 	131
f 2795 	2796 	131
# 5752 faces

 #end of obj_0

