# Object Export From Tinkercad Server 2015

mtllib obj.mtl

o obj_0
v 69.908 		229.983 		98.416
v 66.338 		231.193 		99.976
v 69.2165 		106 		83.0418
v 79.1262 		106 		83.0974
v 81.586 		107.091 		83.142
v 76.799 		-24.202 		18.457
v 38.295 		-212.307 		69.848
v -81.946 		199.591 		85.985
v 78.592 		-17.34 		24.086
v 77.034 		-31.092 		24.086
v -75.442 		-115.959 		32.458
v -68.321 		-162.063 		54.172
v -91.654 		199.591 		85.941
v -91.658 		199.591 		88.427
v 67.149 		224.067 		108.031
v -71.687 		-154.447 		55.36
v 65.576 		221.671 		112.467
v -77.015 		70.654 		44.104
v 69.644 		-27.246 		24.086
v -91.662 		199.591 		85.907
v -77.015 		70.31 		44.496
v 81.6929 		106 		82.7245
v 68.129 		222.386 		108.922
v 81.6265 		106 		83.1223
v -77.015 		69.876 		44.786
v -91.662 		199.591 		88.427
v 66.465 		225.188 		107.312
v -81.952 		199.591 		85.907
v -77.015 		70.495 		41.676
v -77.015 		70.103 		41.333
v -69.01 		-139.264 		46.998
v -79.815 		-118.037 		30.035
v -77.015 		70.868 		42.357
v 69.327 		221.216 		108.702
v 34.487 		-218.736 		76.833
v 79.439 		106.267 		94.906
v -73.09 		-131.746 		46.336
v -77.015 		70.987 		43.124
v -77.015 		70.885 		43.636
v 36.597 		-216.86 		76.263
v -78.89 		-118.149 		28.868
v -69.01 		-132.996 		43.128
v -69.01 		-133.672 		44.5
v -69.01 		-133.328 		44.108
v 66.129 		-15.694 		15.036
v -69.01 		-135.12 		44.992
v -78.323 		-121.658 		29.04
v 81.3835 		98.5785 		89.1308
v 80.0259 		103.0357 		94.853
v 80.0172 		103.2976 		94.8573
v 80 		103.907 		94.853
v 81.204 		103.907 		89.2283
v 80.0575 		103.9095 		94.8673
v -70.273 		227.662 		81.506
v -69.01 		-133.098 		43.64
v 69.11 		218.013 		112.467
v -69.01 		-134.6 		44.957
v -69.01 		-134.106 		44.79
v -81.094 		70.969 		43.125
v 33.22 		-239.628 		94.569
v 35.508 		-238.076 		94.43
v -81.107 		69.994 		41.26
v 68.28 		219.105 		112.467
v -81.096 		70.885 		42.351
v -69.01 		-135.12 		41.005
v 90.44 		-36.41 		22.289
v 37.779 		-236.428 		94.284
v 40.026 		-234.695 		94.13
v -69.01 		-133.098 		42.356
v 70.953 		219.21 		108.272
v 81.2261 		106 		70
v -79.138 		-118.107 		28.567
v 82.0247 		106 		80.5849
v 82.0636 		106 		80.3
v 81.5014 		106 		73.1994
v -69.01 		-133.487 		41.681
v 42.243 		-232.886 		93.97
v 81.288 		123.761 		80.794
v 69.908 		216.787 		112.467
v 71.422 		213.868 		112.467
v -69.01 		-134.348 		41.107
v 90.206 		-36.41 		20.626
v -75.016 		228.683 		78.414
v -75.909 		228.178 		81.836
v -79.095 		-119.571 		28.598
v -81.099 		70.654 		41.884
v 86.073 		130.019 		81.085
v -69.01 		-133.88 		41.337
v -79.589 		-117.898 		28.358
v -76.395 		227.116 		81.762
v 73.078 		215.227 		107.793
v 86.409 		122.71 		80.886
v -72.612 		-132.169 		43.315
v 85.599 		-38.106 		21.526
v 85.37 		-36.024 		21.754
v 74.701 		221.192 		99.62
v -81.096 		70.785 		43.878
v -69.01 		-136.949 		43.387
v -69.01 		-136.651 		44.108
v 84.587 		83.883 		97.649
v -69.01 		-136.406 		44.414
v -69.01 		-136.1 		44.659
v -78.688 		218.553 		78.309
v 86.047 		-36.41 		21.211
v 84.9181 		84.093 		94.5421
v -81.11 		69.663 		44.876
v -81.103 		70.212 		44.582
v 68.661 		225.247 		105.059
v 84.2173 		84.0644 		94.5416
v -69.01 		-135.632 		44.89
v 83.4775 		84.0341 		94.5412
v -69.01 		-136.492 		41.681
v -69.01 		-136.1 		41.337
v -77.015 		68.862 		44.988
v -77.015 		67.883 		44.655
v -77.015 		68.351 		44.886
v -77.015 		67.49 		44.311
v -69.01 		-136.782 		42.114
v -72.82 		219.711 		76.117
v -69.01 		-136.984 		42.867
v 82.2428 		90 		82.6952
v -77.015 		67.117 		43.631
v 70.323 		222.694 		105.732
v 71.164 		222.216 		104.966
v 25.346 		-227.646 		94.994
v 86.281 		-36.41 		22.874
v 82.2147 		90 		82.8439
v 81.9553 		90 		82.8383
v 71.212 		222.885 		104.229
v 86.261 		-36.238 		22.867
v 86.394 		91.405 		87.947
v -69.01 		-135.632 		41.107
v 28.835 		-225.219 		94.716
v 86.1339 		84.093 		88.8622
v 86.0686 		86.0379 		88.8974
v 32.648 		-222.234 		94.385
v -70.209 		224.162 		70.605
v -78.912 		-123.403 		32.673
v 82.7034 		83.9528 		88.8608
v 83.1328 		83.9703 		88.8599
v -77.015 		68.927 		41.004
v -77.015 		68.351 		41.102
v -77.015 		69.511 		41.06
v -78.371 		-132.708 		48.887
v -76.859 		-136.876 		46.608
v 87.276 		91.471 		82.917
v -76.345 		-137.332 		43.535
v 90.141 		-48.191 		21.322
v 90.374 		-48.191 		22.986
v 82.3031 		90 		82.3684
v -77.575 		-123.913 		29.597
v -77.015 		67.101 		42.351
v -77.015 		66.999 		42.863
v -77.015 		67.331 		41.884
v -77.015 		67.577 		41.578
v 69.742 		227.483 		101.35
v 67.428 		229.361 		101.417
v 29.529 		-228.398 		88.989
v -68.144 		226.479 		67.86
v 72.169 		224.443 		101.247
v 86.267 		-42.327 		23.209
v 28.412 		-219.345 		82.777
v 80.036 		85.342 		94.562
v -66.498 		228.31 		68.45
v -81.126 		68.351 		44.886
v 85.425 		-41.168 		21.911
v 27.845 		-227.666 		85.574
v -69.01 		-144.17 		46.998
v -81.148 		-129.565 		30.973
v -66.963 		227.639 		67.434
v 73.548 		221.966 		101.166
v -76.995 		-129.632 		31.561
v 26.187 		-228.668 		85.647
v 80.2205 		90 		82.8207
v -80.913 		-129.565 		29.309
v -76.753 		-129.565 		29.894
v -81.138 		67.454 		44.257
v -81.142 		67.101 		43.636
v 74.918 		218.732 		101.064
v 73.984 		216.496 		104.804
v 86.204 		-48.191 		23.572
v -70.228 		222.743 		66.689
v 12.357 		-227.322 		83.119
v -81.132 		67.883 		44.655
v 74.691 		215.475 		104.016
v -69.01 		-140.995 		43.128
v 81.285 		90.429 		87.875
v -69.01 		-141.097 		43.64
v 81.8767 		83.919 		88.8625
v 80.6622 		83.919 		94.5387
v 80.6259 		85.0102 		94.5567
v 75.297 		213.563 		103.964
v 26.217 		-212.372 		66.729
v 82.878 		-45.59 		21.456
v -75.672 		224.459 		70.413
v -81.115 		69.254 		44.979
v -69.01 		-142.6 		44.957
v -74.728 		226.62 		70.843
v 85.307 		-48.191 		22.462
v -69.01 		-142.105 		44.79
v -76.233 		223.487 		71.466
v -69.01 		-141.327 		44.108
v -76.301 		-129.98 		30.081
v -81.122 		68.732 		44.979
v -76.093 		-129.65 		30.365
v 85.738 		-45.579 		21.832
v 31.539 		-219.561 		74.454
v 76.392 		214.026 		100.92
v 85.56 		72.569 		94.353
v 85.543 		-46.938 		22.049
v 85.469 		-48.603 		22.207
v -81.112 		69.568 		41.079
v -81.124 		68.603 		41.034
v -69.01 		-141.672 		44.5
v -81.13 		68.109 		41.202
v 85.522 		-45.684 		21.998
v 85.944 		-46.73 		21.824
v -71.013 		220.914 		66.608
v 72.487 		219.108 		105.63
v 85.722 		-47.357 		21.939
v -71.882 		218.49 		66.755
v -68.861 		-115.991 		23.956
v 87.709 		79.198 		82.764
v -69.01 		-142.009 		41.284
v 71.924 		220.973 		104.929
v -81.136 		67.675 		41.492
v -69.01 		-141.672 		41.496
v -82.417 		-123.744 		28.521
v -82.651 		-123.744 		30.185
v -81.118 		69.123 		41
v -69.01 		-141.327 		41.889
v -69.01 		-141.029 		42.608
v 81.489 		-47.488 		26.437
v 73.676 		207.499 		112.467
v -83.984 		-117.898 		29.437
v 72.697 		210.631 		112.467
v 79.77 		-37.133 		25.245
v -68.716 		-142.668 		41.034
v 81.525 		-36.277 		25.796
v 74.464 		212.224 		106.964
v 96.804 		80.894 		87.969
v -78.125 		217.918 		72.711
v 28.531 		-219.405 		70.543
v -83.75 		-117.898 		27.773
v -53.329 		-184.128 		133.064
v 82.991 		66.739 		82.605
v 76.979 		-33.593 		18.887
v -76.746 		196.647 		78.062
v 75.36 		-42.182 		24.086
v -58.642 		-184.602 		133.976
v -81.14 		67.331 		41.884
v -68.906 		-142.223 		41.149
v 70.577 		197.169 		112.467
v 69.698 		201.471 		112.467
v 67.252 		-44.461 		24.086
v 97.201 		70.385 		82.829
v -56.563 		-188.346 		134.594
v 74.61 		203.829 		112.467
v 19.852 		-215.643 		66.902
v -53.886 		-192.792 		135.316
v 69.861 		-34.211 		16.717
v 17.263 		-218.576 		70.33
v 77.195 		-46.119 		19.596
v -81.143 		67.101 		42.351
v -81.144 		67.004 		42.93
v -46.921 		-194.498 		134.719
v -70.115 		-140.275 		44.514
v 71.473 		-46.625 		17.801
v -80.96 		197.985 		70.823
v 22.126 		-214.57 		66.848
v -49.667 		-190.335 		134.06
v 24.184 		-215.969 		71.459
v 82.036 		65.824 		87.639
v -80.378 		200.288 		67.482
v -85.648 		75.07 		37.407
v -68.82 		-143.873 		44.79
v 75.118 		211.03 		106.177
v -68.619 		-144.307 		44.5
v -65.293 		194.117 		90.9
v -64.984 		194.114 		90.9
v -83.518 		119.921 		32.562
v 76.098 		209.928 		104.32
v 86.174 		-63.021 		26.94
v -68.264 		-144.881 		43.64
v -68.426 		-144.651 		44.108
v -64.199 		193.882 		90.895
v -68.146 		-144.983 		43.128
v -63.702 		193.518 		90.883
v -63.383 		193.114 		90.868
v -74.656 		123.236 		31.356
v 86.971 		72.787 		87.737
v 81.949 		-57.78 		32.619
v -77.972 		118.971 		30.995
v -63.144 		192.547 		90.846
v 77.005 		209.061 		102.313
v -30.302 		-212.93 		137.829
v 76.761 		205.702 		104.972
v 89.996 		-56.284 		21.867
v 79.75 		75.859 		82.635
v 90.231 		-56.284 		23.53
v -69.01 		-143.418 		44.944
v -76.093 		109.207 		28.136
v 80.427 		71.83 		94.34
v -7.883 		-224.472 		139.977
v 77.885 		197.912 		105.41
v 12.293 		-227.68 		72.798
v 78.672 		196.724 		103.146
v -79.572 		98.316 		31.987
v -68.078 		-144.949 		42.608
v 31.58 		-229.537 		93.851
v -68.162 		-144.278 		41.474
v -68.148 		-144.334 		41.523
v -10.462 		-223.795 		139.855
v -58.493 		193.63 		90.91
v 85.16 		-56.426 		23.011
v -13.331 		-225.369 		133.81
v -68.434 		-143.403 		41.046
v 81.6656 		94.7112 		70
v 65.536 		90 		70
v 26.112 		-233.202 		94.183
v 85.519 		-52.746 		22.372
v -68.067 		-144.781 		42.114
v -83.829 		112.73 		30.92
v -84.096 		105.621 		29.407
v 81.8643 		90 		70
v 18.816 		-231.385 		95.436
v -84.322 		98.533 		28.016
v 21.639 		-229.885 		95.259
v -14.872 		-222.265 		139.573
v 85.986 		-59.315 		24.333
v -12.685 		-223.083 		139.725
v -59.172 		189.643 		90.743
v 87.885 		88.495 		80.073
v 88.657 		67.742 		79.673
v -14.835 		-227.287 		141.56
v -11.868 		-228.242 		141.764
v 23.378 		-234.769 		94.326
v 78.793 		197.477 		102.371
v 78.876 		197.791 		101.934
v 17.689 		-237.565 		94.582
v -63.081 		192.14 		90.829
v -68.447 		-143.367 		41.037
v -78.558 		93.543 		25.454
v 87.938 		75.455 		75.186
v 85.07 		-59.841 		23.253
v 85.329 		-59.005 		22.849
v -73.395 		-145.152 		41.903
v 79.024 		198.17 		101.227
v 87.324 		76.567 		69.26
v -8.946 		-228.996 		141.927
v 79.195 		198.451 		100.481
v -74.498 		-144.305 		47.73
v -63.183 		191.379 		90.798
v 79.525 		198.654 		99.177
v 82.7301 		90 		79.8974
v 85.639 		-59.377 		22.704
v 25.093 		-244.28 		94.989
v -65.161 		189.923 		90.731
v 83.027 		82.607 		79.726
v 74.323 		198.664 		98.973
v -64.455 		190.053 		90.739
v 79.738 		198.633 		98.389
v 63.468 		129.148 		88.616
v 30.905 		-241.084 		94.699
v 85.564 		-59.62 		22.766
v 64.115 		105.56 		88.007
v -69.812 		-138.514 		38.294
v 63.875 		115.461 		88.243
v -69.942 		-138.086 		38.178
v 28.201 		-242.646 		94.84
v -64.085 		190.231 		90.748
v 89.747 		-64.445 		22.47
v 89.98 		-64.445 		24.133
v -23.326 		-217.95 		138.763
v -17.914 		-220.926 		139.324
v 73.78 		198.224 		101.119
v -63.455 		190.829 		90.774
v -21.386 		-220.286 		136.211
v 56.739 		100.015 		70
v 57 		99.998 		70
v 73.944 		198.46 		100.428
v 56.482 		100.066 		70
v 56.234 		100.15 		70
v -80.836 		87.994 		32.05
v 55.999 		100.266 		70
v 85.652 		-62.328 		22.897
v 57.261 		100.015 		70
v -79.933 		88.051 		31.79
v 55.781 		100.411 		70
v 55.584 		100.584 		70
v 55.411 		100.781 		70
v 55.266 		100.999 		70
v 55.15 		101.234 		70
v 85.366 		-61.465 		22.968
v 55.066 		101.482 		70
v -69.01 		-136.623 		34.638
v 55.015 		101.739 		70
v 84.908 		-64.628 		23.611
v 54.998 		102 		70
v -70.348 		-135.51 		34.985
v 55.015 		102.261 		70
v -25.712 		-216.389 		138.47
v -28.037 		-214.713 		138.158
v 58.985 		102.261 		70
v 59.003 		102 		70
v 58.985 		101.739 		70
v 58.934 		101.482 		70
v 58.85 		101.234 		70
v 58.734 		100.999 		70
v 58.589 		100.781 		70
v 58.416 		100.584 		70
v 58.219 		100.411 		70
v 73.411 		196.785 		103.093
v 58.001 		100.266 		70
v 85.201 		-62.355 		23.12
v 57.766 		100.15 		70
v 57.518 		100.066 		70
v 73.492 		197.308 		102.565
v -75.688 		-137.853 		39.872
v 55.066 		102.518 		70
v 55.15 		102.766 		70
v 55.266 		103.001 		70
v 73.641 		197.886 		101.77
v 55.411 		103.219 		70
v 55.584 		103.416 		70
v 18.165 		-247.342 		95.27
v 21.717 		-245.87 		95.134
v 55.781 		103.589 		70
v 55.999 		103.734 		70
v 85.054 		-62.775 		23.314
v 56.234 		103.85 		70
v 56.482 		103.934 		70
v 56.739 		103.985 		70
v 57 		104.003 		70
v -79.868 		86.33 		29.846
v 57.261 		103.985 		70
v 57.518 		103.934 		70
v 57.766 		103.85 		70
v -65.219 		184.562 		90.52
v 58.001 		103.734 		70
v 58.219 		103.589 		70
v -32.099 		-217.619 		139.603
v 58.416 		103.416 		70
v 58.589 		103.219 		70
v 72.587 		200.839 		103.913
v 58.734 		103.001 		70
v 58.85 		102.766 		70
v -69.01 		-140.967 		38.954
v -29.272 		-219.717 		140.009
v 58.934 		102.518 		70
v -69.01 		-140.787 		38.551
v 79.015 		-59.994 		26.492
v 76.216 		-58.265 		25.384
v -69.01 		-140.966 		38.647
v -69.442 		-139.734 		38.418
v -69.01 		-141.033 		38.618
v 81.243 		-59.994 		27.273
v 8.672 		-232.488 		90.52
v 16.099 		-232.668 		95.584
v 13.616 		-230.802 		90.329
v 11.224 		-233.114 		93.074
v 52.003 		98.304 		70
v 52.003 		106 		70
v -72.194 		95.981 		24.2
v 9.779 		-235.091 		95.863
v -69.825 		89.322 		22.257
v 52.003 		106 		75.998
v 81.29 		-58.702 		27.177
v 57 		99.998 		75.998
v 56.739 		100.015 		75.998
v 56.482 		100.066 		75.998
v 84.07 		234.068 		90.979
v 85.24 		231.698 		90.979
v 56.234 		100.15 		75.998
v 55.999 		100.266 		75.998
v -64.59 		181.938 		90.421
v -65.378 		181.078 		90.386
v -78.006 		87.055 		24.127
v 57.261 		100.015 		75.998
v 55.781 		100.411 		75.998
v -64.834 		181.546 		90.405
v 55.584 		100.584 		75.998
v 83.102 		235.703 		90.532
v -23.324 		-223.448 		140.757
v 55.411 		100.781 		75.998
v -73.647 		-140.601 		33.172
v 55.266 		100.999 		75.998
v 55.15 		101.234 		75.998
v -26.348 		-221.664 		140.396
v 55.066 		101.482 		75.998
v 81.729 		-64.518 		22.449
v 55.015 		101.739 		75.998
v -20.564 		-224.882 		141.053
v 82.719 		236.326 		90.979
v 54.998 		102 		75.998
v 55.015 		102.261 		75.998
v 75.916 		-58.791 		19.99
v 66.705 		-59.596 		17.077
v -84.674 		97.117 		31.943
v 58.985 		102.261 		75.998
v 82.246 		236.981 		90.589
v -69.01 		-139.388 		35.569
v 59.003 		102 		75.998
v 58.985 		101.739 		75.998
v 58.934 		101.482 		75.998
v -84.681 		83.84 		25.53
v -84.514 		91.405 		26.742
v 58.85 		101.234 		75.998
v 58.734 		100.999 		75.998
v -71.805 		-145.816 		34.002
v 73.341 		-53.293 		24.086
v 13.143 		-233.902 		95.728
v 58.589 		100.781 		75.998
v 58.416 		100.584 		75.998
v 58.219 		100.411 		75.998
v -64.667 		183.958 		90.498
v 58.001 		100.266 		75.998
v 83.273 		235.522 		87.362
v 83.06 		235.768 		87.374
v 57.766 		100.15 		75.998
v 57.518 		100.066 		75.998
v 83.959 		234.335 		87.312
v 55.066 		102.518 		75.998
v 84.298 		233.618 		87.283
v -64.429 		183.39 		90.477
v 55.15 		102.766 		75.998
v 55.266 		103.001 		75.998
v -60.066 		183.109 		90.476
v -70.904 		-145.822 		32.776
v 55.411 		103.219 		75.998
v 55.584 		103.416 		75.998
v 83.077 		235.788 		88.298
v -64.371 		182.674 		90.449
v 55.781 		103.589 		75.998
v 55.999 		103.734 		75.998
v 56.234 		103.85 		75.998
v 56.482 		103.934 		75.998
v 56.739 		103.985 		75.998
v 57 		104.003 		75.998
v 57.261 		103.985 		75.998
v -75.905 		-145.854 		33.43
v 57.518 		103.934 		75.998
v 57.766 		103.85 		75.998
v 58.001 		103.734 		75.998
v 58.219 		103.589 		75.998
v 58.416 		103.416 		75.998
v 12.999 		-239.425 		94.754
v 58.589 		103.219 		75.998
v 40.009 		-41.996 		35.999
v 45.007 		-41.996 		35.999
v 58.734 		103.001 		75.998
v 83.488 		235.066 		87.167
v 58.85 		102.766 		75.998
v 58.934 		102.518 		75.998
v 14.813 		-238.754 		94.691
v -74.3 		-141.704 		39.496
v -80.962 		73.992 		30.229
v -81.055 		73.992 		30.256
v 8.461 		-240.811 		94.881
v 43.708 		-24.061 		16.624
v 48.346 		-4.637 		17.431
v 61.7765 		98.304 		75.998
v 82.149 		237.225 		87.435
v -80.201 		73.992 		29.987
v -80.074 		80.667 		30.768
v -80.885 		73.992 		30.189
v -40.903 		-202.386 		135.985
v -42.473 		-200.477 		135.673
v -65.594 		-150.743 		41.689
v 82.218 		237.077 		88.038
v -77.015 		73.992 		27.159
v 15.172 		-234.886 		87.806
v -67.582 		-147.988 		46.998
v -80.089 		73.992 		28.068
v -67.783 		-147.96 		48.224
v 53.525 		-23.327 		19.185
v 85.203 		231.829 		87.207
v -43.89 		-200.031 		132.565
v 58.092 		-3.858 		20.058
v -80.057 		76.166 		28.332
v 63.125 		-12.993 		21.65
v 13.506 		-233.968 		85.044
v -74.386 		80.826 		27.384
v -66.4 		-148.828 		41.46
v 85.229 		231.705 		87.167
v -55.326 		196.55 		86.002
v 85.286 		231.58 		87.197
v -55.936 		193.595 		85.876
v -55.48 		195.827 		88.494
v -70.054 		-155.599 		47.444
v -71.881 		-148.951 		41.607
v -77.015 		71.507 		26.822
v 58.537 		-32.474 		20.897
v 65.059 		-31.922 		22.821
v 86.171 		229.435 		87.108
v 7.989 		-234.917 		83.866
v -66.368 		74.025 		24.086
v -46.363 		-203.372 		137.049
v 57.461 		-6.954 		12.516
v 50.648 		-7.458 		10.779
v -67.816 		77.12 		19.664
v 9.61 		-237.707 		89.733
v 64.253 		-6.427 		14.344
v -66.933 		-162.87 		48.281
v -68.217 		-159.426 		46.531
v 85.884 		230.231 		88.055
v -39.975 		-210.568 		138.295
v 11.236 		-249.616 		95.484
v -64.811 		194.091 		87.839
v -80.179 		76.037 		23.05
v 15.905 		-248.171 		95.347
v -65.761 		-163.454 		43.682
v -63.154 		192.564 		87.839
v -78.083 		75.808 		22.403
v 84.651 		232.906 		85.907
v -40.199 		-211.618 		135.452
v 83.059 		235.77 		85.907
v 38.303 		-14.917 		15.088
v 85.974 		229.918 		85.907
v -38.421 		-205.204 		136.458
v -33.116 		-210.496 		137.386
v -64.126 		193.842 		87.839
v 8.838 		-250.216 		95.541
v -35.824 		-207.914 		136.927
v -69.564 		66.984 		24.086
v -67.09 		-160.019 		41.942
v 70.04 		246.458 		90.979
v -63.826 		193.632 		87.839
v -66.611 		-147.988 		40.741
v 32.879 		-8.702 		6.651
v -66.377 		-147.988 		39.603
v -58.352 		194.384 		88.421
v 70.014 		246.565 		87.864
v 71.06 		245.992 		87.838
v -65.915 		-147.988 		36.904
v 12.469 		-249.105 		97.5
v 56.072 		-25.88 		12.549
v -74.323 		65.776 		20.038
v 67.997 		247.279 		87.901
v 68.818 		246.841 		87.881
v -65.787 		-150.251 		40.085
v 69.458 		246.623 		85.907
v 65.804 		247.896 		87.934
v -66.608 		-147.988 		39.716
v 66.16 		247.64 		87.924
v 67.192 		247.363 		85.907
v -84.82 		76.144 		24.446
v -84.935 		68.453 		23.512
v 45.788 		-26.604 		9.965
v -69.86 		-152.948 		39.545
v 40.125 		-17.592 		8.415
v 68.04 		247.206 		89.792
v 71.372 		246.003 		88.457
v 73.288 		-136.943 		62.964
v 74.603 		-132.365 		62.925
v -37.731 		-209.411 		137.641
v -15.088 		49.693 		10.716
v -65.176 		189.923 		87.839
v -15.071 		61.547 		11.28
v -64.126 		190.204 		87.839
v 22.348 		-9.418 		4.423
v 74.17 		-133.455 		61.963
v 78.031 		241.708 		90.806
v -63.697 		190.544 		87.839
v 76.431 		243.024 		90.223
v -63.075 		192.023 		87.839
v -64.458 		190.05 		87.839
v 76.948 		242.606 		90.979
v 21.333 		-6.624 		11.133
v 28.982 		-13.198 		12.903
v 78.454 		241.352 		90.979
v 79.537 		240.263 		90.739
v -63.356 		190.973 		87.839
v -63.202 		191.305 		87.839
v -44.713 		-205.371 		137.387
v 74.25 		244.444 		90.979
v 31.384 		-5.898 		13.341
v 75.362 		243.751 		90.979
v 81.17 		238.457 		90.979
v -70.646 		-149.646 		36.163
v 80.945 		238.682 		90.666
v -11.342 		63.501 		10.634
v 30.363 		-15.896 		6.209
v -57.129 		186.249 		85.572
v -42.396 		-208.01 		137.842
v -56.9 		187.798 		88.16
v 79.238 		-134.223 		62.051
v -11.88 		59.7 		3.92
v -10.026 		64.161 		3.856
v -51.021 		-197.128 		136.02
v -69.435 		-150.146 		33.263
v -49.516 		-199.246 		136.366
v 71.903 		245.674 		90.979
v -59.812 		185.16 		88.04
v 74.185 		230.916 		92.35
v 74.921 		229.735 		92.297
v 74.733 		230.052 		90.979
v 70.395 		-146.019 		63.053
v -65.112 		184.482 		87.839
v -34.826 		-215.386 		139.179
v -15.787 		57.773 		4.571
v -57.516 		183.196 		87.974
v -37.452 		-213.032 		138.742
v 28.245 		-25.124 		12.971
v -30.742 		51.242 		14.129
v 70.783 		-146.208 		65.172
v -65.412 		181.054 		87.839
v 70.074 		232.49 		95.476
v -29.792 		60.71 		14.471
v 18.651 		-25.755 		10.871
v 72.449 		-141.039 		65.094
v -20.202 		50.211 		11.768
v -64.983 		181.393 		87.839
v -64.489 		183.591 		87.839
v -59.996 		-162.323 		123.013
v -64.643 		183.923 		87.839
v -61.111 		-162.906 		123.098
v -60.591 		-162.736 		123.072
v 77.539 		-140.006 		62.051
v -64.489 		182.155 		87.839
v -68.458 		-153.54 		33.675
v -64.643 		181.823 		87.839
v -59.58 		-161.735 		122.927
v -26.431 		60.369 		13.664
v -64.394 		182.508 		87.839
v 29.59 		-27.652 		6.278
v -26.972 		50.879 		13.254
v 19.54 		-28.273 		4.159
v -61.03 		173.86 		90.115
v 70.229 		235.002 		92.539
v 72.161 		-137.843 		55.22
v -73.915 		-151.001 		34.298
v 15.049 		-19.234 		3.048
v -17.526 		64.968 		5.402
v -27.686 		56.612 		6.976
v -31.209 		56.948 		7.793
v 14.365 		-16.583 		9.771
v 70.606 		234.729 		90.979
v 71.853 		233.679 		90.979
v 71.96 		233.576 		92.472
v -67.926 		-156.769 		38.451
v -58.56 		173.264 		85.059
v 73.471 		-152.132 		62.051
v -67.693 		-156.079 		35.786
v -71.788 		-156.079 		35.21
v 72.308 		-155.24 		62.051
v -58.315 		175.78 		87.682
v -59.241 		164.59 		87.26
v 60.304 		-45.069 		21.947
v 69.304 		235.605 		92.569
v 67.799 		236.411 		92.608
v -66.788 		-156.079 		34.544
v 66.358 		237.025 		92.638
v 55.373 		-45.468 		20.516
v -65.878 		-158.497 		34.805
v -59.1 		166.523 		84.808
v 69.273 		235.624 		90.979
v 68.814 		-150.512 		63.101
v -10.349 		36.244 		2.673
v -15.805 		46.09 		4.002
v 66.358 		237.025 		90.979
v -66.077 		-158.497 		34.663
v 67.856 		236.384 		90.979
v -62.359 		-162.736 		123.072
v 75.043 		-147.69 		62.051
v -61.84 		-162.906 		123.098
v -61.504 		168.12 		87.388
v 45.007 		-48.872 		30.122
v -9.879 		39.703 		9.399
v 45.007 		-48.395 		29.5
v 45.007 		-48.095 		28.776
v -62.825 		-162.452 		123.031
v -63.084 		-162.196 		122.994
v -60.682 		177.51 		87.74
v -71.555 		-156.079 		33.546
v -63.449 		-161.571 		122.904
v 72.757 		232.753 		92.434
v 72.896 		232.596 		90.979
v -19.847 		40.671 		11.358
v 70.993 		-158.62 		62.051
v 45.007 		-48.613 		26.171
v 45.007 		-49.019 		25.747
v 45.007 		-48.005 		28.195
v 45.007 		-48.056 		27.415
v 71.871 		232.244 		93.934
v -69.378 		-160.906 		34.472
v -69.612 		-160.906 		36.135
v 45.007 		-48.221 		26.85
v -65.538 		-160.888 		36.706
v 73.294 		230.575 		93.859
v -20.789 		37.198 		4.649
v 70.034 		-160.981 		62.051
v -28.253 		47.259 		6.564
v -32.202 		47.616 		7.447
v -21.161 		46.601 		5.064
v -60.731 		135.448 		86.27
v 61.5742 		106.003 		82.9715
v 61.477 		110.449 		83.067
v -60.711 		135.886 		83.769
v 61.295 		117.599 		85.763
v 61.5566 		106.003 		85.5089
v 61.5725 		106.003 		83.5624
v -60.219 		147.615 		86.663
v 74.665 		244.291 		87.752
v -59.699 		157.44 		87.002
v 78.007 		241.799 		88.254
v 61.075 		125.444 		83.456
v 77.034 		242.643 		87.676
v 73.378 		-150.491 		56.739
v 40.009 		-48.613 		29.827
v 40.009 		-49.019 		30.251
v -60.34 		145.127 		84.063
v -67.308 		-165.68 		37.115
v 40.009 		-48.158 		28.962
v 64.116 		105.56 		85.488
v 40.009 		-48.395 		29.5
v 62.003 		106.003 		85.5069
v 75.765 		243.429 		87.714
v 74.172 		244.435 		87.761
v 70.191 		-158.169 		55.442
v 77.051 		242.488 		87.671
v -40.302 		52.144 		16.488
v -67.074 		-165.68 		35.451
v -42.152 		61.93 		17.664
v -59.578 		159.534 		84.556
v 67.038 		-150.512 		50.048
v -62.954 		142.925 		86.519
v -62.176 		158.218 		87.034
v 62.003 		106 		75.998
v 40.009 		-48.872 		25.876
v -63.233 		136.004 		88.818
v 62.003 		106 		82.9736
v -46.643 		52.733 		18.16
v 40.009 		-48.018 		28.391
v 65.91 		-153.723 		51.274
v -66.683 		-165.725 		54.363
v 40.009 		-48.308 		26.674
v 40.009 		-48.095 		27.222
v 62.003 		106.003 		82.9737
v 40.009 		-48.018 		27.607
v 69.519 		-158.622 		52.287
v -61.022 		63.774 		23.047
v -65.606 		-170.97 		62.051
v 64.8568 		106 		82.988
v 81.652 		237.805 		87.462
v -53.235 		53.345 		19.98
v -67.37 		-167.148 		62.051
v 64.745 		72.546 		87.487
v -59.408 		-157.377 		122.294
v -51.948 		62.883 		20.392
v -59.814 		53.963 		21.877
v 77.154 		-133.843 		41.211
v -62.486 		152.756 		89.358
v 78.057 		-133.022 		46.803
v 55.266 		92.999 		70
v 55.15 		93.234 		70
v 45.007 		-41.996 		17.567
v -61.111 		-158.812 		122.502
v 55.066 		93.482 		70
v 79.082 		240.848 		87.595
v 55.015 		93.739 		70
v 54.998 		94 		70
v 56.739 		92.015 		70
v 57 		91.998 		70
v -60.757 		-158.906 		122.516
v 48.774 		-45.969 		18.69
v 79.514 		240.344 		88.506
v 56.482 		92.066 		70
v 56.234 		92.15 		70
v 55.999 		92.266 		70
v 55.781 		92.411 		70
v -59.762 		-159.671 		122.627
v 55.584 		92.584 		70
v -63.938 		65.44 		24.086
v 55.411 		92.781 		70
v -60.126 		-159.267 		122.568
v 72.628 		-133.763 		47.65
v 57.261 		92.015 		70
v 59.003 		94 		70
v 58.985 		93.739 		70
v 58.934 		93.482 		70
v 58.85 		93.234 		70
v 58.734 		92.999 		70
v -71.342 		192.546 		112.467
v 80.052 		239.717 		87.546
v 64.665 		-58.777 		24.086
v -60.275 		-159.525 		120.06
v -70.738 		196.232 		112.467
v 78.327 		241.42 		87.623
v 58.589 		92.781 		70
v 57.059 		-58.094 		21.641
v 80.922 		238.846 		87.506
v 58.416 		92.584 		70
v 58.219 		92.411 		70
v 72.103 		-134.226 		44.365
v 58.001 		92.266 		70
v 57.766 		92.15 		70
v -63.924 		59.97 		16.445
v 57.518 		92.066 		70
v -60.934 		-159.222 		120.017
v -74.078 		-137.569 		31.156
v 55.015 		94.261 		70
v 55.066 		94.518 		70
v 55.15 		94.766 		70
v 55.266 		95.001 		70
v 69.01 		-132.996 		43.128
v 55.411 		95.219 		70
v -76.669 		192.269 		112.467
v 69.01 		-133.098 		43.64
v 69.01 		-134.6 		44.957
v 69.01 		-134.106 		44.79
v 69.01 		-135.12 		44.992
v 69.01 		-133.328 		44.108
v -74.216 		-138.001 		31.122
v 69.01 		-133.672 		44.5
v 55.584 		95.416 		70
v 55.781 		95.589 		70
v -47.403 		33.565 		17.47
v 55.999 		95.734 		70
v -43.762 		42.853 		16.884
v 56.234 		95.85 		70
v 56.482 		95.934 		70
v -78.325 		188.434 		107.99
v 56.739 		95.985 		70
v 57 		96.003 		70
v 57.261 		95.985 		70
v -75.332 		-135.364 		32.382
v -64.422 		35.059 		22.211
v 45.007 		-49.494 		30.599
v 57.518 		95.934 		70
v 45.007 		-49.846 		30.773
v 57.766 		95.85 		70
v -79.227 		-135.364 		30.139
v 45.007 		-50.603 		30.976
v 58.001 		95.734 		70
v 45.007 		-51.993 		30.824
v 45.007 		-51.387 		30.976
v -79.462 		-135.364 		31.803
v 58.219 		95.589 		70
v 58.416 		95.416 		70
v 69.01 		-133.098 		42.356
v 69.01 		-135.12 		41.005
v 58.589 		95.219 		70
v 80.918 		238.777 		88.115
v 58.734 		95.001 		70
v 45.007 		-51.993 		31.002
v -63.189 		-159.671 		122.627
v 58.85 		94.766 		70
v 58.934 		94.518 		70
v 69.01 		-133.487 		41.681
v -62.825 		-159.267 		122.568
v 58.985 		94.261 		70
v -53.624 		43.73 		19.522
v 69.01 		-134.348 		41.107
v -60.178 		44.323 		21.385
v 69.01 		-133.88 		41.337
v -77.532 		185.177 		112.467
v -77.939 		181.248 		112.467
v -62.359 		-158.983 		122.527
v -61.84 		-158.812 		122.502
v 81.66 		237.793 		85.907
v 52.003 		90 		70
v 79.232 		240.568 		85.907
v -53.95 		34.128 		19.219
v 62.003 		90 		75.998
v 45.007 		-56.994 		31.002
v 52.003 		90 		75.998
v 45.007 		-56.602 		30.976
v 45.007 		-55.997 		30.824
v 55.266 		92.999 		75.998
v 75.062 		243.892 		85.907
v 45.007 		-55.997 		31.002
v 55.15 		93.234 		75.998
v 77.257 		242.325 		85.907
v 55.066 		93.482 		75.998
v 55.015 		93.739 		75.998
v 69.01 		-136.895 		43.575
v 54.998 		94 		75.998
v 69.01 		-136.651 		44.108
v 57 		91.998 		75.998
v 56.739 		92.015 		75.998
v 69.01 		-136.1 		44.659
v 56.482 		92.066 		75.998
v 73.34 		245.054 		87.789
v 69.01 		-135.632 		44.89
v 56.234 		92.15 		75.998
v -73.527 		192.879 		104.416
v 55.999 		92.266 		75.998
v -61.658 		-159.159 		120.007
v 55.781 		92.411 		75.998
v -73.66 		191.997 		104.297
v -62.825 		-159.629 		120.075
v 45.007 		-50.995 		24.997
v 55.584 		92.584 		75.998
v 45.007 		-51.579 		25.061
v 45.007 		-51.993 		25.174
v 55.411 		92.781 		75.998
v -35.832 		61.312 		15.989
v 72.008 		245.724 		87.822
v 45.007 		-50.218 		25.099
v 57.261 		92.015 		75.998
v -74.437 		-135.364 		31.172
v 45.007 		-49.494 		25.399
v 59.003 		94 		75.998
v -73.44 		193.623 		104.415
v 58.985 		93.739 		75.998
v 58.934 		93.482 		75.998
v 58.85 		93.234 		75.998
v -44.157 		58.152 		11.015
v 69.01 		-136.1 		41.337
v 69.01 		-136.492 		41.681
v 58.734 		92.999 		75.998
v -62.194 		-159.268 		120.023
v -41.4 		62.629 		10.726
v 69.01 		-136.984 		42.867
v 58.589 		92.781 		75.998
v 69.01 		-135.632 		41.107
v 58.416 		92.584 		75.998
v 72.603 		245.28 		87.803
v 58.219 		92.411 		75.998
v 58.001 		92.266 		75.998
v 57.766 		92.15 		75.998
v 57.518 		92.066 		75.998
v -73.291 		194.186 		104.71
v 71.7 		245.709 		85.907
v 55.015 		94.261 		75.998
v 67.057 		237.696 		85.907
v -59.408 		-160.499 		122.748
v 55.066 		94.518 		75.998
v 45.007 		-51.993 		24.997
v 65.698 		238.182 		85.907
v 55.15 		94.766 		75.998
v 55.266 		95.001 		75.998
v -77.522 		-140.64 		30.936
v 55.411 		95.219 		75.998
v 55.584 		95.416 		75.998
v 55.781 		95.589 		75.998
v 45.007 		-56.994 		24.997
v 55.999 		95.734 		75.998
v 56.234 		95.85 		75.998
v 45.007 		-55.997 		25.174
v 45.007 		-56.602 		25.022
v 56.482 		95.934 		75.998
v 56.739 		95.985 		75.998
v -33.533 		61.882 		8.727
v 57 		96.003 		75.998
v 54.998 		96.003 		75.998
v 57.261 		95.985 		75.998
v 74.833 		-141.322 		42.242
v -73.348 		195.076 		104.1
v -75.672 		-145.854 		31.766
v 57.518 		95.934 		75.998
v -77.756 		-140.64 		32.6
v 45.007 		-55.997 		24.997
v 57.766 		95.85 		75.998
v 58.001 		95.734 		75.998
v -37.536 		57.542 		9.324
v 58.219 		95.589 		75.998
v 73.933 		-144.76 		44.652
v 58.416 		95.416 		75.998
v 40.009 		-49.494 		30.599
v -71.835 		-144.123 		32.18
v 58.589 		95.219 		75.998
v 58.734 		95.001 		75.998
v 40.009 		-50.218 		30.899
v 40.009 		-50.799 		30.989
v 58.85 		94.766 		75.998
v 40.009 		-51.993 		30.824
v 40.009 		-51.579 		30.937
v -73.352 		195.978 		103.674
v 58.934 		94.518 		75.998
v 58.985 		94.261 		75.998
v 70.13 		-140.845 		46.153
v 69.01 		-144.153 		46.998
v 40.009 		-51.993 		31.002
v 75.279 		230.588 		85.907
v 75.108 		230.932 		85.691
v 74.434 		231.931 		85.907
v 74.141 		232.377 		85.821
v -58.474 		64.234 		15.385
v -58.334 		-160.402 		122.734
v -49.809 		63.419 		12.97
v -72.745 		-140.615 		31.956
v -54.417 		59.091 		13.767
v 40.009 		-56.41 		30.937
v 40.009 		-55.997 		31.002
v -55.766 		49.69 		13.352
v -62.657 		50.299 		15.264
v 40.009 		-55.997 		30.824
v -59.867 		-159.887 		120.113
v -59.408 		-161.583 		120.359
v 40.009 		-49.33 		25.508
v 72.479 		233.907 		84.489
v 40.009 		-51.993 		25.174
v 40.009 		-51.579 		25.061
v 40.009 		-50.995 		24.997
v 40.009 		-50.41 		25.061
v 71.026 		235.519 		85.907
v 40.009 		-49.846 		25.225
v 72.261 		234.489 		85.907
v 69.554 		236.492 		85.907
v 40.009 		-51.993 		24.997
v -73.682 		-151.001 		32.635
v 69.01 		-140.995 		43.128
v -59.408 		-160.862 		120.254
v 69.01 		-141.097 		43.64
v -78.799 		192.663 		104.405
v -56.173 		40.214 		12.889
v -78.679 		193.748 		104.404
v -63.039 		40.799 		14.768
v -78.608 		195.571 		103.884
v -48.86 		49.087 		11.515
v -78.633 		196.281 		103.482
v 69.01 		-142.6 		44.957
v -78.627 		194.549 		104.256
v 69.01 		-142.105 		44.79
v 40.009 		-56.994 		24.997
v 69.01 		-141.327 		44.108
v 40.009 		-55.997 		25.174
v 40.009 		-56.602 		25.022
v 69.01 		-141.672 		44.5
v 40.009 		-55.997 		24.997
v -45.842 		39.349 		10.227
v 73.4 		233.314 		85.907
v 65.564 		232.76 		85.907
v -59.657 		-162.261 		120.458
v 66.944 		232.077 		85.907
v -14.432 		-207.37 		50.089
v 45.007 		-59.831 		28.962
v -42.218 		48.506 		9.828
v 67.95 		231.412 		85.907
v 45.007 		-59.594 		29.5
v 45.007 		-59.117 		30.122
v -9.516 		-210.941 		53.339
v 45.007 		-58.495 		30.599
v 69.305 		230.188 		85.907
v 45.007 		-57.386 		30.976
v 45.007 		-57.771 		30.899
v 69.01 		-141.029 		42.608
v -38.45 		32.801 		15.228
v -59.867 		-162.558 		120.501
v -79.53 		189.343 		102.833
v -79.344 		189.95 		103.348
v -61.293 		-163.284 		120.606
v -79.17 		190.62 		103.782
v 45.007 		-59.971 		28.391
v -74.34 		189.267 		102.755
v 45.007 		-59.984 		27.803
v 71.729 		232.055 		74.745
v 45.007 		-59.681 		26.674
v 45.007 		-59.894 		27.222
v -78.921 		191.868 		104.259
v -10.33 		30.306 		9.243
v -23.524 		-212.483 		64.203
v 68.583 		229.837 		81.797
v -73.971 		190.518 		103.715
v -79.064 		191.104 		104.012
v -16.508 		-212.779 		58.233
v 69.01 		-141.961 		41.314
v -60.757 		-163.175 		120.591
v -73.774 		191.382 		104.119
v -23.989 		-210.396 		60.078
v 69.01 		-141.327 		41.889
v -29.03 		22.461 		12.876
v 69.01 		-141.672 		41.496
v 45.007 		-58.319 		25.312
v 45.007 		-58.969 		25.747
v -74.187 		189.731 		103.185
v -19.218 		21.636 		10.811
v 45.007 		-59.376 		26.171
v 68.889 		-142.223 		41.149
v 45.007 		-57.771 		25.099
v -60.426 		-163.022 		120.568
v -27.851 		31.885 		12.798
v -25.623 		-211.358 		64.152
v -63.449 		-160.149 		122.698
v -29.698 		-208.894 		64.036
v -29.175 		28.538 		6.103
v 88.387 		222.067 		90.979
v 89.188 		218.263 		90.979
v -20.131 		18.437 		4.098
v -63.576 		-160.86 		122.8
v -30.411 		19.249 		6.182
v 68.709 		-142.668 		41.034
v 40.009 		-59.831 		28.962
v 89.766 		215.082 		90.979
v 40.009 		-59.594 		29.5
v 40.009 		-59.117 		30.122
v 40.009 		-58.822 		30.381
v 40.009 		-58.143 		30.773
v 87.058 		226.896 		87.005
v 40.009 		-57.386 		30.976
v 87.402 		225.777 		85.907
v 86.311 		229.103 		87.094
v -27.682 		-210.162 		64.095
v -13.034 		8.553 		2.602
v 87.748 		224.564 		86.91
v -15.518 		2.406 		9.884
v -12.443 		11.609 		9.329
v 40.009 		-59.984 		28.195
v 40.009 		-59.971 		27.607
v -30.969 		-205.674 		58.645
v -79.725 		188.829 		102.229
v 87.498 		225.545 		88.176
v 40.009 		-57.578 		25.061
v 40.009 		-59.117 		25.876
v 40.009 		-58.495 		25.399
v -74.66 		188.506 		101.754
v 40.009 		-59.831 		27.036
v 40.009 		-59.594 		26.498
v 40.009 		-58.143 		25.225
v 87.97 		223.839 		88.742
v -25.393 		-210.855 		62.733
v -27.205 		9.629 		5.412
v 87.754 		224.545 		88.427
v -27.881 		3.348 		12.502
v 88.391 		222.033 		88.427
v -63.56 		-161.042 		120.28
v -25.971 		12.7 		12.113
v -79.991 		188.284 		101.326
v -63.449 		-160.512 		120.204
v 68.157 		-144.983 		43.128
v -63.496 		-161.758 		120.384
v -29.206 		0.411 		5.804
v -80.642 		187.754 		98.761
v 88.98 		219.344 		88.427
v -75.453 		187.749 		98.737
v -74.986 		187.994 		100.606
v 89.231 		218.098 		85.907
v -80.192 		187.989 		100.59
v -32.737 		-203.838 		57.312
v -62.526 		-163.022 		120.568
v -61.84 		-163.269 		120.605
v -26.08 		-204.392 		51.616
v 68.607 		-144.307 		44.5
v -47.949 		14.441 		17.269
v -75.302 		187.758 		99.37
v 68.423 		-144.651 		44.108
v 89.006 		219.195 		88.427
v -62.825 		-162.814 		120.538
v -61.152 		5.959 		20.833
v 45.007 		-58.991 		18.26
v -80.389 		187.816 		99.817
v 45.007 		-65.529 		18.581
v -60.953 		15.522 		20.797
v -63.189 		-162.41 		120.479
v -32.388 		-201.399 		51.599
v -29.409 		-203.987 		52.898
v 69.01 		-143.397 		44.951
v 89.772 		214.986 		88.427
v -57.481 		24.821 		19.945
v 61.322 		-34.895 		14.276
v 68.81 		-143.873 		44.79
v 89.919 		214.026 		88.427
v 90.016 		213.476 		88.427
v 63.173 		-47.31 		15.336
v 58.009 		-47.703 		13.892
v 51.096 		-48.197 		12.05
v -19.92 		-210.774 		56.86
v -23.197 		-208.65 		55.521
v 68.27 		-144.881 		43.64
v -56.515 		30.75 		12.583
v -49.657 		30.194 		10.818
v -36.574 		23.083 		14.584
v 41.025 		-33.786 		16.234
v 68.164 		-144.333 		41.522
v 68.177 		-144.278 		41.474
v 68.094 		-144.949 		42.608
v 73.965 		227.948 		95.285
v -53.821 		-144.234 		101.369
v -53.953 		-143.709 		98.756
v 42.977 		-36.19 		9.571
v -73.111 		177.173 		112.467
v -40.278 		29.441 		8.556
v 76.014 		223.695 		95.115
v -38.313 		19.862 		7.906
v -78.554 		174.155 		112.467
v -28.64 		-205.008 		54.063
v -37.577 		4.082 		14.704
v 40.009 		-41.996 		16.269
v -79.635 		177.179 		106.624
v 68.085 		-144.781 		42.114
v -56.831 		-142.737 		103.724
v -34.281 		13.358 		13.957
v 75.545 		228.578 		90.979
v 68.439 		-143.403 		41.045
v 68.451 		-143.367 		41.037
v -59.236 		-132.839 		102.396
v -26.353 		-206.395 		54.204
v -35.91 		10.277 		7.272
v -58.331 		-136.816 		102.93
v -39.363 		1.134 		8.028
v 38.615 		-46.671 		16.076
v 76.251 		227.056 		92.179
v 75.487 		226.862 		93.698
v 40.453 		-48.889 		9.411
v -57.051 		11.869 		12.35
v -50.23 		11.346 		10.616
v -64.06 		2.985 		14.211
v -63.852 		12.41 		14.174
v -50.455 		1.94 		10.656
v 75.515 		-137.977 		38.962
v 75.783 		-134.815 		33.937
v 77.529 		223.569 		92.027
v -56.52 		-143.928 		101.339
v -57.67 		-139.529 		100.749
v -31.03 		-211.315 		57.065
v -26.469 		-212.818 		54.853
v 59.774 		-60.148 		15.027
v 76.279 		226.977 		90.979
v 77.817 		222.615 		90.979
v -74.069 		164.371 		112.467
v 63.242 		-59.877 		16.038
v -82.261 		49.407 		62.633
v -73.74 		169.275 		112.467
v 62.003 		90 		82.6624
v 62.141 		77.288 		82.475
v -48.136 		-161.288 		103.721
v 69.701 		-138.874 		38.291
v 70.904 		-135.114 		37.658
v 61.9071 		89.998 		82.6613
v 62.003 		89.998 		82.6624
v -87.276 		49.123 		62.051
v 62.224 		72.551 		84.945
v -48.199 		-161.08 		101.143
v -28.999 		-212.826 		53.316
v 61.9112 		89.998 		85.1708
v 23.05 		-47.624 		12.453
v -77.015 		65.536 		46.998
v 19.266 		-41.518 		11.438
v 69.01 		-133.657 		33.753
v 76.904 		221.147 		95.015
v 71.495 		-131.745 		34.459
v -77.015 		61.877 		44.786
v -77.015 		62.311 		44.496
v 61.9114 		89.998 		84.9185
v -77.015 		62.953 		43.384
v -77.015 		62.785 		43.878
v 64.663 		77.286 		85.017
v 62.003 		89.998 		85.1712
v 75.906 		-145.854 		33.43
v 62.003 		90.8101 		85.1818
v 20.184 		-43.809 		4.731
v 62.003 		92.1477 		85.2047
v -31.952 		-207.222 		49.273
v -55.061 		-148.996 		104.561
v 77.752 		219.351 		94.166
v -32.205 		-206.692 		49.364
v -50.86 		-153.85 		102.677
v -77.015 		62.885 		42.351
v -77.015 		62.655 		41.884
v -77.015 		62.987 		42.863
v 78.807 		218.695 		91.818
v -77.015 		61.694 		41.131
v -52.643 		-148.284 		101.917
v -31.816 		-207.222 		49.352
v 78.401 		220.422 		90.979
v 69.01 		-140.828 		38.562
v 65.4873 		90 		82.7024
v 16.743 		-60.649 		11.449
v 79.269 		216.486 		91.724
v 79.361 		216.003 		90.979
v 69.01 		-140.978 		38.612
v -55.169 		-148.636 		101.97
v 69.01 		-140.987 		38.873
v 76.885 		58.333 		112.467
v 77.112 		45.115 		112.467
v 81.978 		62.197 		112.467
v 79.829 		213.344 		91.592
v 82.267 		45.482 		112.467
v 24.149 		-49.828 		5.755
v 82.402 		39.11 		112.467
v 17.54 		-62.664 		4.742
v -81.098 		62.953 		43.384
v 26.134 		-62.236 		6.601
v 69.01 		-139.503 		35.575
v -50.893 		-153.71 		100.113
v -32.153 		-208.821 		53.198
v -80.086 		147.533 		112.467
v 71.801 		-145.831 		34.004
v -52.092 		-150.07 		99.615
v 24.946 		-60.213 		13.291
v -81.158 		62.311 		44.496
v -81.139 		62.603 		44.181
v -28.583 		-209.732 		50.686
v -79.698 		155.897 		112.467
v -75.383 		136.084 		112.467
v -74.933 		147.835 		112.467
v 76.234 		228.833 		85.512
v -24.997 		-212.142 		52.308
v 70.911 		-145.804 		32.773
v -81.179 		61.877 		44.786
v 76.283 		228.635 		85.907
v 77.011 		226.918 		85.907
v 77.275 		226.398 		85.314
v -81.123 		62.785 		43.878
v 78.404 		222.666 		85.907
v 78.279 		223.406 		85.087
v -28.671 		-209.972 		50.628
v 78.847 		221.353 		84.938
v 72.638 		-148.435 		45.278
v -81.056 		62.885 		42.351
v -81.041 		62.655 		41.884
v 88.606 		-77.011 		60.07
v 67.586 		-147.988 		46.998
v 88.841 		-75.805 		62.051
v 67.495 		-147.988 		46.282
v -52.488 		-156.835 		103.082
v 77.946 		7.408 		113.334
v -52.512 		-156.776 		105.619
v 82.844 		7.408 		114.536
v -51.104 		-160.601 		106.151
v -67.095 		192.858 		90.84
v -81.076 		62.987 		42.866
v 88.493 		-80.786 		62.051
v -65.942 		193.971 		90.89
v -25.718 		-209.738 		49.627
v -66.67 		193.498 		90.868
v 77.423 		31.077 		112.467
v 82.598 		31.077 		112.467
v 78.729 		31.055 		106.816
v 85.241 		31.032 		101.029
v -28.461 		-210.709 		52.613
v 72.901 		223.377 		85.907
v 84.147 		-69.777 		62.554
v 73.536 		221.547 		85.144
v 70.858 		228.093 		85.907
v -81.029 		62.103 		41.333
v 71.73 		226.479 		85.621
v 72.906 		223.546 		85.324
v -77.015 		59.491 		44.311
v -77.015 		60.056 		44.749
v 70.85 		228.136 		85.812
v -29.037 		-209.231 		50.675
v -77.015 		59.202 		43.878
v -77.015 		59.034 		43.384
v 70.349 		228.917 		85.907
v -53.134 		-162.117 		101.262
v 73.365 		-147.879 		49.054
v -77.015 		61.383 		44.954
v 89.061 		-68.419 		59.947
v -77.015 		60.604 		44.954
v -51.058 		-160.712 		103.621
v -30.407 		-209.231 		51.822
v 86.136 		57.546 		93.567
v 86.019 		58.205 		94.014
v -67.248 		191.7 		90.793
v -66.851 		190.76 		90.757
v 71.871 		226.081 		85.907
v -67.146 		191.301 		90.777
v -67.267 		192.214 		90.813
v 86.226 		57.291 		93.19
v 69.474 		-155.961 		44.838
v 69.886 		-155.707 		46.674
v 67.321 		-159.905 		42.855
v 66.934 		-162.87 		48.281
v 79.861 		216.799 		84.628
v 85.979 		58.77 		94.127
v -29.802 		-212.14 		51.248
v 80.218 		214.054 		85.907
v -77.015 		59 		42.863
v 75.11 		214.646 		84.613
v -77.015 		59.578 		41.578
v -77.015 		59.26 		41.993
v 74.235 		217.865 		83.084
v 88.289 		-69.386 		50.835
v -77.015 		60.863 		41
v 74.077 		219.139 		85.907
v -77.015 		59.102 		42.351
v -77.015 		61.255 		41.009
v 74.115 		219.373 		84.963
v -59.408 		-159.747 		106.004
v -77.015 		60.352 		41.102
v -77.015 		59.775 		41.406
v -66.573 		190.458 		90.746
v 73.916 		-151.001 		34.298
v -77.015 		59.993 		41.26
v 71.279 		-149.311 		38.876
v 87.942 		-87.123 		62.051
v 66.377 		-147.988 		39.587
v 66.605 		-147.988 		40.883
v -66.102 		190.146 		90.736
v -58.248 		-162.992 		106.443
v 65.917 		-147.988 		36.903
v -10.909 		-217.565 		64.378
v -31.512 		-194.953 		111.764
v 90.606 		209.211 		90.979
v 65.788 		-150.243 		40.082
v 66.605 		-147.988 		39.714
v 83.192 		-82.13 		60.515
v -81.194 		59.217 		43.87
v 83.064 		-85.534 		62.632
v 91.659 		199.591 		90.988
v -27.272 		-195.898 		109.45
v -32.06 		-190.307 		108.407
v -29.373 		-193.569 		109.01
v -14.791 		-221.015 		62.051
v 97.451 		59.822 		87.848
v 90.531 		209.85 		85.907
v 90.357 		211.163 		88.427
v 82.026 		-95.009 		62.684
v -31.602 		-194.843 		109.186
v -13.829 		-214.227 		59.304
v -9.296 		-216.426 		61.017
v 90.106 		212.801 		88.427
v 87.26 		-93.448 		62.051
v -65.619 		189.978 		90.731
v 90.704 		208.538 		88.427
v 90.896 		206.905 		88.427
v 68.919 		-150.972 		33.635
v -29.403 		-193.533 		106.45
v -26.849 		-196.348 		106.979
v 81.536 		-90.464 		49.956
v 81.457 		-96.511 		57.999
v -31.494 		-191.016 		105.984
v 91.035 		205.741 		88.427
v 97.688 		54.549 		82.831
v -11.162 		-220.118 		57.349
v -10.22 		-220.671 		57.654
v -81.197 		61.364 		44.958
v 69.522 		-151.001 		33.22
v -81.212 		60.604 		44.954
v 82.878 		-69.67 		46.998
v 82.986 		-66.996 		46.998
v -10.598 		-220.462 		57.516
v 83.012 		-66.348 		46.998
v 91.193 		204.251 		85.907
v 91.654 		199.591 		88.427
v 91.288 		203.344 		88.427
v -10.656 		-220.462 		57.498
v 82.471 		51.307 		87.637
v 91.353 		202.762 		88.427
v 91.659 		199.591 		88.427
v -56.395 		-165.501 		123.476
v -81.215 		60.11 		44.786
v 82.205 		54.892 		88.333
v 91.65 		199.591 		85.944
v -11.004 		-220.032 		57.754
v 91.659 		199.591 		85.907
v -81.212 		59.676 		44.496
v 82.485 		-65.759 		41.144
v -56.831 		-167.735 		123.8
v -81.168 		59 		43.128
v 82.719 		-66.785 		43.878
v 82.824 		-66.103 		44.655
v 82.51 		-66.503 		41.686
v 82.866 		-65.645 		44.882
v 82.318 		197.515 		83.543
v 81.953 		199.591 		85.907
v 87.371 		54.892 		88.333
v -56.982 		-171.023 		124.278
v -56.572 		-170.662 		124.225
v -13.325 		-219.824 		58.515
v 82.584 		-66.952 		42.604
v 68.832 		-151.853 		33.499
v 68.342 		-153.125 		33.707
v 82.622 		-66.995 		43
v 82.541 		-66.785 		42.11
v -54.31 		-170.53 		124.206
v 81.946 		199.591 		85.989
v -56.097 		-169.146 		124.005
v -81.175 		188.494 		96.224
v -56.16 		-169.863 		124.109
v 78.08 		211.612 		97.773
v 87.537 		54.093 		87.699
v 67.208 		-155.238 		34.301
v -81.09 		59.578 		41.578
v -81.419 		189.705 		94.78
v 68.217 		-153.971 		33.763
v -56.467 		-168.14 		123.859
v -56.208 		-168.616 		123.928
v 78.985 		212.373 		94.685
v -7.94 		-223.024 		62.051
v -81.296 		188.947 		95.553
v 83.353 		54.782 		82.595
v 68.93 		-151.853 		33.444
v 79.852 		209.294 		93.387
v 80.799 		206.389 		91.337
v 82.662 		-66.952 		43.384
v 79.921 		212.747 		90.979
v 80.43 		209.332 		90.979
v 88.463 		55.211 		82.665
v -81.047 		60.604 		41.034
v -76.105 		188.934 		95.569
v -81.031 		61.364 		41.03
v -56.362 		-170.366 		124.182
v -76.197 		189.459 		95.007
v -75.855 		195.892 		94.22
v -7.53 		-221.564 		58.972
v -7.698 		-221.551 		58.681
v -81.121 		59.202 		42.11
v 80.817 		58.77 		94.127
v 75.521 		197.063 		95.11
v 74.582 		198.579 		98.06
v 80.033 		198.421 		97.361
v -7.49 		-221.782 		58.59
v 80.994 		57.476 		93.478
v 81.062 		57.291 		93.19
v 71.789 		-156.079 		35.21
v 82.505 		-73.253 		44.979
v 67.693 		-156.079 		35.785
v 80.883 		57.996 		93.919
v 71.556 		-156.079 		33.546
v 80.739 		197.077 		95.123
v 80.539 		197.587 		95.728
v -81.342 		194.3 		93.624
v -81.085 		195.81 		94.175
v 75.195 		197.828 		96.07
v 80.254 		198.129 		96.63
v 82.444 		-70.999 		43.12
v -81.453 		193.221 		93.513
v -81.409 		55.994 		46.998
v -77.015 		55.994 		46.998
v 74.847 		198.359 		97.172
v -12.164 		-221.855 		62.051
v 82.536 		-72.731 		44.979
v -81.488 		192.677 		93.538
v -58.9 		-167.374 		123.747
v -58 		-167.264 		123.731
v 82.551 		-72.226 		44.843
v -80.858 		55.994 		34.758
v -59.382 		-167.631 		123.785
v 66.308 		-158.492 		34.594
v -80.975 		53.768 		36.05
v -10.035 		-221.226 		57.938
v 82.491 		-71.1 		43.636
v 66.787 		-156.079 		34.543
v -8.345 		-221.314 		58.388
v -86.235 		50.349 		39.552
v -9.541 		-222.722 		58.738
v -8.807 		-223.083 		60.729
v -76.291 		192.682 		93.544
v 66.345 		-157.893 		34.555
v 82.519 		-71.258 		43.995
v -76.077 		194.718 		93.733
v -76.235 		193.455 		93.519
v -8.229 		-221.551 		58.345
v -57.464 		-167.374 		123.747
v -82.478 		30.685 		58.629
v -82.766 		31.981 		63.364
v 69.379 		-160.906 		34.472
v 75.234 		200.261 		94.955
v -83.522 		12.274 		65.22
v 82.55 		-71.773 		44.582
v 69.613 		-160.906 		36.135
v -83.332 		7.548 		62.079
v 65.541 		-160.883 		36.705
v -88.247 		11.73 		62.051
v -87.42 		29.592 		56.135
v 82.302 		-71.331 		41.884
v 82.378 		-71.059 		42.475
v -12.59 		-221.565 		59.439
v 67.074 		-165.68 		35.451
v 87.9 		42.195 		87.792
v 82.242 		-71.672 		41.494
v -76.318 		190.945 		94.002
v 67.309 		-165.68 		37.115
v -76.323 		191.919 		93.666
v 81.094 		203.82 		91.24
v 67.939 		-165.887 		62.051
v 76.267 		200.036 		91.083
v -14.923 		-220.458 		56.891
v 83.697 		42.821 		82.678
v 82.098 		-73.187 		41.013
v -15.202 		-214.454 		51.34
v -82.104 		18.727 		45.897
v -81.514 		191.873 		93.684
v -81.513 		191.096 		93.936
v -81.495 		190.603 		94.171
v -87.172 		11.773 		43.15
v 82.124 		-72.731 		41.009
v -86.433 		29.129 		36.262
v 81.535 		199.591 		91.035
v 81.535 		199.591 		90.979
v 83.032 		32.939 		87.857
v 75.785 		-132.882 		30.368
v -15.331 		-218.133 		55.782
v -14.346 		-218.495 		56.262
v -81.513 		30.267 		38.856
v -81.481 		18.406 		34.481
v 98.096 		38.726 		88.017
v -16.365 		-217.33 		55.704
v -77.015 		57.423 		25.283
v -77.015 		63.939 		25.927
v -59.896 		-168.14 		123.859
v 82.205 		-71.941 		41.304
v -77.015 		55.994 		25.159
v -60.25 		-169.688 		124.084
v -79.32 		55.994 		25.835
v 98.177 		38.735 		82.976
v 75.8 		-132.053 		30.323
v 75.316 		-132.933 		30.633
v -60.155 		-168.616 		123.928
v -60.266 		-169.146 		124.005
v 88.981 		36.693 		82.84
v -80.497 		55.994 		28.937
v -80.476 		55.994 		28.32
v -80.335 		55.327 		26.075
v -80.566 		49.616 		27.901
v 80.735 		211.633 		84.306
v 75.98 		-131.224 		30.237
v -80.394 		50.02 		25.67
v 75.429 		211.971 		85.907
v 75.984 		209.064 		84.252
v -16.661 		-215.181 		63.495
v -67.175 		184.845 		90.524
v -66.777 		184.947 		90.529
v -18.826 		-214.682 		64.291
v -67.672 		184.58 		90.512
v -80.327 		55.994 		26.139
v 75.334 		-135.364 		32.383
v -80.498 		55.994 		28.327
v 80.925 		209.167 		85.907
v 79.462 		-135.364 		31.803
v 80.529 		49.06 		96.63
v -79.584 		61.496 		21.138
v -68.561 		65.204 		18.31
v -23.986 		-217.325 		62.051
v 82.146 		-72.474 		41.06
v 81.492 		205.832 		83.973
v -65.96 		184.908 		90.531
v -57.464 		-171.28 		124.315
v -58.547 		-171.374 		124.328
v -59.066 		-171.203 		124.304
v -19.643 		-219.225 		62.051
v 82.378 		-77.992 		46.998
v 75.924 		208.393 		85.907
v 76.081 		207.253 		85.773
v -58.182 		-171.405 		124.333
v 79.228 		-135.364 		30.139
v 82.219 		-77.992 		45.101
v 76.471 		205.167 		84.023
v -59.791 		-170.662 		124.225
v -60.078 		-170.202 		124.159
v 83.468 		54.105 		74.336
v 81.387 		205.31 		85.907
v -75.237 		49.639 		24.086
v 74.435 		-135.363 		31.171
v -67.08 		54.672 		24.086
v 84.417 		40.562 		79.122
v 82.14 		-74.868 		42.357
v 82.091 		-74.495 		41.676
v 82.213 		-74.986 		43.128
v 83.752 		61.984 		79.366
v -81.042 		52.024 		20.737
v 82.271 		-74.884 		43.636
v -74.995 		51.432 		18.878
v 82.333 		-74.654 		44.104
v 77.053 		199.591 		83.725
v 82.415 		-74.151 		44.612
v 76.875 		199.591 		85.907
v 82.079 		-73.739 		41.137
v 82.464 		-73.739 		44.85
v 89.064 		55.372 		79.472
v 89.455 		42.532 		79.303
v 77.757 		-140.64 		32.6
v -31.792 		-213.05 		62.051
v 77.523 		-140.64 		30.936
v 75.672 		-145.854 		31.766
v -68.495 		182.355 		90.425
v -68.538 		183.174 		90.456
v 72.754 		-140.59 		31.951
v -28.637 		-213.452 		58.708
v 76.865 		199.591 		86.018
v -84.6 		60.764 		22.007
v -84.963 		60.764 		21.884
v -85.866 		60.174 		21.704
v -85.034 		60.764 		22.723
v 72.376 		-142.385 		31.961
v -68.439 		183.573 		90.471
v 98.506 		28.281 		83.185
v -28.14 		-215.202 		62.051
v 98.842 		17.856 		83.492
v -24.954 		-215.13 		58.187
v -84.231 		60.764 		22.476
v 98.758 		17.844 		88.535
v -68.02 		184.276 		90.5
v 73.363 		-140.64 		31.52
v 72.384 		-143.255 		31.945
v 75.016 		228.683 		78.414
v 75.909 		228.178 		81.836
v 98.424 		28.278 		88.226
v -19.953 		-215.7 		54.026
v -18.075 		-216.545 		54.783
v -18.499 		-216.545 		54.59
v -85.101 		60.764 		23.56
v -19.54 		-216.528 		56.136
v 76.395 		227.116 		81.762
v -57.299 		-179.955 		125.795
v -86.063 		60.148 		23.37
v -87.617 		58.633 		23.018
v -87.132 		59.157 		22.787
v 73.682 		-151.001 		32.635
v -88.402 		57.373 		22.549
v -88.231 		57.734 		22.855
v -65.748 		180.9 		90.377
v -66.762 		180.797 		90.37
v -88.284 		57.378 		21.618
v -65.362 		-174.768 		124.822
v 82.076 		-73.993 		41.26
v -67.208 		180.917 		90.374
v -22.892 		-216.545 		55.669
v -67.705 		181.183 		90.383
v -87.402 		58.663 		21.354
v -88.01 		57.766 		21.192
v 65.379 		-159.397 		63.2
v 82.69 		30.987 		89.645
v -21.051 		-216.027 		56.363
v 88.41 		26.02 		88.102
v -68.279 		181.834 		90.406
v -86.407 		59.763 		21.958
v 74.075 		213.547 		74.181
v 87.218 		-78.757 		44.77
v 88.258 		30.801 		87.99
v 63.009 		-133.098 		43.64
v 63.009 		-132.996 		43.128
v -22.374 		-214.832 		55.026
v 86.602 		-79.423 		38.899
v 63.009 		-134.6 		44.957
v 88.449 		24.778 		88.131
v 86.694 		-71.098 		34.671
v 63.009 		-134.106 		44.79
v -22.657 		-216.545 		54.005
v -21.446 		-214.832 		53.461
v 78.689 		218.553 		78.309
v 63.009 		-135.12 		44.992
v -58.055 		-179.797 		123.259
v 63.009 		-133.328 		44.108
v 63.009 		-133.672 		44.5
v 87.866 		30.987 		89.645
v 79.015 		-65.536 		46.998
v 63.009 		-133.03 		42.608
v 79.015 		-66.311 		44.496
v 79.015 		-66.654 		44.104
v 63.009 		-135.12 		41.005
v -63.48 		-178.984 		125.435
v 79.015 		-65.877 		44.786
v -63.044 		-179.83 		125.718
v -63.339 		-179.279 		125.496
v 79.015 		-66.931 		43.446
v 63.009 		-133.487 		41.681
v 63.009 		-133.198 		42.114
v 84.059 		29.727 		82.897
v 79.015 		-68.9819 		43.008
v -20.784 		-214.832 		53.974
v 63.009 		-134.348 		41.107
v -84.999 		53.407 		21.267
v 63.009 		-133.88 		41.337
v -80.821 		187.837 		97.968
v -85.185 		53.387 		22.934
v 63.009 		-136.882 		43.64
v 63.009 		-136.608 		44.157
v -81.035 		188.135 		96.944
v 89.491 		16.909 		83.348
v 63.009 		-136.1 		44.659
v 79.015 		-66.996 		42.993
v 63.009 		-135.632 		44.89
v 79.015 		-66.952 		42.604
v 63.009 		-139.264 		44.1664
v 79.015 		-66.785 		42.11
v -80.932 		187.96 		97.451
v 79.015 		-65.759 		41.144
v 79.015 		-66.495 		41.676
v 88.719 		16.467 		88.395
v -16.385 		-219.784 		56.37
v 79.015 		-66.212 		41.406
v 75.234 		225.588 		70.81
v 74.965 		226.932 		73.042
v -75.903 		188.268 		96.652
v 63.009 		-136.651 		41.889
v 63.009 		-136.149 		41.38
v 63.009 		-136.984 		42.867
v 63.009 		-136.882 		42.356
v -19.109 		-218.557 		57.112
v 63.009 		-135.632 		41.107
v -75.666 		187.882 		97.796
v -16.647 		-218.133 		57.264
v 74.115 		227.496 		70.14
v -57.828 		-178.984 		125.435
v 88.507 		22.999 		88.181
v -84.316 		53.384 		21.848
v 76.214 		223.462 		71.285
v 79.015 		-72.603 		44.954
v 79.015 		-73.253 		44.979
v 79.015 		-71.003 		43.059
v 79.015 		-71.1 		43.636
v 79.015 		-71.331 		44.104
v 79.015 		-71.675 		44.496
v 79.015 		-72.109 		44.786
v -87.313 		53.393 		22.637
v 63.009 		-142.6 		44.957
v 70.375 		222.955 		68.123
v -89.084 		55.728 		22.569
v 65.552 		28.738 		85.238
v 63.009 		-140.995 		43.128
v -19.712 		-218.133 		55.133
v 63.009 		-142.105 		44.79
v -23.319 		-213.511 		52.718
v 63.009 		-141.327 		44.108
v 63.009 		-141.097 		43.64
v 63.009 		-141.672 		44.5
v 88.582 		7.408 		90.595
v 63.009 		-141.097 		42.356
v -77.256 		188.324 		90.623
v 83.398 		7.408 		90.595
v 79.015 		-71.374 		41.834
v 79.015 		-71.1 		42.351
v 79.015 		-72.992 		40.992
v 79.015 		-72.731 		41.009
v -57.298 		-167.813 		121.266
v -89.391 		53.564 		22.358
v 79.015 		-71.773 		41.406
v -22.914 		-213.511 		53.135
v -89.307 		54.658 		22.453
v 71.353 		219.579 		65.581
v 63.009 		-142.728 		41.014
v 79.015 		-73.51 		41.06
v -88.926 		56.163 		22.436
v 79.015 		-72.226 		41.144
v -87.079 		53.407 		20.975
v 63.009 		-143.25 		41.014
v -56.16 		-169.154 		121.461
v -88.853 		55.77 		20.908
v -89.074 		54.705 		20.793
v 63.009 		-141.327 		41.889
v -56.831 		-168.098 		121.307
v -25.84 		-214.832 		54.54
v 63.009 		-141.672 		41.496
v 63.009 		-142.223 		41.149
v 72.119 		218.799 		69.12
v -89.156 		53.617 		20.698
v -56.081 		-169.69 		121.537
v -25.607 		-214.832 		52.876
v 84.647 		7.408 		83.638
v 83.579 		15.805 		88.332
v -88.802 		56.175 		21.506
v 63.009 		-143.379 		44.957
v 63.009 		-143.873 		44.79
v -13.724 		-201.116 		41.059
v 79.015 		-77.992 		46.998
v -11.963 		-202.995 		42.894
v 63.009 		-144.983 		43.128
v 63.009 		-144.881 		43.64
v 79.015 		-74.408 		44.409
v 79.015 		-74.654 		44.104
v 63.009 		-144.651 		44.108
v 79.015 		-74.884 		43.636
v 79.015 		-73.758 		44.843
v 79.015 		-73.993 		44.728
v 63.009 		-144.307 		44.5
v -67.26 		191.841 		87.839
v -67.149 		191.305 		87.839
v -56.362 		-168.65 		121.387
v -7.751 		-203.28 		41.489
v -66.784 		190.673 		87.839
v -66.994 		193.073 		87.839
v -66.784 		193.373 		87.839
v 63.009 		-144.492 		41.681
v 63.009 		-144.781 		42.114
v 74.521 		208.766 		70.843
v -67.244 		192.388 		87.839
v 63.009 		-144.949 		42.608
v 89.907 		0.007 		84.081
v -56.572 		-171.025 		121.732
v -56.982 		-171.386 		121.785
v 63.009 		-143.631 		41.107
v 84.094 		0.006 		89.029
v -66.226 		190.204 		87.839
v -65.894 		190.05 		87.839
v 63.009 		-144.099 		41.337
v 79.015 		-74.995 		42.993
v 79.015 		-74.977 		42.732
v 79.015 		-74.884 		42.351
v -56.208 		-170.4 		121.64
v 79.015 		-74.654 		41.884
v 79.015 		-74.31 		41.492
v 63.009 		-144.392 		33.986
v -84.672 		49.716 		21.148
v -12.289 		-206.156 		47.547
v 66.039 		7.408 		88.462
v -65.894 		193.996 		87.839
v -8.249 		-206.888 		47.076
v 66.039 		7.408 		85.939
v 57.68 		232.601 		101.543
v 64.385 		-154.61 		44.203
v 65.837 		15.989 		85.601
v 62.098 		233.872 		98.574
v -84.534 		49.716 		21.267
v 65.144 		-151.885 		41.854
v -77.82 		190.321 		83.28
v -10.624 		-211.741 		45.908
v 65.837 		16.025 		88.122
v -59.066 		-167.813 		121.266
v 81.091 		-77.992 		34.052
v -58.364 		-167.627 		121.238
v 63.754 		-155.424 		40.982
v 63.009 		-147.988 		46.998
v -12.651 		-209.495 		43.453
v -77.652 		190.078 		85.641
v 36.778 		235.14 		100.147
v 86.633 		-86.515 		45.496
v 60.845 		-160.921 		41.661
v 85.786 		-87.436 		37.811
v -60.266 		-169.509 		121.512
v -67.812 		184.482 		87.839
v 86.14 		-90.55 		44.586
v 61.734 		-160.202 		44.101
v -66.097 		184.94 		87.839
v -60.155 		-168.979 		121.434
v -67.18 		184.846 		87.839
v -66.826 		184.94 		87.839
v 64.096 		222.609 		112.467
v 61.438 		223.761 		112.467
v 59.967 		224.197 		112.467
v 62.801 		223.24 		112.467
v 85.441 		-87.754 		35.056
v 55.877 		224.958 		112.467
v 51.461 		225.378 		112.467
v -80.511 		39.397 		25.045
v 85.168 		12.267 		79.088
v 63.389 		-156.268 		43.025
v 59.254 		225.914 		110.34
v -59.532 		-168.098 		121.307
v 52.905 		228.52 		107.986
v 84.961 		8.378 		81.223
v -70.591 		35.638 		24.086
v -69.193 		45.205 		24.086
v -69.215 		45.072 		24.086
v 61.734 		-160.202 		41.867
v -8.008 		-204.799 		34.389
v 90.368 		7.408 		79.174
v -69.184 		45.169 		24.081
v 81.769 		-83.921 		45.247
v 80.215 		-98.088 		45.806
v 89.542 		0.024 		70.565
v -16.088 		-197.159 		37.068
v 80.186 		-91.956 		37.782
v -59.791 		-168.354 		121.344
v 65.01 		228.373 		104.405
v 63.528 		-153.834 		37.903
v -77.337 		39.593 		24.086
v 80.724 		-84.982 		36.018
v -59.066 		-171.566 		121.811
v 63.6 		-154.823 		40.646
v 62.358 		64.639 		84.896
v -58.547 		-171.736 		121.836
v 65.01 		56.905 		87.425
v -8.958 		-200.245 		37.399
v 63.217 		228.844 		104.8
v -72.475 		41.631 		17.489
v -68.53 		182.508 		87.839
v 62.773 		41.435 		84.984
v 65.374 		-150.585 		39.974
v -60.203 		-170.225 		121.616
v -68.28 		183.923 		87.839
v 65.077 		53.11 		84.92
v -68.53 		183.237 		87.839
v 43.757 		225.71 		112.467
v 65.331 		-149.499 		37.15
v -68.214 		181.756 		87.839
v -11.062 		-198.708 		36.223
v -57.64 		-171.689 		121.828
v -67.512 		181.054 		87.839
v 62.487 		56.987 		82.364
v -66.462 		180.773 		87.839
v 62.768 		41.435 		82.464
v 81.266 		-84.47 		40.548
v -66.097 		180.805 		87.839
v -60.001 		-170.729 		121.688
v 25.556 		235.143 		100.527
v 86.438 		-99.776 		62.051
v -14.752 		-202.403 		34.37
v 64.442 		-155.123 		32.778
v -84.813 		46.014 		20.848
v -12.833 		-202.463 		33.382
v 65.463 		33.049 		87.659
v 63.009 		-147.988 		35.264
v -85.078 		46.014 		20.761
v -78.464 		180.657 		82.857
v 83.961 		-112.262 		56.922
v 84.356 		-108.804 		53.973
v 65.22 		45.357 		87.489
v 84.072 		-113.866 		62.051
v -58.182 		-171.768 		121.839
v 65.288 		41.526 		85.004
v -85.265 		46.014 		22.43
v 83.193 		-113.234 		50.076
v -59.661 		-171.154 		121.75
v -10.835 		-207.093 		39.19
v -14.722 		-204.802 		37.696
v -89.47 		46.014 		21.841
v -92.186 		193.331 		90.757
v -92.677 		186.48 		90.515
v -9.932 		-204.806 		35.325
v 85.466 		-106.126 		62.051
v 61.629 		-158.116 		38.697
v -7.004 		-206.975 		37.375
v -84.397 		46.014 		21.344
v 63.659 		1.542 		86.204
v 63.318 		15.992 		85.581
v 81.727 		-99.136 		64.561
v 78.993 		-113.827 		62.796
v 79.875 		-109.143 		62.767
v -56.991 		-180.416 		126.164
v 61.872 		-159.892 		33.361
v -56.625 		-180.858 		126.767
v -24.409 		-198.703 		43.87
v 63.146 		-162.817 		35.496
v -82.051 		193.608 		90.801
v 80.674 		-104.445 		62.738
v -20.253 		-203.266 		47.221
v -62.316 		-180.858 		126.767
v -24.223 		-200.845 		46.31
v 63.035 		28.726 		85.218
v -82.407 		42.575 		20.52
v -62.597 		-180.521 		126.271
v -84.645 		43.446 		20.839
v 63.128 		24.226 		82.803
v 63.42 		11.605 		83.23
v 80.707 		-103.184 		60.702
v -55.233 		-185.349 		124.085
v 79.42 		-108.949 		56.847
v -62.1 		-181.876 		125.893
v -82.821 		182.622 		90.397
v 64.673 		-160.788 		35.436
v -59.387 		-186.342 		128.132
v 84.577 		128.502 		62.051
v -89.237 		46.014 		20.177
v -28.504 		-200.391 		48.213
v -92.041 		195.145 		85.778
v -82.874 		187.826 		85.542
v -89.581 		35.743 		21.329
v -31.642 		-204.253 		46.253
v -27.814 		-204.476 		44.319
v -85.375 		35.758 		21.919
v 80.008 		117.856 		61.207
v -32.623 		-201.447 		43.725
v 82.256 		-120.111 		55.994
v 53.032 		-159.643 		34.255
v 82.542 		-121.137 		62.051
v -92.925 		182.585 		85.338
v 80.021 		117.305 		58.062
v 79.726 		124.602 		59.69
v 79.664 		122.75 		59.241
v -85.188 		35.743 		20.25
v -82.499 		195.438 		83.441
v -83.461 		181.846 		82.836
v -84.509 		35.746 		20.83
v 80.033 		114.75 		57.496
v -58.343 		-190.654 		124.227
v -23.587 		-207.219 		45.392
v 48.262 		-163.804 		33.256
v -54.947 		-194.049 		129.386
v -26.785 		-207.142 		46.958
v -89.348 		35.743 		19.665
v 83.321 		-117.561 		62.051
v -50.462 		-194.612 		123.351
v 80.918 		-127.929 		62.051
v 81.801 		-123.434 		59.61
v 62.533 		-165.952 		63.271
v 60.531 		-169.249 		60.742
v 85.37 		112.285 		62.051
v -51.526 		-188.778 		130.752
v 85.886 		99.565 		62.051
v 75.831 		-127.764 		62.89
v -19.324 		-209.727 		46.601
v -17.522 		-207.232 		42.421
v 78.026 		-118.492 		62.825
v -76.857 		176.389 		95.842
v -80.64 		28.741 		24.649
v -58.965 		-182.624 		115.428
v 80.085 		112.126 		56.951
v 57.283 		-176.637 		63.378
v 77.054 		-122.573 		62.457
v 80.401 		102.839 		55.147
v -76.859 		175.588 		96.041
v -56.315 		-188.058 		115.766
v 59.477 		-172.41 		63.337
v 25.204 		225.96 		112.467
v 25.178 		221.548 		109.935
v -76.953 		177.066 		95.209
v 80.276 		110.091 		56.563
v 75.076 		-128.821 		57.99
v 80.492 		102.9 		55.185
v 18.872 		214.799 		108.043
v -76.895 		176.796 		95.557
v -62.718 		-186.654 		115.908
v -80.786 		18.079 		24.455
v -78.581 		30.87 		24.086
v -71.581 		22.756 		24.086
v 25.126 		217.659 		109.919
v 80.793 		-124.632 		51.485
v 61.67 		-178.738 		62.051
v 83.603 		128.598 		41.684
v 83.161 		127.247 		34.336
v 83.757 		120.753 		36.291
v 18.903 		214.601 		110.577
v 64.353 		-173.551 		62.051
v -17.384 		-199.563 		40.904
v -58.939 		-193.646 		117.054
v 75.768 		-124.04 		52.002
v -75.608 		32.385 		17.98
v -79.029 		23.199 		18.735
v 25.146 		228.271 		101.22
v -53.54 		-191.454 		119.176
v 76.901 		-118.624 		50.259
v -19.539 		-202.229 		36.863
v -77.92 		178.321 		90.254
v 80.033 		114.75 		36.826
v -77.722 		179.591 		90.888
v -86.216 		21.03 		30.238
v 70.434 		129.432 		38.02
v -19.064 		-200.975 		35.002
v 58.73 		-169.999 		53.689
v 57.514 		-170.429 		49.26
v 82.372 		-114.186 		43.367
v 12.603 		228.98 		108.687
v 82.155 		-111.239 		36.245
v 73.813 		130.949 		33.311
v -22.411 		-202.103 		38.37
v -20.979 		-200.874 		36.023
v 65.517 		-169.08 		56.716
v -39.167 		-179.813 		106.576
v 85.015 		-101.811 		48.25
v 84.022 		-102.933 		39.795
v 84.418 		-99.198 		38.291
v -77.299 		167.375 		95.907
v -84.615 		32.32 		20.543
v 61.625 		-173.606 		49.282
v -43.249 		-177.737 		108.735
v 83.406 		-106.825 		40.027
v -48.005 		-168.103 		107.235
v -45.002 		-174.413 		108.204
v -89.701 		25.464 		21.018
v -27.685 		-200.445 		39.605
v 80.021 		117.305 		37.392
v -85.498 		25.464 		21.608
v -78.393 		178.537 		85.219
v 53.087 		-179.553 		53.244
v 83.474 		-103.448 		35.75
v 84.818 		112.844 		49.117
v 85.013 		104.987 		44.968
v 10.083 		223.895 		107.028
v 55.58 		-176.277 		55.142
v 84.626 		105.031 		36.648
v -84.627 		25.464 		20.519
v 57.089 		-173.187 		54.069
v 56.216 		-173.459 		51.035
v -37.279 		-203.132 		63.817
v 55.769 		-173.583 		49.529
v -40.746 		-199.865 		63.726
v 79.177 		-105.117 		46.21
v 54.034 		-179.335 		56.269
v 77.621 		-112.472 		44.054
v -84.962 		32.32 		20.211
v -78.54 		166.297 		89.837
v -46.641 		-164.934 		104.25
v -84.878 		28.893 		20.191
v 76.988 		-113.095 		39.413
v 74.265 		110.724 		34.387
v -45.964 		-166.484 		101.928
v 78.008 		-109.248 		41.772
v -44.422 		-169.871 		102.438
v -82.016 		176.442 		95.825
v 78.877 		-99.425 		35.124
v -39.04 		-201.528 		63.77
v 12.603 		218.016 		108.687
v 78.56 		-105.789 		41.157
v -82.111 		177.066 		95.209
v -82.052 		176.795 		95.557
v -85.308 		25.464 		19.939
v -47.905 		-168.326 		104.722
v -36.101 		-202.248 		59.517
v 57.217 		-186.423 		62.051
v 13.764 		218.016 		106.511
v 13.764 		220.191 		106.511
v 79.672 		-98.689 		41.123
v 58.758 		-183.889 		62.051
v -89.467 		25.464 		19.355
v 80.276 		110.091 		35.892
v -82.004 		176.029 		95.99
v -82.016 		175.588 		96.041
v 52.478 		-184.868 		63.467
v 13.008 		225.421 		105.048
v -43.367 		-172.058 		105.326
v 50.821 		-186.945 		62.457
v -41.582 		-175.526 		105.873
v 50.365 		-185.956 		58.566
v -85.043 		25.464 		20.026
v 80.492 		102.9 		34.513
v -41.29 		-176.068 		103.41
v 13.764 		225.415 		105.048
v 76.654 		-116.228 		42.33
v -42.395 		-198.145 		63.686
v 13.764 		227.098 		102.883
v 76.126 		-119.467 		44.29
v 54.954 		-180.795 		63.42
v 12.624 		225.424 		105.048
v 86.426 		83.207 		62.051
v -43.229 		-177.767 		106.189
v -42.938 		-204.364 		62.051
v -45.352 		-173.724 		105.545
v -85.617 		16.45 		21.484
v 80.949 		-121.648 		45.535
v 80.823 		88.492 		52.112
v 12.617 		224.554 		106.167
v 81.315 		-121.241 		48.311
v -89.819 		16.437 		20.895
v -82.878 		179.591 		90.888
v 80.675 		95.669 		53.922
v -46.624 		-199.509 		59.482
v -45.416 		-201.888 		62.051
v -84.745 		21.685 		20.289
v 80.652 		95.658 		53.914
v 80.708 		94.095 		53.676
v 49.479 		-189.299 		63.485
v 49.836 		-188.844 		63.519
v 73.79 		-130.17 		48.589
v 10.083 		223.895 		106.167
v -49.602 		-164.377 		106.689
v -85.426 		16.437 		19.816
v -89.585 		16.437 		19.231
v 81.149 		91.405 		62.5
v 79.083 		-129.251 		46.344
v -49.531 		-164.546 		104.167
v -85.141 		17.899 		19.913
v 52.256 		-193.733 		62.051
v 51.858 		-193.416 		60.027
v 50.065 		-196.573 		62.051
v -93.135 		178.91 		90.258
v 73.082 		-130.835 		43.906
v -56.371 		-167.932 		107.133
v -84.742 		16.455 		20.393
v 53.965 		-191.356 		62.051
v -40.348 		-206.718 		62.051
v 69.01 		-130.99 		46.998
v -33.592 		-206.148 		63.922
v 86.848 		67.448 		62.051
v -54.31 		-172.907 		107.857
v -39.646 		-207.29 		61.984
v 81.61 		-114.934 		37.906
v 80.811 		-115.577 		32.903
v 73.918 		-122.711 		33.276
v 12.617 		218.016 		106.167
v 81.757 		70.408 		62.569
v -72.014 		6.935 		24.086
v 58.161 		-180.434 		51.488
v -35.729 		-209.517 		60.022
v 75.218 		-120.295 		38.168
v -36.585 		-209.627 		61.753
v -64.739 		-174.831 		102.939
v 10.083 		218.016 		106.167
v 50.817 		-190.617 		50.725
v -67.171 		16.07 		22.617
v 13.764 		220.191 		105.048
v 12.624 		220.191 		105.048
v -34.783 		-211.062 		62.051
v 12.617 		220.191 		106.167
v -79.748 		1.84 		24.086
v -79.762 		13.282 		24.086
v -83.432 		171.587 		90.015
v -33.693 		-188.14 		108.016
v 79.763 		95.024 		32.876
v 50.189 		-182.728 		50.702
v 25.204 		211.187 		112.467
v 26.015 		211.01 		112.467
v -35.882 		-185.021 		107.465
v -83.432 		171.573 		90.014
v -78.688 		13.692 		18.494
v -38.753 		-185.26 		110.002
v 79.926 		-122.632 		38.577
v -37.632 		-208.951 		62.051
v -77.649 		4.14 		18.15
v 25.634 		211.093 		102.103
v 80.675 		95.669 		33.251
v 51.885 		-190.488 		53.45
v 51.217 		-182.585 		53.684
v -38.224 		-186.049 		107.585
v 73.849 		-125.897 		38.75
v -83.443 		171.354 		90.008
v -83.433 		171.54 		90.013
v -37.528 		-182.508 		107.031
v 85.238 		89.197 		36.826
v -83.4337 		171.5519 		90.014
v 85.49 		89.174 		42.499
v 25.424 		211.21 		106.959
v -84.953 		14.111 		20.072
v 79.214 		-126.267 		40.334
v -84.87 		10.325 		20.274
v 48.448 		-190.785 		63.548
v 47.012 		-192.689 		63.579
v 85.746 		75.072 		39.472
v 77.747 		-130.446 		38.011
v -83.413 		171.942 		90.027
v -85.246 		10.325 		19.889
v 77.94 		-127.232 		33.059
v 44.758 		-195.462 		63.63
v -39.373 		-198.233 		57.023
v -83.43 		171.603 		90.015
v -41.068 		-181.555 		109.367
v -45.57 		-187.2 		110.185
v 79.077 		-123.29 		33.577
v 77.015 		73.992 		46.998
v 77.015 		73.992 		40.96
v 25.126 		211.585 		109.919
v -83.432 		171.553 		90.014
v 80.98 		78.701 		48.884
v -39.298 		-204.603 		55.227
v -84.16 		169.528 		82.351
v -85.299 		14.111 		19.845
v 69.277 		-130.886 		33.117
v -84.001 		168.487 		84.868
v 81.053 		73.992 		46.998
v 65.398 		247.904 		90.979
v -36.737 		-197.126 		49.667
v 61.024 		248.785 		90.979
v 55.985 		249.461 		90.979
v 51.475 		249.88 		90.979
v 72.759 		-127.245 		33.855
v -41.464 		-180.885 		106.701
v -93.838 		164.977 		89.809
v 43.665 		-194.061 		57.54
v -33.105 		-201.637 		53.205
v 63.411 		248.448 		87.964
v -35.301 		-198.606 		50.308
v -34.225 		-191.623 		111.143
v 77.015 		65.536 		46.998
v 81.066 		72.379 		46.998
v 46.528 		-191.791 		60.089
v -36.466 		-188.611 		110.594
v 81.078 		72.382 		47.281
v 59.548 		248.943 		85.907
v 62.616 		248.436 		85.907
v 64.694 		248.009 		85.907
v -81.957 		183.292 		69.082
v -89.972 		5.671 		20.91
v 59.767 		249.077 		88
v 69.01 		-130.99 		33.014
v 60.991 		248.723 		87.985
v 57.691 		249.196 		88.012
v 81.078 		72.382 		46.998
v -33.587 		-192.432 		108.738
v -89.761 		4.12 		19.262
v 48.522 		-187.281 		55.714
v -85.554 		7.408 		19.816
v -36.382 		-188.728 		108.06
v 81.019 		69.828 		44.802
v 80.946 		70.885 		43.636
v 89.604 		-72.629 		24.791
v -84.871 		7.408 		20.392
v 85.562 		-70.375 		25.189
v -40.002 		-201.958 		50.838
v -37.853 		-204.414 		52.334
v 80.922 		70.986 		43.128
v -85.199 		6.546 		19.968
v 42.182 		-194.008 		53.906
v 40.642 		-196.127 		55.092
v -78.991 		152.394 		90.214
v 54.314 		249.726 		88.037
v 55.016 		249.494 		88.029
v 86.135 		-71.556 		30.084
v 85.727 		-71.848 		27.056
v 41.777 		-193.978 		52.942
v 56.061 		249.383 		85.907
v -47.785 		-196.816 		56.319
v 50.537 		249.884 		88.052
v -77.861 		154.703 		95.699
v -47.025 		-196.854 		54.516
v -85.748 		7.408 		21.484
v 80.972 		70.654 		44.104
v 44.773 		-189.637 		50.655
v -45.459 		-196.874 		50.938
v 46.017 		-189.632 		53.827
v -43.469 		-199.519 		52.32
v 50.522 		250.058 		88.057
v 89.078 		-80.786 		25.499
v 84.924 		-80.786 		26.083
v -44.682 		-199.55 		54.987
v -45.48 		-182.328 		104.311
v -41.417 		-202.098 		53.751
v 85.657 		-80.262 		31.174
v -33.641 		-188.212 		105.474
v 80.99 		70.409 		44.409
v -36.935 		-183.429 		104.634
v -67.027 		22.137 		15.196
v -38.6 		-180.774 		104.183
v 60.616 		238.563 		92.718
v 60.725 		238.542 		92.717
v -67.485 		31.667 		15.602
v 64.905 		-166.64 		47.328
v 58.082 		-168.066 		46.139
v -70.365 		12.951 		16.011
v 80.865 		70.409 		41.578
v 84.264 		-81.27 		24.626
v -79.453 		162.483 		82.138
v 60.444 		-164.149 		47.38
v 84.02 		-80.786 		24.946
v 63.012 		238.051 		90.979
v 59.013 		238.838 		90.979
v 80.862 		70.103 		41.333
v 62.52 		238.168 		92.697
v -64.128 		-20.11 		87.453
v -79.202 		151.217 		89.345
v 58.578 		238.905 		92.737
v -64.048 		-16.001 		84.668
v -63.797 		-4.324 		83.969
v -63.797 		-4.325 		86.491
v -84.189 		150.683 		90.172
v -58.94 		-183.443 		113.54
v 64.294 		237.711 		92.674
v -82.654 		162.786 		95.831
v 58.886 		-164.997 		42.386
v 85.168 		-66.447 		23.344
v 84.535 		-72.76 		24.257
v -33.365 		-209.096 		55.453
v -64.36 		-29.249 		88.101
v 55.896 		239.259 		90.979
v 80.862 		69.663 		41.111
v 55.538 		239.302 		92.758
v -35.64 		-206.795 		53.873
v 51.282 		239.719 		92.78
v -83.922 		161.116 		89.67
v 50.647 		239.767 		90.979
v 58.893 		-164.691 		41.681
v -94.249 		155.465 		89.52
v 59.607 		-164.905 		42.797
v -37.111 		-207.033 		56.745
v 80.894 		70.927 		42.475
v 89.37 		-72.629 		23.127
v -94.101 		159.37 		84.596
v -64.359 		-44.697 		89.353
v -64.333 		-35.738 		88.606
v -64.359 		-44.317 		89.314
v -59.31 		-184.93 		109.574
v -37.199 		-206.707 		50.027
v -33.309 		-206.854 		50.621
v -34.76 		-205.583 		50.012
v 88.845 		-80.786 		23.835
v -59.691 		-184.271 		110.311
v -34.06 		-209.231 		51.308
v 61.399 		-170.824 		41.872
v -65.047 		-185.52 		109.588
v -84.756 		152.741 		84.366
v 57.301 		-169.674 		43.81
v 79.015 		-69.642 		27.327
v -64.769 		-186.09 		109.68
v 64.804 		237.559 		92.666
v 56.455 		-169.674 		43.274
v 80.87 		70.582 		41.775
v 80.877 		70.728 		41.996
v -33.826 		-209.231 		49.645
v 57.301 		-169.674 		46.673
v 72.427 		-68.978 		24.928
v -64.332 		-35.738 		86.08
v 55.298 		-170.75 		41.389
v 79.015 		-77.992 		28.196
v 80.384 		-77.992 		28.68
v 80.928 		-77.992 		32.767
v -78.756 		133.867 		94.547
v -78.689 		134.113 		94.865
v 63.24 		238.7 		84.954
v 61.948 		239.139 		85.907
v 80.214 		-80.786 		28.911
v -63.785 		-188.073 		109.996
v 56.073 		240.055 		85.907
v -64.133 		-62.465 		91.026
v -58.5 		-187.111 		109.925
v 59.025 		239.65 		85.907
v -64.131 		-62.48 		89.997
v -78.555 		135.332 		95.382
v -59.826 		-184.494 		109.5
v -64.309 		-51.995 		89.997
v -78.579 		134.929 		95.323
v -64.306 		-52.5 		89.997
v -64.298 		-53.591 		89.997
v -63.668 		-188.304 		110.032
v 80.513 		-77.992 		29.491
v 59.64 		-174.245 		42.878
v 67.651 		-78.068 		24.086
v 68.493 		-79.712 		24.52
v -64.013 		-51.995 		89.997
v -64.298 		-51.995 		87.488
v -78.83 		133.691 		94.187
v 50.559 		-178.863 		43.458
v 52.977 		-174.854 		42.396
v 73.064 		-77.913 		20.588
v 57.577 		234.72 		85.907
v 64.017 		233.35 		85.907
v 60.241 		234.104 		84.794
v 77.015 		70.885 		43.636
v 70.186 		-71.88 		19.076
v 62.052 		233.885 		85.907
v 77.015 		70.654 		44.104
v -54.213 		-194.792 		111.233
v 77.015 		70.31 		44.496
v 77.015 		69.876 		44.786
v -55.696 		-192.266 		110.793
v -54.011 		-51.995 		79.995
v 53.764 		235.216 		85.907
v -57.117 		-56.636 		79.995
v -57.117 		-55.352 		79.995
v -57.015 		-56.125 		79.995
v 59.431 		234.428 		85.907
v 57.23 		234.188 		81.943
v 77.015 		70.987 		42.863
v 77.015 		70.409 		41.578
v 77.015 		70.769 		42.117
v -40.905 		-198.28 		45.662
v -57.117 		-56.636 		73.997
v 77.015 		69.635 		41.102
v 77.015 		69.994 		41.26
v -57.015 		-56.125 		73.997
v -57.117 		-55.352 		73.997
v -54.011 		-51.995 		73.997
v 43.847 		250.396 		90.979
v 47.561 		250.104 		85.907
v -64.013 		-51.995 		79.995
v 34.575 		250.926 		88.107
v 39.258 		250.558 		88.091
v 42.631 		250.555 		88.086
v 64.884 		-170.378 		38.148
v -57.899 		-54.333 		79.995
v -57.347 		-54.884 		79.995
v -58.367 		-54.102 		79.995
v 57.519 		-166.576 		40.436
v 41.042 		250.475 		85.907
v -59.139 		-54.001 		79.995
v -35.227 		-204.025 		48.093
v -62.418 		-190.713 		110.429
v -59.651 		-54.102 		79.995
v -60.119 		-54.333 		79.995
v -60.671 		-54.884 		79.995
v 81.041 		69.123 		44.988
v -60.425 		-54.578 		79.995
v 83.773 		-84.857 		25.171
v -80.507 		133.901 		83.796
v 60.109 		-169.974 		37.363
v -79.731 		132.167 		89.714
v 83.881 		-87.445 		25.121
v -61.003 		-193.322 		110.866
v 81.054 		68.109 		44.786
v 81.051 		67.675 		44.496
v 81.051 		68.603 		44.954
v 63.261 		-165.638 		37.678
v 36.5 		240.604 		92.827
v -40.206 		-204.046 		48.777
v 43.817 		240.239 		92.807
v -37.665 		-202.862 		48.78
v 84.049 		-88.271 		25.117
v 33.704 		240.717 		90.979
v -61.887 		-189.988 		113.377
v -57.347 		-57.104 		79.995
v -60.859 		-56.76 		79.995
v 44.302 		240.212 		90.979
v -60.943 		-56.512 		79.995
v -60.901 		-55.352 		79.995
v -60.999 		-55.929 		79.995
v 88.441 		-88.271 		26.195
v -37.531 		-202.098 		46.958
v -83.688 		135.332 		95.382
v -83.7 		135.061 		95.356
v 34.863 		236.904 		85.907
v -38.121 		-201.225 		46.861
v 42.962 		236.282 		85.907
v 48.146 		240.928 		85.907
v -60.984 		-193.356 		110.872
v -83.749 		134.547 		95.183
v 41.652 		241.493 		85.907
v 58.573 		-168.402 		35.544
v 84.29 		-88.271 		26.778
v -83.822 		134.113 		94.865
v -39.972 		-204.046 		47.113
v -83.866 		133.938 		94.661
v -62.234 		-191.06 		110.485
v 81.042 		67.331 		44.104
v 81.027 		67.101 		43.636
v -61.057 		-193.223 		110.849
v 81.007 		67 		43.128
v -38.704 		-201.242 		46.476
v 62.98 		237.607 		78.169
v -38.457 		-201.242 		46.552
v 63.031 		-164.889 		35.958
v 62.915 		-165.68 		36.036
v 80.894 		68.227 		41.144
v 64.649 		-170.378 		36.484
v 62.935 		-164.889 		36.019
v -60.746 		-193.784 		110.944
v -83.963 		133.691 		94.187
v -59.536 		-195.897 		111.308
v 83.385 		-88.271 		25.635
v -33.561 		-198.554 		41.262
v -59.198 		-196.474 		111.407
v 61.424 		232.514 		76.887
v 84.52 		-92.106 		31.549
v -55.373 		-194.491 		101.092
v -61.675 		-181.757 		103.965
v -60.177 		-184.87 		104.454
v -41.497 		-198.28 		45.282
v 50.842 		-170.962 		38.658
v 51.526 		-167.534 		37.186
v -45.891 		-198.28 		46.36
v 83.099 		-94.147 		25.822
v -55.274 		-194.033 		105.406
v -43.097 		-201.242 		47.556
v -42.031 		-198.275 		46.901
v 80.871 		68.993 		40.992
v 83.92 		-92.533 		27.634
v 55.965 		-165.169 		38.723
v -94.894 		138.716 		89.049
v 80.91 		67.883 		41.333
v -84.867 		132.167 		89.714
v 80.984 		67.033 		42.604
v 80.959 		67.201 		42.11
v -57.793 		-189.464 		105.205
v 80.934 		67.49 		41.676
v 53.245 		237.954 		68.198
v -95.187 		131.549 		83.823
v 55.851 		238.302 		73.369
v -42.864 		-201.242 		45.892
v -45.657 		-198.28 		44.697
v 62.111 		-174.977 		37.571
v 57.951 		-174.977 		38.155
v -55.633 		-137.257 		97.887
v 82.879 		-95.105 		25.995
v -56.641 		-132.909 		97.3
v 65.004 		235.359 		69.647
v 62.344 		-174.977 		39.234
v -57.347 		-54.884 		73.997
v -57.593 		-54.578 		73.997
v 62.769 		236.584 		71.963
v -58.944 		-54.005 		73.997
v 77.015 		69.254 		44.979
v 83.277 		-94.292 		25.746
v -59.651 		-54.102 		73.997
v 77.015 		68.603 		44.954
v -60.119 		-54.333 		73.997
v 77.015 		67.101 		43.636
v -60.671 		-54.884 		73.997
v 58.313 		-174.977 		39.801
v 77.015 		68.109 		44.786
v -79.206 		140.002 		66.082
v 77.015 		67.675 		44.496
v 77.015 		67.331 		44.104
v -41.848 		-197.611 		45.1
v -79.974 		151.854 		81.745
v -57.899 		-54.333 		73.997
v -58.367 		-54.102 		73.997
v 58.841 		232.326 		71.923
v 82.753 		-94.276 		26.22
v -64.725 		-177.333 		90.134
v -85.495 		142.454 		81.445
v 77.015 		67.834 		41.376
v 77.015 		68.415 		41.089
v 77.015 		69.123 		41
v -32.805 		-206.707 		48.948
v 77.015 		67.05 		42.607
v 77.015 		67.331 		41.884
v 87.809 		-94.253 		26.785
v 58.123 		-174.122 		38.059
v -36.965 		-206.707 		48.363
v 87.575 		-94.253 		25.122
v -58.647 		-190.122 		91.211
v 57.363 		-174.978 		38.538
v -57.347 		-57.104 		73.997
v -55.699 		-195.305 		91.679
v -60.901 		-55.352 		73.997
v -15.047 		239.409 		62.051
v -61.003 		-55.864 		73.997
v -60.671 		-57.104 		73.997
v 58.468 		-173.003 		38.063
v 54.198 		232.765 		68.975
v -59.501 		-187.914 		94.573
v -61.365 		-184.783 		90.749
v -7.534 		-201.493 		28.994
v -10.572 		234.563 		63.307
v -63.079 		-181.106 		90.441
v 88.208 		-88.271 		24.532
v 83.519 		119.921 		32.562
v 50.151 		-174.339 		40.237
v -57.117 		-64.635 		73.997
v 52.221 		-173.582 		34.395
v -57.015 		-64.124 		73.997
v -57.117 		-63.351 		73.997
v 67.283 		129.95 		31.708
v -57.159 		-63.227 		79.995
v -57.015 		-64.124 		79.995
v 78.855 		-94.902 		30.21
v 77.645 		122.086 		31.723
v -7.485 		231.875 		59.003
v -57.117 		-64.635 		79.995
v 77.97 		118.972 		30.993
v 68.064 		-95.251 		26.025
v -8.004 		-200.321 		27.552
v -63.49 		-191.865 		90.654
v 73.785 		124.683 		31.555
v -11.331 		231.156 		58.91
v 79.332 		-92.664 		31.558
v 61.863 		203.182 		91.294
v 56.42 		202.111 		91.278
v 57.177 		199.577 		91.168
v 57.206 		-175.734 		38.454
v -64.013 		-61.44 		79.995
v -58.133 		-57.771 		79.995
v -58.878 		-57.988 		79.995
v -60.425 		-57.41 		79.995
v 55.284 		-179.193 		39.284
v -60.01 		-57.728 		79.995
v -59.398 		-57.953 		79.995
v -12.788 		-197.519 		26.862
v 84.323 		98.533 		28.016
v 84.096 		105.621 		29.407
v 83.842 		110.211 		30.349
v -8.985 		-202.57 		31.429
v 79.378 		-90.215 		29.762
v 80.094 		-85.495 		31.278
v 57.786 		197.068 		91.059
v 83.83 		112.73 		30.92
v -61.392 		-191.962 		84.375
v 56.207 		-176.972 		39.034
v -11.627 		233.374 		60.061
v -11.394 		-201.332 		30.969
v -11.866 		-200.108 		29.563
v 71.919 		99.134 		24.788
v -57.899 		-62.332 		79.995
v -58.748 		-62.008 		79.995
v -58.367 		-62.101 		79.995
v -59.139 		-62 		79.995
v 77.799 		106.245 		27.888
v -65.048 		-164.169 		69.733
v 65.539 		104.669 		24.415
v -14.251 		-198.707 		29.224
v -15.207 		233.386 		60.186
v 78.83 		-83.638 		23.286
v -62.426 		-169.518 		68.756
v -61.369 		-172.317 		69.69
v 56.208 		-178.595 		40.712
v -60.671 		-62.883 		79.995
v 66.562 		-84.798 		18.981
v -60.228 		-62.404 		79.995
v -60.901 		-63.351 		79.995
v 71.391 		-92.227 		21.495
v -59.651 		-62.101 		79.995
v 54.881 		198.396 		88.606
v 54.557 		199.591 		88.657
v 54.557 		199.591 		86.135
v 44.317 		-168.632 		33.175
v 43.798 		-171.213 		34.228
v 66.383 		-92.694 		19.716
v 55.295 		196.687 		86.01
v -7.434 		237.514 		56.555
v 42.396 		-177.918 		37.387
v -60.425 		-65.409 		79.995
v 57.177 		199.577 		88.645
v -20.002 		-198.297 		32.359
v -57.347 		-65.103 		79.995
v -61.003 		-64.124 		79.995
v -60.671 		-65.103 		79.995
v -60.901 		-64.635 		79.995
v -7 		204 		72
v -7 		218 		72
v 56.42 		202.111 		88.756
v 84.514 		91.405 		26.742
v -7 		218 		57.8993
v -56.672 		-185.856 		77.66
v -55.307 		-188.881 		78.972
v -12.11 		237.471 		56.556
v 47.752 		-166.429 		34.225
v -7 		218 		49.1657
v -9.174 		237.502 		56.556
v 85.168 		82.128 		31.682
v 57.769 		197.151 		88.541
v 84.682 		83.84 		25.53
v -10.518 		234.339 		54.812
v -7 		204 		54.7705
v 86.824 		-100.205 		25.738
v -12.619 		234.428 		54.99
v -7 		218 		46
v -14.676 		234.51 		55.118
v -7 		217.2504 		49.0124
v -7 		217.1302 		48.9919
v 87.058 		-100.205 		27.402
v -7 		204 		46
v -7 		204 		46.8974
v 55.068 		-184.078 		49.015
v -7 		212.3583 		48.1744
v -57.938 		-180.485 		72.266
v 28.041 		251.058 		90.979
v 4.325 		233.546 		102.876
v 29.332 		250.956 		85.907
v 28.604 		250.98 		88.114
v 82.904 		-100.25 		27.989
v -59.133 		-187.317 		69.325
v 52.982 		-183.772 		42.117
v 54.788 		-187.001 		42.506
v -58.879 		-57.971 		73.997
v -58.243 		-57.844 		73.997
v 23.933 		251.276 		88.128
v -57.593 		-57.41 		73.997
v 77.394 		94.182 		32.033
v -60.272 		-57.533 		73.997
v -59.651 		-57.886 		73.997
v -8.928 		231.306 		53.193
v -12.401 		229.946 		52.957
v 71.226 		92.004 		29.855
v -55.929 		-192.923 		70.354
v 82.058 		-103.602 		26.717
v 82.066 		-103.561 		26.711
v -24.834 		239.18 		62.051
v 79.71 		93.17 		31.02
v 50.361 		-187.66 		43.262
v -54.295 		-196.303 		72.27
v 85.943 		-106.13 		26.384
v 21.914 		241.085 		92.853
v 3.415 		232.674 		103.995
v 2.813 		232.312 		104.461
v 1.885 		231.929 		104.954
v 23.525 		240.753 		93.235
v 23.525 		238.193 		96.595
v 23.419 		237.747 		97.183
v -18.038 		232.639 		59.942
v -20.696 		229.704 		58.887
v 86.177 		-106.13 		28.048
v 50.257 		-186.355 		41.608
v 3.76 		232.947 		103.645
v 82.02 		-106.21 		28.639
v 79.913 		88.223 		31.815
v -25.744 		234.222 		63.211
v 80.834 		87.994 		32.05
v 1.108 		231.734 		105.203
v -71.463 		-132.697 		125.671
v -22.651 		230.986 		59.463
v 0.561 		231.663 		105.295
v -73.186 		-146.661 		128.424
v 84.922 		-112.026 		27.061
v -67.912 		-147.421 		127.444
v -69.386 		-141.804 		126.761
v 85.156 		-112.026 		28.725
v 52.695 		-189.922 		43.416
v 50.516 		-192.783 		44.362
v 79.87 		86.235 		29.831
v 26.132 		240.973 		90.979
v -57.347 		-62.883 		73.997
v -57.899 		-62.332 		73.997
v -58.367 		-62.101 		73.997
v -59.139 		-62 		73.997
v -21.163 		234.364 		63.239
v -27.286 		233.249 		60.435
v 82.137 		-107.908 		31.443
v -17.983 		233.379 		60.263
v -60.119 		-62.332 		73.997
v -60.671 		-62.883 		73.997
v -60.901 		-63.351 		73.997
v -59.651 		-62.101 		73.997
v 52.462 		-189.922 		41.754
v -76.543 		-140.254 		120.887
v 50.282 		-192.783 		42.699
v 25.15 		234.828 		92.644
v 4.726 		234.195 		102.043
v 72.968 		86.481 		22.613
v 5.042 		235.569 		100.281
v 4.964 		234.874 		101.171
v 4.722 		236.945 		98.519
v -60.671 		-65.103 		73.997
v 22.299 		236.983 		98.208
v 21.844 		236.941 		98.274
v 4.724 		230.546 		98.525
v -57.347 		-65.103 		73.997
v -61.003 		-64.124 		73.997
v 81.83 		-102.748 		26.834
v -23.816 		237.322 		56.555
v -60.901 		-64.635 		73.997
v 58.493 		-181.033 		39.132
v -16.564 		237.432 		56.556
v 22.914 		237.219 		97.886
v 4.962 		229.866 		99.396
v -68.051 		-149.274 		125.06
v -25.162 		233.801 		55.223
v -18.625 		231.182 		53.931
v -29.796 		230.566 		54.261
v 54.333 		-181.033 		39.717
v 4.961 		236.264 		99.391
v 84.821 		76.144 		24.446
v -78.681 		-26.636 		114.893
v 78.256 		-99.577 		30.674
v -83.61 		-30.907 		116.404
v 84.936 		68.453 		23.512
v 23.525 		231.848 		96.595
v -73.539 		-151.403 		122.374
v -73.535 		-151.128 		122.676
v -68.17 		-151.128 		122.676
v 21.844 		230.585 		98.274
v 56.564 		-184.035 		39.97
v -83.296 		-12.168 		115.465
v -21.015 		235.738 		55.863
v 23.419 		231.399 		97.183
v 81.117 		-106.208 		27.475
v -87.348 		-24.198 		101.132
v 54.106 		-180.461 		39.941
v 22.298 		230.628 		98.209
v 81.703 		-102.748 		26.991
v -86.856 		-9.003 		100.698
v 52.433 		-183.287 		40.567
v -87.186 		-14.075 		100.201
v 23.036 		230.95 		97.776
v 77.015 		73.992 		27.166
v 80.203 		73.992 		29.982
v 80.099 		80.18 		30.706
v 67.837 		-100.422 		26.601
v 65.593 		-105.891 		26.49
v 58.726 		-181.033 		40.796
v -16.373 		228.834 		58.278
v 81.055 		73.992 		30.241
v 80.995 		-112.131 		29.319
v -68.154 		-151.657 		122.173
v -68.012 		-152.562 		121.767
v -67.767 		-153.481 		121.727
v 4.324 		227.148 		102.88
v -78.777 		-51.512 		116.455
v -78.687 		-58.449 		117.039
v 2.131 		225.61 		104.854
v 1.369 		225.396 		105.13
v 75.938 		-113.522 		32.178
v 23.24 		237.488 		97.526
v 40.422 		-186.693 		42.534
v 76.801 		-108.887 		31.658
v 3.757 		226.55 		103.647
v -83.403 		-64.693 		118.962
v 80.968 		80.186 		30.976
v -8.401 		218.842 		58.0875
v -67.825 		-153.29 		121.71
v 3.024 		226.027 		104.319
v -83.677 		-39.976 		116.944
v -83.663 		-49.111 		117.588
v 80.091 		73.992 		28.054
v 79.611 		73.992 		27.914
v -83.574 		-56.966 		118.24
v 2.596 		225.803 		104.607
v 48.051 		-182.754 		44.572
v -68.1 		-152.091 		121.923
v 76.729 		-107.348 		25.787
v -78.797 		-37.836 		115.503
v 80.09 		74.082 		28.065
v 23.525 		234.416 		93.235
v 45.437 		-186.53 		45.747
v 79.967 		81.38 		29.075
v -7.173 		228.824 		51.988
v 80.979 		-110.545 		27.485
v 77.015 		72.012 		26.899
v 73.312 		66.855 		25.148
v 21.78 		237.452 		84.631
v -15.396 		221.196 		55.779
v 17.35 		237.813 		85.907
v 79.491 		80.792 		23.546
v 67.509 		79.487 		19.933
v 25.975 		237.444 		85.907
v 80.092 		-112.131 		28.147
v 67.492 		71.715 		24.086
v -8.35 		227.244 		56.931
v 81.115 		-108.239 		27.326
v 80.325 		-111.816 		27.863
v 48.248 		-195.573 		45.344
v -83.432 		-63.874 		99.834
v 43.902 		-196.118 		46.085
v 26.502 		242.516 		85.907
v -14.87 		227.63 		52.35
v 46.33 		-193.836 		46.488
v 81.574 		76.19 		23.484
v 42.691 		-190.196 		46.989
v -73.185 		-153.353 		121.716
v 74.323 		65.776 		20.038
v 11.948 		251.359 		85.907
v 0.001 		225.242 		105.327
v 0.56 		225.267 		105.295
v -88.762 		-55.951 		99.148
v 12.596 		251.512 		88.141
v 81.274 		-106.974 		27.213
v 81.457 		-106.974 		27.114
v -73.336 		-152.777 		121.734
v 8.71 		251.475 		90.647
v -86.118 		-61.337 		109.057
v -88.656 		-64.077 		99.851
v -83.543 		-55.55 		99.114
v 46.578 		-191 		42.835
v -73.474 		-152.079 		121.926
v 54.669 		123.811 		32.949
v 4.963 		228.476 		101.177
v 4.724 		227.798 		102.048
v 5.042 		229.172 		100.286
v -8.401 		218.842 		54.587
v 48.038 		-189.741 		42.451
v 45.842 		-192.393 		43.521
v 7.167 		251.416 		88.139
v 73.099 		-110.212 		30.293
v -10.795 		220.959 		50.09
v 52.683 		126.624 		33.367
v -15.219 		215.936 		54.576
v 75.575 		-99.658 		24.087
v 13.443 		238.369 		96.595
v 69.326 		-108.132 		22.836
v 47.81 		-191.191 		44.378
v -75.97 		-0.369 		83.888
v 12.002 		104.847 		34.999
v 0 		218.016 		106.167
v 13.55 		237.912 		97.184
v -66.254 		-1.671 		88.898
v 0.001 		251.602 		88.146
v 0.001 		251.512 		90.979
v 49.269 		127.11 		27.428
v 13.443 		240.968 		93.235
v 48.015 		-195.573 		43.68
v -66.254 		-1.671 		86.375
v 72.63 		-99.96 		22.957
v 69.675 		-100.254 		21.846
v -30.177 		224.089 		57.602
v 56.246 		128.214 		29.066
v 44.988 		-194.178 		43.774
v 12.736 		241.258 		90.979
v 61.472 		129.041 		30.308
v -27.416 		228.071 		58.658
v -21.25 		226.257 		57.73
v 6.133 		251.489 		90.979
v 63.609 		123.178 		28.964
v 64.377 		129.497 		31.005
v 65.748 		-108.484 		21.457
v 2.595 		238.946 		95.967
v 3.215 		238.595 		96.413
v 3.755 		238.195 		96.923
v -22.215 		229.083 		53.405
v 43.43 		-195.378 		44.569
v -75.486 		-147.784 		118.31
v 59.508 		114.815 		25.659
v 4.32 		237.594 		97.689
v 83.751 		-117.898 		27.773
v -19.532 		225.725 		52.145
v 1.108 		239.414 		95.371
v 82.651 		-123.744 		30.185
v 0.281 		239.498 		95.263
v 82.418 		-123.744 		28.521
v 83.984 		-117.898 		29.437
v 57.266 		114.75 		31.02
v 15.123 		237.046 		98.274
v 14.414 		237.177 		98.117
v 1.881 		239.219 		95.619
v 56.803 		119.42 		32.178
v 13.931 		237.449 		97.775
v -90.064 		-6.589 		84.443
v -23.241 		222.893 		51.626
v 33.422 		-190.453 		41.076
v -16.931 		225.427 		57.128
v 39.799 		-193.732 		48.297
v 55.191 		121.914 		26.859
v -89.369 		-3.425 		89.302
v 79.823 		-118.001 		30.031
v 38.293 		-195.445 		48.975
v -19.752 		222.033 		56.367
v 57.271 		119.142 		26.437
v -73.298 		-138.409 		114.372
v -76.145 		-132.679 		107.769
v 78.922 		-118.001 		28.849
v -76.012 		-134.173 		107.184
v -75.998 		-133.827 		107.492
v -76.079 		-133.024 		107.773
v 40.103 		124.483 		30.082
v 74.976 		-118.138 		32.717
v 40.103 		126.324 		30.712
v 40.103 		123.831 		29.869
v -26.361 		227.081 		53.012
v -25.514 		223.383 		57.144
v 43.415 		-189.272 		39.311
v -91.189 		-0.357 		84.125
v -27.186 		222.27 		51.717
v 39.094 		-192.02 		38.714
v 15.123 		230.671 		98.274
v 74.817 		-115.339 		26.428
v 42.011 		129.591 		27.058
v 13.764 		231.225 		97.579
v 79.569 		-116.485 		28.3
v 42.011 		128.016 		26.496
v 13.443 		231.992 		96.595
v -85.162 		-13.526 		84.773
v -20.319 		220.843 		50.886
v 13.931 		231.072 		97.774
v 5.41 		241.347 		92.869
v 13.686 		231.316 		97.464
v 13.55 		231.535 		97.183
v -22.672 		217.877 		55.54
v 14.485 		230.79 		98.13
v -18.85 		214.53 		54.546
v 27.014 		-187.539 		34.147
v -90.218 		-13.308 		84.848
v -81.439 		-132.679 		107.769
v -81.311 		-134.173 		107.184
v 71.846 		-115.67 		25.186
v -81.362 		-133.093 		107.77
v 24.732 		-195.976 		40.958
v -20.802 		217.846 		50.223
v 26.643 		-189.009 		35.194
v -81.306 		-133.592 		107.624
v 43.644 		115.93 		28.11
v 25.125 		-194.63 		39.74
v -89.738 		-15.311 		90.017
v 29.802 		-192.563 		40.683
v -30.927 		214.414 		55.267
v -29.855 		220.273 		56.573
v 26.08 		-191.161 		36.838
v -72.827 		-145.243 		110.19
v 78.258 		-123.744 		29.106
v -27.687 		219.31 		51.013
v 26.135 		-196.053 		33.885
v -66.598 		-17.319 		89.822
v 13.764 		234.59 		93.235
v -79.696 		-27.388 		90.678
v 77.152 		-123.544 		29.303
v -77.802 		-131.37 		102.338
v 40.103 		121.572 		29.104
v 13.203 		-196.444 		34.417
v -13.912 		209.233 		53.247
v -8.401 		212.339 		53.406
v 13.443 		234.596 		93.235
v 78.204 		-122.91 		29.076
v 13.574 		-195.244 		33.13
v -76.309 		-136.979 		103.846
v 13.764 		235.032 		92.658
v -66.598 		-17.35 		87.299
v 13.764 		234.032 		92.621
v 77.388 		-126.242 		29.514
v 4.324 		231.197 		97.695
v -13.996 		197.397 		51.272
v -8.401 		199.591 		51.403
v -81.62 		-136.979 		103.846
v -81.7 		-137.423 		103.182
v 42.011 		116.937 		22.557
v 63.009 		-134.141 		30.906
v 42.011 		119.162 		23.329
v 60.647 		-136.953 		30.489
v 12.603 		235.053 		92.659
v 63.009 		-137.702 		31.889
v -68.37 		-20.669 		85.001
v 2.367 		232.646 		95.846
v 42.011 		119.804 		23.544
v -8.401 		199.591 		53.7851
v 77.719 		-125.411 		29.359
v 0.001 		233.116 		95.247
v 1.11 		233.018 		95.371
v -75.975 		-30.799 		85.807
v 10.083 		235.082 		92.66
v 63.009 		-131.964 		30.351
v 77.596 		-123.823 		29.584
v 1.636 		232.902 		95.52
v -32.764 		212.077 		56.5756
v -84.677 		-23.603 		90.963
v -84.749 		-22.007 		90.383
v -20.176 		210.152 		53.79
v 42.011 		121.618 		24.18
v 3.758 		231.798 		96.928
v -76.074 		-138.731 		103.319
v 81.149 		-129.565 		30.973
v 59.277 		-132.196 		28.62
v 80.914 		-129.565 		29.309
v 63.784 		107.587 		24.708
v -89.874 		-23.603 		90.963
v 65.087 		-137.591 		27.084
v -32.764 		212.077 		54.87
v 3.026 		232.324 		96.256
v -81.668 		-137.558 		103.194
v 63.964 		-131.42 		24.952
v -32.764 		199.591 		53.7851
v 62.561 		109.125 		30.946
v -16.933 		200.134 		51.863
v 54.092 		112.718 		29.712
v 60.886 		112.086 		31.235
v -32.764 		199.591 		52.421
v -83.382 		-26.561 		96.607
v -32.493 		197.397 		51.978
v -83.388 		-26.2 		96.531
v -21.249 		197.397 		51.534
v -83.425 		-25.762 		96.318
v 51.711 		-133.11 		25.317
v 76.103 		-129.607 		30.357
v 13.964 		237.608 		83.928
v -83.614 		-25.112 		95.468
v -80.766 		-141.184 		103.676
v -83.473 		-25.481 		96.085
v 64.014 		-145.997 		29.107
v 15.693 		242.958 		85.907
v 50.31 		-143.194 		26.997
v 57.925 		-142.19 		30.604
v -79.898 		-144.502 		104.101
v 12.206 		241.129 		73.165
v 26.138 		240.244 		69.874
v 59.991 		110.211 		24.491
v 77.001 		-129.608 		31.56
v 50.46 		99.65 		19.418
v -88.814 		-25.112 		95.468
v 12.896 		235.492 		69.691
v -79.679 		-146.508 		99.279
v -7.225 		217.177 		49.016
v 24.651 		234.687 		66.208
v -88.585 		-26.561 		96.607
v 56.666 		108.21 		23.171
v 56.699 		-146.907 		25.506
v 0.001 		235.134 		92.664
v -88.715 		-25.328 		95.896
v -76.124 		-140.298 		98.443
v -88.595 		-26.083 		96.494
v -7.251 		200.347 		46.355
v -8.739 		196.7979 		45.8072
v -10.4487 		196.798 		45.8072
v -10.417 		196.809 		45.904
v -12.598 		196.818 		45.991
v 48.167 		104.035 		25.993
v -12.598 		196.7971 		45.8071
v 52.277 		-139.01 		21.186
v -91.116 		-141.344 		103.724
v 52.773 		-134.708 		20.493
v 6.593 		238.049 		85.907
v 0.001 		238.091 		85.907
v -91.126 		-142.062 		98.734
v 40.009 		-76.992 		35.999
v 45.007 		-76.992 		35.999
v 24.59 		224.525 		92.271
v 40.103 		108.472 		25.093
v 63.009 		-130.99 		46.998
v -16.163 		197.397 		46.225
v -92.863 		-133.845 		102.739
v 62.26 		-70.428 		24.086
v 62.205 		-70.426 		24.086
v 58.668 		-70.741 		22.929
v 49.471 		-131.938 		24.086
v -13.884 		209.097 		48.108
v -90.161 		-145.573 		101.719
v 41.778 		100.085 		23.364
v 51.744 		-143.29 		21.954
v 13.764 		218.016 		92.026
v -13.779 		212.687 		48.711
v 10.083 		218.016 		92.029
v 45.721 		111.375 		21.554
v 2.624 		217.083 		91.994
v 1.62 		217.387 		92.006
v -85.473 		-28.353 		85.784
v 0.585 		217.559 		92.013
v 3.263 		216.793 		91.982
v 42.011 		104.024 		18.51
v -25.264 		210.464 		48.993
v 4.44 		216.035 		91.952
v -69.992 		-153.858 		112.494
v -25.68 		197.397 		46.578
v 43.202 		-135.51 		24.086
v 37.237 		-71.174 		16.734
v -90.604 		-32.763 		86.196
v 4.967 		215.573 		91.934
v 37.705 		-71.445 		16.869
v -31.705 		206.522 		48.686
v 5.447 		215.061 		91.914
v -30.877 		204.184 		48.148
v 49.086 		-135.046 		18.909
v -32.624 		205.168 		48.521
v 40.009 		-69.99 		17.417
v 6.056 		214.21 		91.879
v 20.12 		202.111 		91.376
v 6.551 		213.285 		91.841
v 25.252 		211.176 		91.742
v -74.056 		-163.547 		106.508
v -73.438 		-160.665 		112.357
v -85.648 		-9.9 		79.414
v -73.976 		-163.783 		106.534
v 37.751 		-72.869 		16.949
v 38.008 		-72.167 		16.984
v 26.314 		128.48 		28.969
v 37.689 		-72.941 		16.936
v 30.475 		127.37 		29.273
v -90.783 		-13.381 		79.505
v 37.205 		-73.198 		16.819
v 44.105 		-143.83 		24.086
v -73.135 		-149.561 		104.719
v -40.676 		238.409 		62.051
v -71.514 		-154.087 		105.29
v -46.789 		237.893 		62.051
v -89.362 		-8.287 		66.956
v 44.879 		-139.693 		17.91
v 25.077 		211.42 		96.597
v -34.653 		238.775 		62.051
v -68.254 		-155.612 		105.472
v 26.644 		130.889 		25.317
v 2.443 		217.151 		89.267
v 0.001 		217.582 		89.267
v 1.241 		217.474 		89.267
v 31.925 		127.322 		24.588
v 37.914 		-71.743 		16.938
v 24.745 		211.689 		91.764
v 44.337 		-144.011 		18.535
v -71.702 		-154.288 		105.316
v 31.925 		130.666 		25.956
v -85.936 		-26.025 		79.91
v 6.185 		214.012 		89.267
v 5.471 		215.032 		89.267
v 4.73 		213.173 		89.267
v -85.134 		-22.903 		72.036
v 4.184 		213.952 		89.267
v -33.312 		229.9 		59.464
v 40.367 		-142.621 		24.086
v -72.416 		-153.398 		100.126
v 30.475 		123.987 		28.001
v 24.575 		211.86 		91.771
v -73.246 		-150.657 		99.78
v -40.103 		233.487 		63.063
v -90.005 		-22.233 		70.136
v 33.35 		-139.538 		20.377
v -90.396 		-23.772 		73.97
v 36.323 		-139.332 		21.632
v 3.572 		216.625 		89.267
v -90.965 		-23.992 		79.82
v 1.868 		215.573 		89.267
v 2.731 		215.171 		89.267
v 0.949 		215.819 		89.267
v -33.813 		233.874 		63.125
v 3.511 		214.625 		89.267
v 0.001 		215.902 		89.267
v 35.797 		-143.745 		22.11
v 16.384 		199.591 		85.907
v -84.798 		-32.225 		66.278
v 40.613 		-144.328 		16.865
v 7.026 		209.162 		91.673
v -77.921 		-151.51 		104.994
v -78.099 		-150.906 		104.917
v 4.73 		213.173 		85.907
v 4.184 		213.952 		85.907
v 7.141 		210.559 		91.73
v 7.095 		211.26 		91.759
v 61.599 		-150.393 		29.325
v -77.7 		-152.249 		105.093
v 36.768 		-71.171 		16.611
v 36.408 		-71.31 		16.526
v 2.731 		215.171 		85.907
v 1.868 		215.573 		85.907
v 0.949 		215.819 		85.907
v 3.511 		214.625 		85.907
v 36.107 		-71.585 		16.462
v -38.133 		232.861 		60.526
v -99.916 		-18.606 		90.423
v 0.001 		215.902 		85.907
v 54.31 		-152.438 		32.064
v -35.847 		232.97 		60.515
v -99.485 		-4.392 		89.547
v 20.351 		127.537 		27.558
v 51.052 		-148.043 		28.775
v 6.98 		211.952 		91.788
v 6.753 		208.147 		91.632
v -77.171 		-154 		105.311
v -99.997 		-18.601 		85.372
v -45.366 		232.393 		60.545
v 23.076 		130.305 		24.589
v 6.35 		207.176 		91.592
v 6 		206.57 		91.567
v 5.131 		205.476 		91.521
v 4.619 		204.997 		91.502
v 50.223 		-153.02 		29.978
v -46.309 		232.959 		63.012
v -77.231 		-154.877 		100.337
v 35.924 		-72.297 		16.444
v 36.722 		-73.196 		16.688
v -66.832 		-33.339 		90.971
v 30.475 		116.01 		25.133
v 35.969 		-71.916 		16.44
v 36.123 		-72.779 		16.513
v -66.88 		-42.224 		89.163
v -34.453 		237.047 		56.548
v 30.475 		120.629 		26.783
v -44.229 		236.581 		56.535
v 52.81 		-160.535 		28.254
v -66.833 		-33.339 		88.443
v -38.577 		236.887 		56.544
v 36.409 		-73.07 		16.599
v 57.131 		-156.132 		28.975
v -70.084 		-160.618 		101.038
v 30.475 		119.297 		26.255
v 49.585 		-156.66 		30.972
v -84.924 		-38.201 		92.232
v 28.171 		119.812 		25.948
v 26.148 		122.509 		26.556
v -90.186 		-33.056 		91.267
v 50.574 		-151.766 		23.753
v -51.153 		237.387 		62.051
v -53.842 		231.969 		63.036
v 48.897 		-162.331 		26.671
v 19.481 		129.724 		23.858
v -85.097 		-38.519 		91.608
v -76.025 		-157.658 		105.763
v -49.572 		232.592 		62.997
v 47.988 		-148.451 		27.274
v 40.009 		-76.992 		17.758
v 7.087 		209.823 		89.267
v 43.423 		-157.528 		27.747
v 2.841 		203.894 		91.456
v 3.469 		204.202 		91.469
v 7.033 		211.683 		89.267
v -56.887 		236.421 		62.051
v 27.566 		123.744 		22.421
v 1.507 		203.465 		91.438
v -74.85 		-162.236 		101.259
v 8.402 		199.591 		88.752
v 8.402 		199.591 		85.907
v 14.749 		202.111 		88.86
v 24.899 		123.344 		21.811
v 8.402 		202.044 		88.855
v 0.118 		203.305 		91.431
v -49.975 		231.939 		60.539
v -83.57 		-45.575 		98.251
v -86.331 		-158.478 		105.902
v -57.157 		230.746 		60.498
v 8.402 		202.044 		85.907
v 43.761 		-148.306 		19.243
v -54.756 		231.238 		60.519
v 45.007 		-76.992 		19.209
v -86.577 		-158.395 		100.813
v 43.151 		-152.573 		20.047
v -88.574 		-151.662 		99.966
v 76.806 		191.228 		112.467
v 27.393 		117.86 		19.986
v 76.099 		196.074 		112.467
v 71.721 		189.876 		112.467
v -88.428 		-151.453 		105.021
v 31.925 		116.007 		20.216
v 71.369 		192.365 		112.467
v 29.513 		115.203 		19.373
v 31.925 		119.316 		21.443
v -88.861 		-150.401 		102.33
v -90.38 		-49.036 		92.569
v 38.328 		-155.024 		24.086
v -62.43 		229.766 		63.957
v 6.711 		212.885 		89.267
v 64.785 		-88.517 		24.086
v 40.296 		-151.396 		24.086
v -90.38 		-49.062 		92.573
v 5.379 		209.495 		89.267
v -58.577 		231.068 		63.87
v 5.132 		212.31 		89.267
v 5.379 		211.391 		89.267
v 57.888 		-88.701 		24.086
v 5.462 		210.443 		89.267
v 31.925 		114.694 		19.684
v 36.512 		-151.613 		24.086
v 38.212 		-147.89 		24.086
v -88.787 		-45.99 		98.287
v -90.218 		-48.267 		93.107
v 35.237 		-148.138 		22.663
v -67.137 		-170.502 		124.201
v -68.809 		-166.198 		123.576
v 4.73 		207.713 		89.267
v 31.925 		122.649 		22.729
v 4.184 		206.933 		89.267
v 5.132 		208.576 		89.267
v 40.032 		-148.643 		17.492
v 36.299 		-153.206 		16.713
v 6.185 		206.873 		89.267
v 6.711 		208.001 		89.267
v -60.282 		230.403 		62.989
v 77.822 		182.417 		112.467
v 39.419 		-152.933 		18.217
v -69.378 		-166.266 		121.225
v 17.601 		121.266 		24.378
v 5.471 		205.854 		89.267
v -60.199 		235.611 		62.051
v -85.757 		-46.567 		86.705
v 46.317 		-92.525 		20.55
v -67.406 		-174.688 		117.142
v 78.678 		193.762 		104.403
v 78.627 		194.562 		104.253
v -85.638 		-38.727 		86.578
v -62.441 		234.887 		62.051
v 78.634 		196.292 		103.474
v 3.511 		206.261 		89.267
v 2.731 		205.715 		89.267
v 1.868 		205.312 		89.267
v 24.267 		116.269 		23.795
v 0.949 		205.066 		89.267
v 0.001 		204.983 		89.267
v 46.603 		-84.483 		20.085
v 46.052 		-157.531 		23.173
v -91.187 		-40.912 		86.825
v 35.47 		-158.642 		17.713
v 5.379 		209.495 		85.907
v 38.594 		-158.342 		19.306
v 21.379 		118.851 		24.152
v -60.885 		229.647 		60.437
v 5.379 		211.391 		85.907
v 5.132 		212.31 		85.907
v -81.484 		-172.615 		107.705
v 78.797 		192.677 		104.406
v 5.462 		210.443 		85.907
v -78.75 		-179.539 		108.646
v 37.48 		-93.087 		17.905
v -59.427 		230.143 		60.468
v 42.33 		-157.952 		21.234
v 50.781 		-79.707 		13.611
v 51.005 		-67.075 		12.933
v 4.184 		206.933 		85.907
v 4.73 		207.713 		85.907
v 5.132 		208.576 		85.907
v 18.439 		116.635 		17.788
v 0.001 		204.983 		85.907
v 3.511 		206.261 		85.907
v -72.964 		-166.617 		106.904
v 1.868 		205.312 		85.907
v 2.731 		205.715 		85.907
v -59.035 		235.296 		59.141
v 0.949 		205.066 		85.907
v -59.992 		235.152 		59.644
v -90.689 		-38.61 		86.65
v 79.528 		189.351 		102.841
v 79.343 		189.959 		103.355
v -64.286 		234.033 		61.428
v 79.062 		191.114 		104.016
v -62.134 		234.483 		59.579
v 15.172 		126.734 		26.346
v 41.462 		-163.26 		22.635
v 44.187 		-70.668 		11.29
v 12.002 		126.249 		25.615
v 1.241 		203.412 		89.267
v 12.002 		125.459 		25.273
v 4.082 		204.617 		89.267
v -64.431 		233.26 		58.301
v 33.563 		-157.791 		24.086
v 38.008 		-72.094 		15.686
v 2.443 		203.735 		89.267
v 37.705 		-72.924 		15.686
v 78.92 		191.881 		104.262
v -71.765 		-169.85 		107.322
v 37.914 		-71.743 		15.686
v 37.705 		-71.445 		15.686
v 37.237 		-71.174 		15.686
v 12.21 		128.568 		22.389
v -50.704 		236.035 		56.51
v -69.66 		-175.172 		108.049
v -66.716 		-59.772 		90.771
v 36.875 		-71.143 		15.686
v -66.714 		-59.678 		93.297
v -3.757 		232.945 		103.647
v -4.324 		233.544 		102.879
v 34.937 		-140.421 		13.752
v -66.843 		-50.86 		92.456
v -62.169 		233.685 		56.348
v -68.446 		-178.057 		108.466
v 38.053 		-140.218 		15.017
v 74.393 		189.126 		102.602
v -2.364 		232.103 		104.73
v -3.024 		232.422 		104.319
v 41.675 		-135.644 		15.833
v 37.237 		-73.195 		15.686
v 38.573 		-135.858 		14.597
v -63.709 		233.058 		56.293
v -69.461 		-54.65 		92.827
v -69.609 		-175.296 		108.067
v 74.012 		190.351 		103.626
v -75.159 		-63.724 		93.766
v -69.575 		-175.377 		108.078
v -54.927 		235.48 		56.479
v -52.542 		229.884 		54.846
v 39.059 		-131.488 		14.223
v -58.704 		234.729 		56.43
v -79.707 		-63.721 		93.807
v 73.841 		191.066 		103.996
v 36.107 		-71.585 		15.686
v -1.369 		231.792 		105.129
v -67.535 		-167.768 		101.969
v -0.559 		231.663 		105.295
v 34.094 		-131.773 		12.407
v 36.365 		-71.328 		15.686
v 11.656 		121.412 		18.832
v -90.278 		-63.304 		93.903
v -79.557 		-178.214 		103.374
v 15.895 		122.023 		19.774
v 35.923 		-72.276 		15.686
v 37.501 		-144.567 		15.5
v -84.983 		-57.483 		93.909
v -70.102 		-175.009 		102.94
v 36.694 		-73.195 		15.686
v -73.567 		-165.927 		101.729
v -90.343 		-59.146 		93.492
v 79.722 		188.835 		102.236
v -85.156 		-57.716 		93.28
v -84.876 		-65.498 		94.605
v 36.121 		-72.776 		15.686
v -41.107 		222.793 		57.758
v 12.002 		120.47 		22.989
v -46.054 		220.522 		57.443
v 74.596 		188.64 		101.969
v 12.002 		116.823 		21.511
v 41.161 		-139.992 		16.316
v 35.93 		-72.002 		15.686
v -4.723 		236.941 		98.524
v 36.439 		-73.094 		15.686
v -4.962 		234.871 		101.175
v 33.562 		-153.423 		15.416
v -5.041 		235.565 		100.285
v 73.689 		191.832 		104.256
v -4.723 		234.191 		102.047
v -40.347 		226.364 		58.665
v -4.722 		230.55 		98.521
v -82.079 		-171.684 		102.5
v 73.352 		195.979 		103.674
v 73.348 		195.078 		104.1
v 42.465 		-80.234 		11.324
v 25.436 		113.418 		23.049
v 25.751 		110.433 		22.124
v -84.014 		-165.566 		106.794
v -35.351 		224.907 		52.834
v -84.416 		-165.071 		101.652
v -85.671 		-51.995 		87.739
v -85.728 		-51.995 		87.419
v -42.259 		223.752 		52.85
v -46.828 		221.365 		52.499
v 38.43 		-74.154 		9.976
v 73.441 		193.622 		104.416
v 73.528 		192.878 		104.416
v 25.423 		111.708 		17.201
v 31.925 		111.454 		18.551
v 26.647 		108.899 		16.447
v -4.962 		236.26 		99.395
v 27.608 		-135.437 		17.643
v -4.961 		229.869 		99.392
v -66.375 		-182.711 		109.152
v 55.95 		-85.658 		15.578
v 39.264 		-94.638 		11.258
v 48.521 		-94.085 		13.926
v -90.77 		-56.261 		88.168
v -77.296 		-182.959 		109.137
v 26.553 		-144.332 		18.139
v -67.23 		-180.832 		108.868
v -72.538 		-193.059 		110.682
v -47.201 		214.579 		56.212
v 33.624 		-90.974 		9.544
v 22.951 		-144.49 		16.711
v -90.709 		-62.192 		88.735
v 22.661 		107.006 		20.28
v -91.198 		-39.864 		80.5
v -2.517 		223.895 		107.049
v 32.037 		-152.73 		22.026
v -47.532 		217.917 		51.778
v 28.674 		-148.613 		19.646
v 22.397 		114.254 		17.561
v -90.277 		-48.997 		69.407
v 23.277 		-148.898 		17.322
v -0.833 		225.303 		105.249
v 28.434 		-66.387 		14.33
v 21.769 		-153.37 		17.268
v -76.833 		-184.654 		104.289
v -4.324 		227.152 		102.876
v 18.122 		100.341 		17.243
v -1.635 		225.455 		105.054
v 16.656 		106.263 		18.578
v 79.988 		188.288 		101.334
v -73.88 		-191.008 		105.253
v -3.759 		226.553 		103.645
v -63.736 		228.304 		60.331
v 80.388 		187.817 		99.825
v -60.106 		228.102 		60.015
v -85.611 		-51.995 		73.997
v 80.19 		187.992 		100.599
v -3.219 		226.154 		104.156
v -2.598 		225.804 		104.605
v -60.214 		221.517 		58.569
v 80.641 		187.754 		98.769
v -67.848 		-180.348 		103.7
v 29.788 		-68.322 		7.65
v -86.237 		-51.995 		81.165
v -86.241 		-50.248 		81.061
v -53.459 		229.085 		59.886
v 27.295 		-81.017 		7.546
v 30.475 		102.469 		20.997
v 28.975 		-152.96 		20.555
v -71.384 		-194.285 		105.774
v -65.686 		-185.165 		104.429
v -62.487 		228.972 		60.388
v -65.631 		-185.165 		104.429
v -91.308 		-53.445 		81.219
v 26.656 		101.363 		19.696
v 30.475 		101.824 		20.813
v 25.381 		-153.188 		18.88
v -85.454 		-63.359 		73.997
v -59.438 		225.545 		59.377
v 32.096 		-89.371 		16.207
v -91.271 		-62.357 		81.751
v 18.68 		103.471 		18.236
v 31.506 		-161.736 		24.086
v -90.961 		-60.682 		78.057
v 12.002 		104.847 		27.999
v 30.869 		-158.301 		22.743
v 16.642 		-94.042 		12.432
v -75.724 		-142.002 		97.981
v -64.933 		227.495 		60.252
v 75.463 		187.751 		98.697
v 14.295 		111.967 		19.981
v 12.002 		109.965 		18.797
v 75.316 		187.755 		99.316
v 74.801 		188.253 		101.274
v 75.007 		187.971 		100.529
v 12.002 		112.448 		19.739
v -55.519 		220.347 		57.968
v 27.277 		-158.593 		20.911
v 23.675 		-158.836 		19.128
v 12.364 		102.699 		16.487
v 12.002 		102.833 		16.449
v -80.45 		-146.542 		87.454
v 17.436 		-95.579 		5.734
v -53.946 		224.468 		53.603
v -77.856 		-136.292 		87.094
v -76.276 		-139.341 		82.706
v -100.348 		-37.626 		91.798
v -100.428 		-37.612 		86.742
v -5.041 		229.175 		100.281
v 20.535 		-161.777 		18.202
v 20.051 		-159.031 		17.404
v -4.963 		228.48 		101.172
v 10.884 		115.623 		15.982
v -76.348 		-142.272 		87.529
v -100.337 		-64.662 		94.189
v -62.244 		213.168 		57.154
v -100.459 		-48.537 		92.695
v 23.741 		102.579 		13.654
v 19.57 		99.095 		11.592
v -52.988 		214.055 		56.501
v -4.725 		227.8 		102.044
v -82.36 		-136.088 		97.915
v -82.311 		-139.375 		86.968
v -62.01 		221.349 		53.533
v 31.925 		101.22 		15.247
v 75.299 		185.915 		99.992
v 26.978 		105.957 		15.514
v -92.911 		-134.421 		97.733
v -100.464 		-61.977 		88.864
v 20.901 		-131.246 		15.057
v 17.45 		101.847 		11.936
v -1.834 		251.438 		88.14
v -100.54 		-48.515 		87.635
v 63.276 		-111.359 		26.378
v -2.366 		239.041 		95.846
v -1.635 		239.296 		95.52
v -83.473 		-134.555 		86.638
v -33.034 		212.178 		49.754
v 14.976 		107.469 		13.353
v -0.834 		239.45 		95.325
v -60.458 		-126.86 		101.589
v -3.218 		238.592 		96.417
v -59.707 		-130.637 		99.553
v 52.849 		-100.054 		23.381
v -63.841 		-104.788 		98.617
v -62.81 		-112.781 		99.685
v -4.323 		237.591 		97.694
v -3.757 		238.191 		96.927
v 61.313 		-99.911 		24.086
v 49.404 		-100.327 		22.199
v 12.002 		102.225 		16.277
v -61.408 		-121.711 		98.348
v -61.882 		-118.841 		100.503
v 24.045 		-145.301 		10.052
v 21.197 		-145.394 		9.014
v 12.954 		98.335 		9.827
v 64.331 		-100.752 		19.896
v -35.687 		207.109 		49.549
v -78.758 		-152.523 		87.858
v 73.417 		173.578 		112.467
v -36.085 		207.41 		49.549
v -69.907 		-160.68 		84.301
v -36.541 		207.583 		49.549
v -70.802 		-161.009 		88.884
v 19.878 		-140.153 		15.238
v 55.364 		-101.504 		16.781
v 79.017 		167.711 		112.467
v 78.333 		176.799 		112.467
v -74.293 		-149.704 		88.066
v 20.233 		-144.583 		15.682
v -72.015 		-157.255 		88.611
v -35.211 		205.409 		49.549
v 55.495 		97.015 		26.381
v 63.644 		96.417 		28.499
v 20.825 		-141.027 		8.566
v -35.315 		206.432 		49.549
v -35.401 		206.708 		49.549
v 52.428 		-108.203 		24.086
v -35.185 		206.041 		49.549
v -2.58 		241.359 		92.869
v -57.286 		-129.859 		99.432
v -58.872 		-121.542 		98.307
v 58.035 		-109.682 		24.086
v 27.818 		-145.146 		11.494
v -76.792 		-158.966 		88.292
v 59.685 		-106.515 		24.289
v -5.16 		241.35 		90.979
v -63.377 		-80.786 		93.039
v 58.137 		92.732 		19.81
v 62.154 		-108.819 		20.105
v 76.219 		174.126 		99.476
v 51.312 		90.384 		17.519
v -63.844 		-71.334 		91.964
v 58.549 		-109.136 		18.78
v -80.467 		-140.904 		78.939
v -76.14 		-135.236 		75.784
v -36.922 		207.637 		49.549
v 52.777 		93.686 		18.61
v -38.27 		207.074 		49.549
v -63.377 		-80.786 		90.501
v 16.694 		-140.02 		7.196
v -64.013 		-66.084 		88.874
v -64.013 		-66.123 		89.997
v -37.559 		207.537 		49.549
v -63.843 		-71.335 		89.428
v -79.553 		-139.335 		71.58
v -77.73 		-144.521 		70.119
v 55.315 		84.532 		17.445
v 40.783 		-104.943 		19.697
v 37.052 		-101.146 		18.263
v -64.013 		-67.993 		89.079
v -38.505 		206.76 		49.549
v -38.712 		206.282 		49.549
v -80.458 		-134.18 		68.73
v 54.41 		86.235 		24.086
v -38.576 		205.032 		49.549
v 59.13 		86.235 		24.086
v -38.71 		205.38 		49.549
v 75.188 		141.435 		112.467
v 74.103 		163.827 		112.467
v 74.798 		150.972 		112.467
v 62.396 		-121.804 		27.818
v -38.761 		205.912 		49.549
v 56.481 		82.687 		24.086
v 13.837 		-141.936 		13.337
v 80.597 		133.374 		112.467
v 79.978 		150.002 		112.467
v 79.567 		158.476 		112.467
v -0.559 		233.092 		95.279
v -71.429 		-151.721 		77.024
v 64.245 		-130.99 		30.699
v -69.666 		-151.367 		68.283
v -41.166 		212.077 		55.331
v -67.457 		-157.252 		68.162
v 14.787 		-144.704 		13.774
v -65.237 		-67.993 		89.132
v -3.755 		231.801 		96.924
v 63.009 		-130.99 		30.171
v -2.129 		232.745 		95.72
v -1.37 		232.961 		95.445
v -68.394 		-154.918 		68.374
v 80.951 		163.178 		104.368
v -62.04 		-97.96 		95.168
v -62.022 		-98.146 		92.649
v -2.595 		232.551 		95.967
v -3.021 		232.326 		96.254
v 35.395 		86.734 		18.915
v -62.786 		-89.485 		91.552
v 15.491 		-145.513 		7.088
v -62.798 		-89.338 		94.075
v -41.166 		212.077 		56.5756
v -67.48 		-163.421 		78.268
v 65.265 		-116.361 		22.5
v 59.507 		-121.215 		20.924
v 92.258 		192.383 		90.727
v 92.953 		181.993 		90.366
v 30.039 		-149.366 		13.014
v 43.767 		95.758 		16.765
v 26.589 		-153.874 		12.241
v -65.37 		-88.763 		96.557
v -65.372 		-88.722 		94.012
v -76.024 		-152.504 		74.351
v 50.735 		-117.651 		16.928
v -64.689 		-96.774 		97.571
v 82.193 		191.753 		90.736
v 50.376 		-122.011 		17.361
v -64.694 		-96.723 		95.023
v 30.355 		-153.649 		13.931
v 58.027 		-117.046 		19.658
v 62.632 		80.814 		24.086
v 64.866 		78.703 		24.364
v 61.652 		-116.714 		21.067
v -66.277 		-173.534 		89.832
v -68.288 		-165.179 		84.478
v 19.653 		-149.033 		15.857
v -37.291 		204.061 		49.549
v 19.043 		-153.478 		16.1
v -4.32 		231.202 		97.691
v -37.848 		204.258 		49.549
v -38.277 		204.601 		49.549
v 92.819 		184.244 		85.399
v 92.058 		194.888 		85.773
v -36.917 		204.033 		49.549
v -73.872 		-167.72 		88.89
v -36.059 		204.279 		49.549
v 16.924 		-149.106 		14.817
v -35.724 		204.527 		49.549
v -54.011 		-67.993 		73.997
v -36.498 		204.09 		49.549
v -54.011 		-67.993 		79.995
v -67.74 		-169.727 		89.537
v 83.353 		180.385 		85.278
v 65.11 		69.658 		17.868
v 60.912 		73.474 		24.086
v -60.119 		-65.655 		79.995
v -71.418 		-174.349 		89.355
v -59.651 		-65.885 		79.995
v -58.367 		-65.885 		79.995
v -58.878 		-65.987 		79.995
v 64.589 		-124.991 		23.82
v 52.512 		67.77 		21.029
v -57.899 		-65.655 		79.995
v -70.091 		-174.759 		84.821
v 52.231 		72.571 		21.493
v 17.087 		-154.236 		8.315
v 52.792 		-123.824 		24.086
v -45.316 		197.397 		52.702
v 19.95 		-154.16 		9.437
v -41.166 		199.591 		52.863
v 83.462 		181.846 		82.836
v -46.672 		197.397 		52.792
v 20.588 		-149.78 		9.19
v 82.529 		192.603 		85.723
v -72.646 		-194.306 		90.774
v 45.443 		74.278 		19.831
v -66.818 		-185.165 		90.143
v 24.387 		-149.647 		10.669
v 48.283 		81.787 		21.641
v -64.013 		-67.993 		79.995
v -41.166 		199.591 		53.7851
v -2.285 		243.18 		85.907
v -6.751 		242.6242 		82.667
v -6.458 		242.6504 		82.812
v -60.119 		-65.655 		73.997
v -6.148 		242.6707 		82.917
v -58.944 		-65.983 		73.997
v -58.367 		-65.885 		73.997
v 76.109 		188.965 		95.546
v 47.98 		-122.112 		24.086
v -5.827 		242.6849 		82.981
v 43.237 		88.304 		14.976
v -57.899 		-65.655 		73.997
v 75.969 		188.431 		96.321
v -5.5 		242.6927 		83.003
v 35.548 		-117.322 		18.926
v -59.651 		-65.885 		73.997
v -5.173 		242.6939 		82.981
v -4.852 		242.6886 		82.917
v 37.081 		82.599 		12.277
v -4.542 		242.6769 		82.812
v -4.249 		242.6588 		82.667
v 48.087 		-120.859 		23.954
v 44.931 		-116.709 		22.221
v 76.22 		189.615 		94.858
v -68.396 		-181.672 		89.884
v 75.807 		196.094 		94.34
v -3.977 		242.6348 		82.485
v -3.73 		242.6054 		82.27
v -61.665 		203.715 		55.383
v -3.515 		242.5708 		82.023
v -6.751 		237.5406 		82.667
v -6.458 		237.5652 		82.812
v -61.068 		-106.743 		93.775
v -4.249 		237.5596 		82.667
v 22.806 		-154.054 		10.614
v -53.16 		203.165 		54.427
v -3.977 		237.5336 		82.485
v 41.421 		-116.959 		20.953
v -3.73 		237.5024 		82.27
v -3.515 		237.466 		82.023
v 33.89 		70.689 		16.342
v -6.148 		237.5837 		82.917
v -72.332 		-166.35 		80.117
v -5.827 		237.596 		82.981
v 81.441 		189.911 		94.626
v 21.006 		-159.634 		10.752
v 17.181 		-159.773 		9.084
v -5.5 		237.6019 		83.003
v -5.173 		237.601 		82.981
v -4.852 		237.5935 		82.917
v 50.583 		77.723 		15.027
v -4.542 		237.5797 		82.812
v -60.21 		-113.127 		94.628
v 54.716 		68.64 		14.877
v -52.709 		207.408 		55.192
v 21.512 		-162.339 		11.557
v 24.802 		-159.442 		12.492
v -58.42 		-124.128 		96.112
v -60.211 		-113.091 		97.167
v 81.175 		188.489 		96.232
v 33.747 		71.316 		9.759
v 81.296 		188.939 		95.562
v 47.606 		70.322 		13.201
v -11.97 		-210.356 		114.793
v -49.403 		197.397 		53.016
v -8.469 		-211.713 		115.066
v 80.923 		196.47 		94.606
v 35.503 		66.784 		9.68
v 28.575 		-159.202 		14.29
v -61.083 		-106.612 		96.301
v 45.86 		-131.011 		16.855
v -52.763 		211.102 		50.758
v -61.103 		201.239 		49.71
v 16.399 		-159.172 		15.751
v 46.881 		-125.348 		24.086
v -11.391 		-227.867 		129.692
v 32.338 		-158.914 		16.139
v 23.835 		94.831 		17.401
v 34.761 		-126.217 		19.425
v 40.666 		-125.835 		21.629
v 40.24 		-130.267 		22.013
v -35.67 		207.093 		48.875
v 29.701 		86.098 		17.29
v -36.545 		207.584 		49.018
v 37.284 		-130.475 		20.845
v -63.846 		-104.756 		96.072
v 81.053 		196.352 		94.119
v 17.73 		-149.852 		8.141
v 76.266 		193.102 		93.514
v 75.931 		195.545 		94.04
v 30.475 		95.606 		19.327
v -62.811 		-112.782 		97.143
v 76.208 		193.736 		93.539
v 40.944 		-110.389 		12.824
v -6.148 		241.9336 		78.083
v -6.458 		241.9453 		78.188
v -6.751 		241.9634 		78.333
v -35.338 		205.053 		48.46
v -27.408 		-218.49 		130.621
v -29.789 		-216.539 		130.621
v 76.087 		194.661 		93.72
v -5.827 		241.9283 		78.019
v -5.5 		241.9296 		77.998
v -4.249 		241.998 		78.333
v 8.123 		-149.196 		11.829
v -4.542 		241.9718 		78.188
v -4.852 		241.9515 		78.083
v 16.309 		-153.554 		14.989
v -5.173 		241.9373 		78.019
v -3.333 		242.5318 		81.751
v -3.188 		242.4891 		81.458
v 36.416 		-127.291 		12.792
v -3.083 		242.4433 		81.148
v -3.019 		242.3953 		80.827
v 37.241 		-118.523 		12.288
v 34.31 		-125.219 		11.878
v -2.998 		242.3457 		80.5
v 20.131 		97.498 		17.049
v -3.019 		242.2955 		80.173
v -3.083 		242.2457 		79.852
v -3.188 		242.197 		79.542
v -76.739 		-96.213 		121.172
v -3.333 		242.1503 		79.249
v -3.515 		242.1063 		78.977
v -3.73 		242.0657 		78.73
v -3.977 		242.0295 		78.515
v 23.553 		97.903 		18.026
v -77.771 		-82.274 		119.515
v 81.454 		193.204 		93.513
v 81.185 		195.315 		93.937
v -31.063 		-223.047 		129.134
v 12.002 		96.99 		27.999
v -6.148 		236.8417 		78.083
v 81.345 		194.284 		93.62
v -6.458 		236.8562 		78.188
v -6.751 		236.877 		78.333
v -34.33 		205.742 		48.938
v 14.199 		-149.158 		13.827
v 32.213 		75.287 		16.42
v -5.5 		236.8318 		77.998
v -5.827 		236.8334 		78.019
v -5.1933 		236.8362 		78.0177
v -83.141 		-72.357 		119.747
v 12.756 		-159.256 		14.204
v 12.327 		-162.071 		14.432
v -4.249 		236.892 		78.333
v -4.542 		236.8674 		78.188
v 43.393 		-118.166 		14.332
v 31.925 		97.473 		14.191
v 31.925 		98.108 		14.377
v -4.852 		236.8489 		78.083
v -81.986 		-91.649 		121.938
v -5.173 		236.8366 		78.019
v 27.925 		97.018 		13.065
v -3.333 		237.4255 		81.751
v -82.755 		-80.406 		120.631
v -3.188 		237.3814 		81.458
v 76.1 		194.914 		93.567
v -37.556 		207.537 		49.064
v -38.071 		207.235 		49.032
v -26.605 		-228.728 		123.669
v -3.083 		237.3345 		81.148
v -3.019 		237.2855 		80.827
v -2.998 		237.2353 		80.5
v 38.815 		-102.58 		11.619
v -3.019 		237.1848 		80.173
v -3.083 		237.1348 		79.852
v -3.188 		237.0863 		79.542
v -38.526 		206.729 		48.959
v -3.333 		237.04 		79.249
v -3.515 		236.9968 		78.977
v -3.73 		236.9571 		78.73
v -3.977 		236.9221 		78.515
v 9.263 		-162.106 		13.173
v -36.942 		207.64 		49.05
v -31.967 		-218.781 		121.329
v 24.674 		93.607 		11.38
v 31.925 		91.343 		12.692
v 32.751 		-124.113 		18.519
v 9.694 		-159.287 		12.995
v 24.97 		90.579 		10.75
v 27.198 		-131.024 		17.132
v 32.545 		-130.764 		19.044
v 81.495 		190.591 		94.178
v 81.516 		191.338 		93.849
v 81.511 		192.121 		93.621
v -38.581 		205.042 		48.632
v 18.98 		91.148 		15.414
v -21.275 		-228.343 		117.773
v 24.159 		-103.228 		7.658
v 8.51 		-149.94 		5.125
v -83.228 		-72.111 		100.546
v -38.718 		205.41 		48.712
v 18.986 		96.011 		10.59
v 14.875 		-149.902 		7.142
v -38.764 		205.89 		48.807
v 21.089 		93.208 		10.393
v 76.308 		190.659 		94.142
v -83.315 		-73.302 		100.198
v -83.248 		-72.803 		100.453
v 26.143 		-113.742 		15.742
v 76.314 		192.156 		93.624
v 23.061 		-101.803 		14.338
v 76.325 		191.238 		93.879
v -83.225 		-72.376 		100.55
v 13.364 		-159.857 		7.523
v 10.157 		-159.887 		6.302
v 15.453 		-110.075 		12.656
v 77.189 		189.455 		90.668
v -83.359 		-73.486 		100.03
v -36.457 		204.1 		48.334
v 9.704 		-162.665 		6.481
v -35.761 		204.489 		48.373
v 12.915 		-162.63 		7.753
v -88.458 		-72.123 		100.548
v 16.188 		-111.381 		5.959
v 19.514 		84.944 		14.503
v -88.483 		-72.889 		100.434
v -88.457 		-72.399 		100.546
v -24.791 		-226.259 		117.339
v 28.691 		-121.095 		9.788
v -26.639 		-222.813 		122.122
v -88.535 		-73.248 		100.238
v 19.884 		86.949 		8.744
v -88.588 		-73.476 		100.036
v 27.387 		-114.995 		9.075
v -36.395 		201.334 		47.798
v 66.268 		193.814 		90.885
v -33.865 		204.288 		48.364
v 51.688 		-166.966 		30.497
v 66.983 		193.089 		90.853
v 31.115 		81.972 		10.637
v 47.521 		-170.03 		29.415
v -30.52 		-222.226 		116.506
v 40.528 		-164.935 		29.012
v -0.816 		217.535 		92.012
v -37.839 		204.253 		48.438
v -37.254 		204.053 		48.367
v 67.253 		192.315 		90.821
v -2.183 		217.24 		92
v -5.13 		215.409 		91.927
v 67.066 		191.111 		90.774
v -4.618 		215.889 		91.946
v -27.707 		-224.306 		116.935
v -6.35 		213.709 		91.859
v 66.059 		190.12 		90.738
v 66.72 		190.602 		90.755
v -30.31 		-228.744 		117.614
v 14.301 		-122.542 		12.771
v -5.999 		214.315 		91.883
v -6.639 		213.071 		91.833
v 10.379 		93.224 		13.761
v 13.255 		93.578 		14.492
v -8.058 		-209.195 		109.501
v 33.75 		-175.938 		30.356
v -38.285 		204.61 		48.531
v 53.886 		-192.792 		135.316
v 12.002 		96.99 		14.998
v 45.483 		-196.531 		135.041
v 49.668 		-190.335 		134.06
v 56.564 		-188.346 		134.594
v 58.642 		-184.602 		133.976
v 53.329 		-184.128 		133.064
v 52.242 		-186.056 		133.378
v -83.469 		-73.769 		99.627
v 34.835 		-179.051 		26.186
v -88.699 		-73.769 		99.627
v 43.326 		-173.072 		28.327
v -3.765 		216.499 		91.971
v -15.405 		-205.715 		111.366
v -13.841 		-206.616 		111.546
v -9.022 		-208.844 		111.99
v 11.196 		96.99 		14.788
v -35.386 		197.397 		46.985
v -11.443 		-207.816 		111.785
v 36.803 		-168.93 		22.184
v 37.268 		-166.319 		21.366
v -88.254 		-78.145 		101.015
v 10.254 		95.008 		8.315
v 34.271 		-174.252 		23.135
v -45.539 		197.397 		47.571
v 67.249 		191.7 		90.796
v 36.327 		-171.512 		23.072
v -46.399 		197.397 		47.626
v -87.757 		-83.604 		102.346
v 8.007 		96.99 		14.056
v 7.19 		95.917 		13.627
v -87.638 		-93.234 		101.397
v -65.827 		233.42 		62.051
v 9.766 		83.779 		12.112
v 33.783 		-183.876 		28.644
v 39.559 		-182.512 		31.617
v -69.577 		230.821 		62.051
v -67.659 		231.818 		60.019
v 15.513 		84.475 		13.482
v -9.074 		-211.51 		112.466
v 49.516 		-199.246 		136.366
v -14.494 		-209.114 		114.541
v 51.021 		-197.128 		136.02
v 37.015 		-185.719 		32.185
v -70.88 		229.524 		62.051
v -66.627 		232.661 		60.714
v -1.24 		217.474 		89.267
v -2.442 		217.151 		89.267
v 8.052 		86.698 		12.151
v -65.541 		232.531 		57.663
v -75.961 		-103.934 		122.126
v 10.079 		88.513 		12.867
v -0.948 		215.819 		89.267
v -80.158 		-109.814 		124.128
v -3.51 		214.625 		89.267
v -69.913 		229.899 		59.917
v -2.73 		215.171 		89.267
v -80.997 		-102.553 		123.248
v -1.867 		215.573 		89.267
v 40.904 		-202.386 		135.985
v 29.754 		-175.653 		27.579
v 80.982 		188.045 		97.206
v 80.819 		187.836 		97.976
v 7.533 		91.649 		6.94
v -3.571 		216.625 		89.267
v -11.252 		-210.659 		112.294
v -6.184 		214.012 		89.267
v -5.47 		215.032 		89.267
v -4.591 		215.911 		89.267
v -4.729 		213.173 		89.267
v 46.364 		-203.372 		137.049
v -4.183 		213.952 		89.267
v 28.744 		-170.03 		24.086
v 28.762 		-166.558 		24.086
v 26.721 		-169.674 		24.086
v -13.695 		-209.538 		112.068
v -66.38 		231.594 		56.15
v 13.887 		89.345 		7.813
v 32.145 		-165.212 		24.086
v -0.948 		215.819 		85.907
v -4.729 		213.173 		85.907
v 75.858 		188.158 		96.885
v -3.51 		214.625 		85.907
v -4.183 		213.952 		85.907
v -68.969 		229.454 		55.915
v -2.73 		215.171 		85.907
v -67.53 		230.755 		56.061
v 47.842 		-202.855 		133.913
v 75.67 		187.885 		97.778
v -1.867 		215.573 		85.907
v -15.38 		-208.644 		111.887
v 10.874 		88.996 		7.075
v -82.823 		-101.441 		116.927
v 33.117 		-210.496 		137.386
v 37.033 		-208.6 		132.528
v 31.388 		-166.938 		18.165
v 10.56 		84.351 		6.174
v -6.798 		208.257 		91.636
v -6.24 		206.972 		91.583
v 35.824 		-207.914 		136.927
v -82.316 		-111.122 		115.791
v -5.658 		206.101 		91.547
v -66.614 		231.712 		57.035
v -4.966 		205.312 		91.515
v 31.847 		-164.276 		17.487
v 8.436 		82.563 		5.45
v -15.249 		-205.809 		108.825
v 44.714 		-205.371 		137.387
v -72.955 		226.775 		62.051
v -11.424 		-207.825 		109.228
v -66.741 		226.685 		62.977
v 19.655 		-167.3 		19.17
v 23.281 		-167.046 		21.084
v 24.543 		69.704 		13.943
v 65.573 		184.772 		90.53
v 38.422 		-205.204 		136.458
v -13.732 		-206.676 		108.997
v -74.337 		-116.49 		123.69
v 18.02 		78.471 		13.307
v -72.58 		-127.025 		124.986
v -67.416 		225.958 		62.958
v 67.366 		184.765 		90.524
v -0.207 		202.111 		91.389
v 19.256 		-169.674 		19.705
v -77.068 		-129.527 		126.468
v 37.732 		-209.411 		137.641
v -0.584 		203.328 		91.432
v -79.338 		-115.907 		124.863
v -78.408 		-121.961 		125.585
v 39.977 		-210.568 		138.295
v -3.87 		204.442 		91.478
v -1.619 		203.499 		91.44
v 19.575 		-169.674 		22.406
v -2.623 		203.803 		91.452
v 42.397 		-208.01 		137.842
v -72.099 		228.035 		62.051
v 19.575 		-169.674 		24.086
v -17.68 		-204.237 		111.072
v 23.856 		79.132 		14.779
v -19.74 		-202.757 		108.219
v -3.262 		204.092 		91.464
v -22.673 		-200.353 		110.308
v 22.079 		74.19 		13.788
v -19.88 		-202.648 		110.757
v 29.245 		-177.308 		21.55
v -22.674 		-200.354 		107.748
v 30.242 		-172.202 		19.641
v -68.051 		225.127 		62.831
v 20.443 		80.834 		7.825
v 66.573 		184.966 		90.534
v 24.992 		75.106 		8.103
v 18.878 		74.454 		6.616
v -21.947 		-204.232 		111.001
v 34.826 		-215.386 		139.179
v 37.452 		-213.032 		138.742
v 23.13 		70.235 		7.102
v 22.546 		-177.637 		24.086
v 19.575 		-178.69 		24.086
v -69.594 		222.654 		62.845
v 25.712 		65.813 		7.258
v 19.575 		-177.01 		22.406
v -6.871 		212.284 		89.267
v -22.674 		-201.861 		108.024
v 24.332 		-176.567 		18.131
v -5.378 		209.495 		89.267
v -5.461 		210.443 		89.267
v -5.378 		211.391 		89.267
v -68.601 		224.37 		62.904
v -5.132 		212.31 		89.267
v 23.327 		-217.95 		138.763
v 9.216 		72.71 		10.85
v 20.885 		-219.389 		139.034
v 17.915 		-220.926 		139.324
v -25.134 		-201.538 		113.028
v -29.415 		-197.302 		112.209
v 15.632 		-169.674 		17.766
v 10.286 		77.56 		11.507
v -0.948 		205.066 		89.267
v -3.51 		206.261 		89.267
v -1.867 		205.312 		89.267
v 15.535 		-164.768 		16.411
v -2.73 		205.715 		89.267
v -27.293 		-199.493 		112.63
v 68.541 		183.121 		90.457
v -66.1 		226.461 		60.137
v -6.71 		208.001 		89.267
v 68.552 		182.659 		90.439
v 68.552 		182.659 		90.439
v -5.47 		205.854 		89.267
v 29.273 		-219.717 		140.009
v 68.552 		182.659 		90.439
v -4.729 		207.713 		89.267
v -5.132 		208.576 		89.267
v 16.252 		80.373 		6.793
v -4.183 		206.933 		89.267
v -67.085 		225.372 		60.008
v 10.233 		79.687 		5.41
v 68.552 		182.659 		90.439
v 68.439 		183.573 		90.475
v -80.042 		-110.74 		105.039
v 32.1 		-217.619 		139.603
v 68.022 		184.276 		90.503
v 28.038 		-214.713 		138.158
v -70.769 		228.801 		59.378
v 15.086 		-167.537 		16.866
v -71.55 		227.626 		58.86
v -72.109 		227.645 		60.962
v -80.52 		-109.328 		103.819
v -5.378 		209.495 		85.907
v -80.129 		-110.258 		104.904
v -5.461 		210.443 		85.907
v -5.378 		211.391 		85.907
v -5.132 		212.31 		85.907
v 10.776 		73.556 		4.801
v -24.724 		-198.475 		109.943
v -0.948 		205.066 		85.907
v 9.655 		68.777 		4.138
v 24.658 		-180.293 		27.071
v -4.729 		207.713 		85.907
v -5.132 		208.576 		85.907
v -4.183 		206.933 		85.907
v 31.166 		-181.886 		25.534
v -3.51 		206.261 		85.907
v 81.921 		59.783 		60.655
v -1.867 		205.312 		85.907
v -2.73 		205.715 		85.907
v -80.379 		-109.525 		104.265
v -25.134 		-201.538 		110.469
v -1.24 		203.412 		89.267
v -2.442 		203.735 		89.267
v -3.571 		204.26 		89.267
v -29.158 		-197.576 		109.703
v 18.596 		-188.387 		29.229
v 82.262 		49.407 		62.633
v 65.749 		180.9 		90.381
v 22.805 		-187.976 		31.68
v 26.348 		-221.664 		140.396
v -80.183 		-110.04 		104.786
v -68.594 		223.062 		59.713
v 66.249 		180.784 		90.375
v 68.203 		181.698 		90.404
v 68.434 		182.158 		90.421
v 24.289 		-181.892 		27.904
v -27.163 		-199.62 		110.096
v 19.721 		-183.924 		26.352
v 0.001 		-225.576 		140.171
v 87.51 		39.2 		62.051
v 23.324 		-223.448 		140.757
v 24.419 		-225.208 		135.061
v 2.654 		-225.363 		140.134
v 17.735 		-226.164 		141.321
v 20.565 		-224.882 		141.053
v -24.778 		-198.424 		107.375
v -81.694 		-108.254 		99.926
v 5.282 		-224.995 		140.069
v 85.916 		60.927 		36.754
v -81.496 		-111.075 		99.592
v 67.065 		180.861 		90.375
v 18.971 		-186.938 		28.223
v -73.429 		225.142 		60.011
v -27.309 		-204.896 		113.571
v 32.396 		-189.631 		32.147
v 67.622 		181.122 		90.384
v -74.766 		223.382 		62.051
v -74.027 		224.916 		62.051
v -18.663 		-206.627 		114.039
v 28.348 		-193.291 		32.637
v 81.138 		62.727 		43.995
v 81.182 		62.045 		44.684
v 0.001 		-230.201 		142.19
v 81.125 		62.843 		43.76
v 3.013 		-229.976 		142.14
v -17.008 		-207.691 		114.253
v -74.507 		222.48 		59.16
v -18.694 		-206.605 		111.475
v 6.148 		-230.757 		139.267
v 6.397 		-232.677 		134.739
v 21.622 		-228.223 		131.897
v 17.473 		-192.519 		32.516
v -75.453 		221.726 		62.051
v 18.221 		-189.8 		30.28
v 81.163 		62.409 		44.409
v 5.996 		-229.574 		142.053
v 4.769 		-232.484 		135.838
v 81.095 		62.987 		43.128
v 77.628 		192.812 		83.396
v -86.89 		-100.654 		102.466
v 77.725 		189.003 		85.606
v 1.646 		-234.273 		132.612
v 22.301 		-193.913 		29.189
v 17.848 		-191.177 		31.376
v 14.836 		-227.287 		141.56
v -72.563 		213.144 		61.606
v 11.869 		-228.242 		141.764
v -72.271 		215.212 		62.678
v -70.429 		220.858 		62.793
v -71.137 		219.007 		62.747
v 8.947 		-228.996 		141.927
v -71.319 		216.372 		59.611
v 81.206 		61.473 		44.936
v 14.873 		-222.265 		139.573
v 5.285 		-212.604 		115.245
v 23.488 		-189.585 		26.064
v -88.482 		-99.609 		98.313
v -87.931 		-99.732 		99.148
v 65.541 		194.091 		87.839
v 66.376 		193.737 		87.839
v 66.785 		193.373 		87.839
v 66.995 		193.073 		87.839
v -72.056 		212.997 		58.888
v 81.037 		61.577 		41.082
v 81.073 		62.953 		42.604
v 65.718 		190.002 		87.839
v 81.059 		62.843 		42.227
v 67.277 		192.023 		87.839
v -69.734 		220.593 		59.38
v 67.245 		191.658 		87.839
v -70.619 		218.152 		59.045
v 3.136 		-213.014 		115.327
v 81.04 		62.409 		41.578
v 8.382 		-227.485 		132.711
v 0.001 		-213.377 		115.396
v 66.527 		190.414 		87.839
v 81.036 		61.994 		41.26
v 17.012 		-183.187 		24.086
v -26.055 		-225.934 		112.14
v -71.463 		215.092 		58.615
v -28.819 		-223.991 		111.737
v 21.285 		-185.33 		21.376
v 67.15 		191.305 		87.839
v -23.229 		-227.707 		112.509
v 6.865 		-212.197 		112.604
v 20.247 		-187.719 		22.439
v 7.883 		-224.472 		139.977
v 6.687 		-209.636 		112.148
v 81.051 		62.727 		41.993
v -71.875 		216.502 		62.444
v 4.629 		-212.749 		112.714
v 4.722 		-210.145 		112.248
v 21.358 		-182.978 		19.864
v 18.078 		-180.847 		16.61
v 77.015 		61.512 		44.928
v -87.77 		-102.855 		98.724
v 78.187 		182.055 		85.347
v 77.015 		62.987 		43.124
v 77.015 		62.655 		44.104
v -77.234 		215.99 		62.051
v 77.015 		62.311 		44.496
v -76.397 		218.411 		61.123
v 2.728 		-210.539 		112.325
v 77.015 		61.877 		44.786
v -76.092 		219.945 		62.051
v 0.001 		-210.851 		112.383
v -87.581 		-104.717 		98.788
v 65.745 		184.846 		87.839
v 16.419 		-188.082 		20.281
v 66.28 		184.956 		87.839
v 67.181 		184.846 		87.839
v 17.538 		-183.322 		17.731
v 66.827 		184.94 		87.839
v 67.662 		184.587 		87.839
v -13.317 		-233.796 		127.762
v -74.971 		221.11 		58.777
v 10.669 		-229.773 		139.054
v 77.015 		61.759 		41.144
v 77.015 		62.311 		41.492
v -87.702 		-103.613 		98.645
v 77.015 		62.953 		42.604
v -76.728 		217.009 		60.782
v 13.943 		-194.013 		31.892
v -87.697 		-103.6558 		98.6504
v -87.575 		-104.767 		98.794
v 6.743 		-209.606 		109.582
v 67.913 		-147.421 		127.444
v 4.626 		-210.171 		109.693
v 73.187 		-146.661 		128.424
v 81.221 		60.863 		44.988
v 70.055 		-138.969 		126.422
v -68.055 		223.764 		54.619
v -87.479 		-105.531 		98.895
v 2.725 		-210.531 		109.763
v -87.4475 		-105.7499 		98.9245
v -87.4475 		-105.7497 		98.9243
v -87.6669 		-103.9328 		98.6859
v -69.825 		228.532 		55.809
v 81.209 		59.217 		43.87
v 71.463 		-132.697 		125.671
v 11.537 		-191.672 		27.778
v -9.396 		-233.24 		118.804
v -71.358 		226.452 		55.56
v 8.399 		-191.905 		26.053
v 68.547 		182.69 		87.839
v 68.436 		183.591 		87.839
v -72.315 		224.834 		55.36
v 68.071 		184.223 		87.839
v 81.182 		59 		43.128
v 0.001 		-210.851 		109.823
v 81.226 		59.676 		44.496
v 74.402 		-141.874 		127.876
v 12.298 		-188.96 		25.652
v -73.588 		222.109 		55.012
v 68.531 		183.237 		87.839
v 15.601 		-194.541 		25.416
v -70.423 		227.797 		55.722
v 66.827 		180.805 		87.839
v 66.28 		180.789 		87.839
v 68.359 		181.988 		87.839
v 67.942 		181.393 		87.839
v -87.693 		-103.694 		98.655
v -15.554 		-236.634 		119.258
v 65.745 		180.9 		87.839
v 7.291 		-195.52 		29.607
v -16.21 		-236.383 		119.205
v 81.228 		60.352 		44.886
v 67.513 		181.054 		87.839
v -87.6916 		-103.7071 		98.6567
v 0.001 		-213.377 		112.836
v -87.698 		-103.649 		98.649
v -71.668 		213.469 		53.199
v -74.68 		219.06 		54.609
v -75.553 		215.948 		54.187
v 82.112 		177.066 		95.209
v 12.064 		-187.3 		24.086
v 82.878 		179.591 		90.888
v 14.038 		-185.748 		24.086
v -87.699 		-103.637 		98.648
v 16.027 		-185.817 		18.425
v -87.34 		-106.496 		99.0249
v 77.507 		-136.096 		120.395
v 78.236 		-132.713 		119.991
v -87.3455 		-106.4582 		99.0194
v -87.34 		-106.496 		99.0248
v -15.055 		-231.32 		118.397
v -12.425 		-232.306 		118.605
v 82.017 		175.588 		96.041
v 82.012 		176.341 		95.872
v 76.88 		-140.07 		119.733
v 1.57 		-213.237 		112.809
v -73.141 		211.349 		62.633
v 0.001 		-235.059 		131.071
v -72.134 		212.014 		58.174
v -72.685 		208.917 		57.721
v 4.972 		-234.575 		130.967
v 3.405 		-235.996 		128.232
v 8.423 		-189.881 		24.086
v -87.729 		-103.368 		98.613
v 73.376 		-148.894 		125.551
v 15.841 		-190.352 		21.711
v -7.216 		-239.029 		119.77
v 9.374 		-196.446 		23.498
v -97.862 		-103.616 		98.738
v 81.046 		60.994 		40.992
v 82.043 		176.711 		95.631
v 70.386 		-161.861 		122.946
v 9.817 		-195.024 		22.257
v -90.628 		-100.861 		98.361
v -78.213 		211.484 		62.051
v 81.052 		60.733 		41.009
v -7.2 		-239.032 		119.77
v 6.912 		-236.667 		125.336
v 11.392 		-192.861 		21.135
v 81.102 		59.578 		41.578
v 81.114 		59.405 		41.775
v 81.158 		59.034 		42.604
v 81.133 		59.202 		42.11
v 82.569 		164.73 		95.863
v -9.844 		-238.425 		119.64
v 83.617 		164.695 		90.519
v -73.826 		207.447 		62.604
v 81.074 		60.11 		41.202
v 11.604 		-188.457 		17.673
v 6.313 		-233.973 		118.959
v 11.022 		-190.741 		19.091
v -85.357 		-110.376 		104.947
v -85.295 		-110.74 		105.039
v -79.125 		205.866 		62.051
v -12.461 		-237.695 		119.484
v -85.771 		-109.328 		103.819
v 68.17 		-151.128 		122.676
v -12.467 		-237.691 		119.487
v 3.18 		-234.487 		119.067
v 93.434 		173.393 		90.08
v 73.536 		-151.128 		122.676
v 93.611 		170.065 		84.93
v -9.857 		-238.421 		119.642
v -85.465 		-109.941 		104.712
v 0.001 		-234.774 		119.122
v 73.185 		-153.353 		121.716
v -74.845 		199.592 		62.572
v -85.561 		-109.67 		104.462
v -74.498 		202.091 		62.162
v 73.475 		-152.079 		121.926
v -7.675 		-249.081 		121.327
v 73.519 		-151.723 		122.122
v 7.176 		-190.955 		17.13
v 0.001 		-239.918 		119.954
v -73.82 		204.791 		60.17
v -7.664 		-249.864 		116.348
v 73.381 		-152.586 		121.761
v 76.854 		176.342 		95.872
v 76.86 		175.588 		96.041
v 77.015 		60.863 		44.988
v 77.015 		59.034 		43.384
v 20.112 		-170.47 		13.153
v 77.015 		60.352 		44.886
v -79.522 		202.815 		62.051
v 77.015 		59.884 		44.655
v 20.591 		-167.784 		12.534
v 77.015 		59.491 		44.311
v 76.953 		177.066 		95.209
v 77.015 		59.202 		43.878
v 76.895 		176.795 		95.557
v -14.711 		-247.437 		120.965
v 29.573 		-164.477 		16.297
v -11.217 		-248.362 		121.168
v 3.56 		-238.405 		122.668
v -76.27 		212.795 		53.746
v 5.319 		-238.158 		122.616
v 5.416 		-239.353 		119.839
v 23.915 		-170.203 		15.133
v -77.376 		206.439 		52.817
v 67.768 		-153.481 		121.727
v 77.015 		59 		42.863
v 77.015 		59.217 		42.117
v 77.015 		59.676 		41.492
v -86.945 		-108.254 		99.926
v 77.015 		61.123 		41.017
v 77.015 		60.172 		41.181
v 68.155 		-151.657 		122.173
v -86.054 		-114.439 		100.771
v 68.013 		-152.561 		121.767
v -73.145 		205.82 		57.254
v -87.1541 		-107.8658 		99.2074
v -87.3367 		-106.5186 		99.028
v 68.101 		-152.09 		121.923
v -87.2514 		-107.1517 		99.1118
v -11.205 		-249.143 		116.189
v -14.694 		-248.214 		115.985
v -15.365 		-246.78 		115.748
v -77.863 		205.86 		54.755
v 2.219 		-249.759 		121.472
v -12.252 		-247.671 		115.942
v 5.836 		-249.368 		121.388
v -14.727 		-247.037 		115.037
v 67.825 		-153.29 		121.71
v -73.873 		199.591 		56.26
v 77.015 		55.994 		46.998
v 81.414 		55.994 		46.998
v 77.723 		179.591 		90.888
v -82.105 		-106.63 		98.997
v 23.428 		-172.84 		15.889
v -9.099 		-248.416 		116.105
v 19.622 		-173.124 		13.867
v 18.165 		-175.81 		14.172
v -67.55 		197.407 		49.795
v -78.372 		198.259 		51.503
v 0.001 		-250.674 		116.519
v 18.604 		-178.319 		15.593
v -96.902 		-111.175 		99.726
v 2.173 		-250.546 		116.495
v 81.125 		53.793 		39.189
v -18.536 		-231.192 		128.729
v -76.614 		-130.504 		107.499
v -22.927 		-230.855 		124.11
v 81.058 		55.994 		38.752
v -78.13 		-115.807 		109.986
v 6.337 		-248.981 		115.447
v 11.435 		-167.652 		15.143
v 0.001 		-249.565 		116.347
v 11.333 		-169.674 		15.626
v 81.772 		42.156 		49.063
v -12.598 		191.205 		50.06
v -19.533 		-233.758 		121.686
v 86.432 		39.773 		39.874
v 4.019 		-249.235 		116.282
v 0.544 		-249.603 		115.634
v -8.466 		191.2 		49.909
v 8.366 		-167.699 		13.795
v 78.176 		173.632 		90.094
v -17.643 		-230.191 		118.16
v 82.772 		28.407 		62.657
v 1.588 		-235.694 		109.596
v 8.819 		-164.912 		13.434
v -12.598 		187.859 		49.363
v 82.484 		15.999 		51.772
v 0.001 		-235.409 		114.119
v -78.572 		-120.259 		106.224
v 4.804 		-235.155 		110.303
v 6.391 		-234.835 		110.262
v 4.807 		-234.833 		114.005
v 83.369 		7.409 		62.61
v 88.248 		11.73 		62.051
v 72.382 		-158.983 		118.525
v -80.448 		-117.725 		100.491
v -80.356 		-117.059 		101.127
v 87.421 		29.592 		56.135
v 11.886 		-164.872 		14.741
v 79.023 		166.8 		84.811
v 16.275 		-165.288 		9.75
v -12.598 		195.5577 		45.7192
v -13.003 		195.4721 		45.7131
v 11.98 		-168.13 		8.471
v 78.853 		173.903 		82.581
v -13.003 		194.752 		45.662
v 90.329 		-144.46 		104.125
v -13.003 		191.284 		45.241
v -16.975 		-236.079 		119.142
v 4.81 		-235.759 		103.307
v -17.516 		-235.856 		119.094
v 86.984 		29.377 		47.244
v -77.922 		-129.947 		102.886
v -18.163 		-235.581 		119.036
v 15.805 		-168.017 		10.209
v 0.001 		-236.278 		105.082
v -7.935 		181.433 		46.939
v -79.149 		-124.916 		101.466
v 1.535 		-236.573 		100.179
v 13.894 		-168.082 		9.326
v 11.495 		-170.848 		8.98
v 92.839 		-133.958 		102.752
v 86.726 		4.378 		33.249
v -78.944 		-124.969 		102.207
v 91.105 		-142.153 		98.744
v -8.149 		181.433 		47.75
v -16.867 		-236.123 		119.15
v 3.815 		-250.834 		99.048
v 76.264 		187.498 		66.013
v 76.057 		190.562 		66.285
v -13.003 		181.0378 		42.5999
v -12.598 		180.9731 		42.5735
v 81.196 		30.145 		33.077
v 81.601 		12.531 		34.435
v -21.734 		-233.903 		118.685
v 83.101 		152.084 		95.657
v 81.849 		30.405 		45.74
v 2.83 		-225.539 		75.299
v -82.794 		-126.043 		106.944
v 76.145 		-132.679 		107.769
v 8.033 		-169.674 		14.13
v 76.079 		-133.024 		107.773
v -13.443 		181.433 		47.949
v 1.82 		-228.616 		80.642
v -13.003 		187.999 		44.662
v -13.003 		184.953 		43.936
v 85.828 		50.257 		31.576
v 15.283 		-175.982 		12.685
v -13.003 		182.199 		43.073
v -23.509 		-232.968 		118.49
v 76.012 		-134.173 		107.184
v -95.754 		-118.746 		100.73
v 75.999 		-133.828 		107.491
v 14.828 		-173.397 		11.428
v 94.01 		161.164 		89.694
v 13.803 		-178.628 		13.076
v -85.828 		-117.006 		100.43
v 0.001 		-237.145 		96.045
v -85.829 		-116.999 		100.429
v 83.856 		162.644 		89.72
v -10.227 		183.49 		48.356
v 6.548 		-235.999 		95.961
v 3.519 		-234.804 		92.635
v -26.967 		-230.949 		118.07
v 81.363 		-133.093 		107.77
v 9.967 		-178.788 		11.198
v 81.307 		-133.591 		107.624
v 10.489 		-176.182 		10.343
v 81.439 		-132.679 		107.769
v 86.064 		60.148 		23.37
v 87.616 		58.636 		23.018
v 87.133 		59.157 		22.787
v 88.231 		57.736 		22.855
v 88.403 		57.373 		22.549
v 94.184 		157.605 		84.543
v 10.998 		-173.534 		9.604
v -21.542 		-244.998 		120.442
v 88.284 		57.378 		21.618
v 88.011 		57.764 		21.191
v 87.404 		58.659 		21.354
v 84.483 		163.266 		82.125
v -85.128 		-121.09 		100.982
v 0.001 		-242.333 		95.022
v -85.8256 		-117.0201 		100.432
v 81.311 		-134.173 		107.184
v -25.055 		181.433 		48.067
v -83.737 		-120.855 		106.298
v -28.015 		181.433 		48.146
v 86.408 		59.763 		21.958
v -17.634 		181.433 		47.764
v 84.764 		152.446 		84.361
v -24.158 		-243.3 		115.015
v -20.825 		-244.782 		115.324
v 7.268 		-176.246 		8.897
v 4.772 		-241.639 		94.958
v -7.292 		172.328 		44.8
v 84.274 		152.698 		89.405
v 84.399 		149.519 		89.309
v 84.397 		149.562 		89.31
v 81.62 		-136.979 		103.846
v 1.777 		-233.478 		89.652
v 0.001 		-230.634 		83.863
v -7.9596 		179.4029 		41.8852
v -94.409 		-126.313 		101.739
v -84.091 		-125.632 		102.297
v 76.31 		-136.979 		103.846
v -24.863 		-243.505 		120.132
v -31.359 		-239.992 		119.408
v 12.453 		-165.39 		8.065
v -28.106 		-241.85 		119.79
v 8.277 		-170.9 		7.584
v -12.598 		178.736 		42.091
v 85.868 		60.173 		21.704
v 8.765 		-168.177 		7.109
v -83.259 		-130.583 		102.264
v 85.102 		60.764 		23.56
v 76.077 		-138.722 		103.312
v 9.24 		-165.43 		6.745
v 0.001 		-251.602 		95.667
v 77.982 		151.625 		95.649
v -83.055 		-130.67 		102.985
v -12.598 		179.4029 		41.8852
v -24.829 		-244.278 		115.15
v 3.266 		-251.229 		95.636
v -12.598 		179.784 		42.089
v 77.59 		161.144 		95.804
v 77.803 		-131.37 		102.332
v -28.063 		-242.623 		114.809
v 78.969 		152.938 		90.228
v 5.591 		-250.861 		95.602
v -18.153 		-246.313 		120.721
v 81.668 		-137.562 		103.194
v 81.668 		-137.567 		103.191
v 85.034 		60.764 		22.723
v -81.007 		-67.993 		89.313
v -21.515 		-245.771 		115.461
v -17.412 		-246.093 		115.601
v -65.902 		-80.786 		95.59
v 84.964 		60.764 		21.884
v -66.473 		-68.467 		91.668
v -18.133 		-247.088 		115.741
v 84.231 		60.764 		22.476
v -66.472 		-68.467 		94.202
v 7.778 		-173.593 		8.179
v 79.898 		-144.507 		104.098
v -11.336 		167.099 		43.293
v -66.223 		-74.623 		94.878
v 84.352 		60.764 		22.234
v 84.601 		60.764 		22.007
v 74.555 		-144.548 		104.074
v 79.532 		160.924 		82.081
v -2.071 		-227.823 		134.632
v 14.235 		-181.116 		14.563
v 9.433 		-181.344 		12.167
v -5.281 		-224.995 		140.069
v -2.654 		-225.363 		140.134
v 78.797 		160.849 		89.661
v -7.637 		166.962 		38.397
v 88.854 		55.768 		20.908
v 12.729 		-183.666 		15.159
v 10.809 		-183.767 		14.185
v 8.888 		-183.845 		13.247
v -7.963 		-234.164 		113.864
v -65.902 		-80.786 		93.053
v 74.739 		-145.472 		99.113
v -30.452 		173.033 		41.146
v 89.391 		53.564 		22.358
v -3.012 		-229.976 		142.14
v -1.653 		-234.5 		132.091
v 87.313 		53.393 		22.637
v 83.412 		143.638 		95.518
v 89.308 		54.658 		22.453
v 89.084 		55.73 		22.569
v -17.114 		174.511 		45.959
v -5.995 		-229.574 		142.053
v -17.932 		178.486 		47.115
v 94.745 		142.66 		89.162
v 94.771 		142.722 		84.122
v -4.855 		-233.381 		133.75
v -90.227 		-65.871 		94.156
v -28.059 		177.003 		47.088
v 81.091 		-141.238 		98.588
v -90.094 		-65.888 		94.638
v -3.824 		-212.903 		115.305
v -85.024 		-65.685 		94.067
v -9.529 		-233.747 		113.775
v -84.779 		-73.579 		94.909
v 84.765 		135.127 		89.787
v 7.759 		-188.658 		15.729
v 85.019 		132.866 		88.834
v 89.075 		54.705 		20.793
v -6.836 		-212.21 		115.166
v 88.927 		56.163 		22.436
v 88.802 		56.175 		21.506
v 79.696 		-146.456 		99.267
v 47.789 		-199.291 		62.051
v -18.405 		168.654 		44.162
v 89.157 		53.617 		20.698
v 42.939 		-204.364 		62.051
v 45.416 		-201.888 		62.051
v -28.832 		170.985 		45.359
v -6.844 		-212.203 		112.605
v -84.589 		-75.839 		95.504
v 78.593 		134.14 		95.362
v -3.328 		-210.435 		112.304
v -6.009 		-209.825 		112.184
v -29.592 		165.018 		43.495
v -15.349 		-231.704 		113.344
v -24.426 		163.888 		42.832
v -5.41 		-209.987 		109.657
v -3.403 		-210.415 		109.741
v 79.579 		136.427 		89.825
v -89.821 		-75.839 		95.504
v 42.396 		-198.145 		63.686
v -12.612 		-232.76 		113.567
v 41.044 		-198.354 		60.973
v -89.976 		-73.947 		95.014
v 85.186 		53.384 		22.934
v -17.927 		169.114 		39.567
v 79.52 		142.997 		89.096
v -89.62 		-81.433 		95.867
v 88.724 		-151.021 		100.808
v 88.215 		-152.205 		105.114
v -12.329 		-248.736 		102.552
v 89.227 		-149.295 		99.663
v 44.645 		-202.191 		60.867
v -18.783 		173.033 		40.733
v -90.085 		-80.786 		90.722
v 85.898 		-159.854 		106.077
v 84.735 		53.401 		21.353
v -4.592 		-212.757 		112.716
v -29.392 		171.571 		40.706
v 85.024 		152.346 		81.754
v 40.982 		-204.748 		58.74
v 84.635 		140.256 		70.354
v -31.131 		-240.873 		114.45
v 86.573 		-158.404 		100.815
v 84.315 		53.387 		21.848
v -85.028 		-80.786 		90.662
v 70.002 		145.003 		67
v 70.002 		143 		67
v -29.384 		-240.566 		114.451
v 35.462 		-204.673 		63.868
v 37.476 		-202.788 		63.432
v 79.086 		143 		66.6732
v -64.989 		190.451 		53.273
v -3.077 		-213.033 		112.77
v 84.54 		53.396 		21.491
v -57.434 		189.49 		52.177
v -31.958 		-239.029 		114.136
v -56.289 		188.13 		51.767
v 39.041 		-201.528 		63.77
v 79.107 		142.789 		66.768
v 70.636 		-153.992 		109.819
v -86.089 		-67.993 		82.147
v -85.538 		-68.028 		89.249
v -85.538 		-67.993 		89.245
v -91.096 		-71.646 		82.336
v 38.077 		-200.307 		58.969
v -56.289 		192.414 		52.659
v 79.1167 		143 		67
v 79.1134 		143.0637 		67
v 78.6629 		151 		67
v 35.78 		-202.198 		58.813
v -18.014 		-230.514 		113.096
v 79.1119 		143 		66.9462
v -2.97 		-231.256 		126.535
v 78.5525 		151 		65.8378
v -5.919 		-230.793 		126.451
v -56.289 		185.439 		51.195
v 74.046 		-161.305 		109.238
v -5.203 		-236.964 		125.4
v -2.614 		-237.288 		125.469
v -6.911 		-236.667 		125.336
v 58.533 		193.411 		90.905
v 40.348 		-206.718 		62.051
v 37.976 		-207.144 		58.482
v -3.404 		-235.996 		128.232
v 63.634 		193.444 		90.883
v 64.294 		193.926 		90.9
v -42.877 		-203.017 		129.277
v 37.633 		-208.951 		62.051
v -90.746 		-80.786 		82.934
v -90.893 		-74.026 		84.055
v 64.885 		194.09 		90.904
v -56.289 		177.658 		49.359
v 65.499 		194.095 		90.9
v 77.015 		65.529 		26.102
v 34.856 		-209.381 		58.299
v -90.399 		-73.983 		89.955
v 78.204 		-150.553 		104.872
v -47.079 		-197.461 		128.34
v -85.963 		-73.894 		82.53
v 34.784 		-211.062 		62.051
v -64.879 		172.654 		49.158
v 77.943 		-151.44 		104.985
v -85.676 		-80.786 		83.002
v 80.553 		49.603 		27.898
v 80.456 		55.994 		28.315
v 80.496 		55.994 		28.327
v 80.494 		55.994 		28.971
v 80.561 		49.616 		27.901
v -48.781 		-203.015 		130.889
v 63.313 		192.979 		90.865
v -56.289 		183.945 		45.661
v -61.088 		190.158 		47.55
v -2.39 		-234.573 		119.084
v -37.638 		-208.943 		130.329
v -36.529 		-212.914 		124.396
v 77.015 		55.994 		25.135
v 80.328 		55.994 		26.151
v -42.197 		-206.851 		123.261
v -56.289 		182.444 		45.324
v -6.315 		-233.972 		118.96
v -68.362 		-91.57 		91.845
v -5.42 		-239.352 		119.839
v -47.968 		-206.24 		126.693
v 80.328 		55.994 		26.141
v 47.785 		-196.816 		56.319
v 77.674 		-152.344 		105.098
v -56.289 		191.042 		47.222
v 77.799 		61.316 		20.587
v 77.173 		-154 		105.31
v 43.878 		-199.533 		53.207
v 63.681 		190.549 		90.765
v 63.369 		190.958 		90.783
v 64.266 		190.133 		90.747
v 72.127 		51.163 		18.022
v 42.09 		-199.429 		49.389
v -44.829 		-203.631 		122.678
v 69.535 		60.502 		18.092
v 74.211 		53.568 		24.086
v 63.137 		191.527 		90.807
v -47.031 		-200.713 		122.162
v 67.119 		54.672 		24.086
v 77.233 		-154.877 		100.338
v 39.724 		-204.645 		56.104
v -3.626 		-239.608 		119.893
v -36.385 		173.033 		41.46
v -84.224 		-84.405 		96.161
v 65.264 		189.927 		90.734
v 34.237 		-201.899 		55.535
v -89.176 		-88.304 		96.691
v -33.715 		172.069 		45.936
v -4.088 		-249.585 		121.437
v 38.64 		-198.146 		55.355
v -39.414 		177.786 		47.88
v -2.277 		-249.755 		121.472
v 72.417 		-153.398 		100.127
v -33.14 		177.732 		47.54
v -84.625 		-88.059 		90.64
v 35.152 		-198.759 		50.38
v 71.514 		-154.086 		105.292
v -0.238 		-249.878 		121.496
v -50.008 		-197.814 		118.828
v 85.079 		46.014 		20.761
v -89.65 		-87.594 		91.533
v 89.471 		46.014 		21.841
v -56.906 		-197.053 		117.634
v -41.584 		173.033 		41.714
v 85.268 		46.014 		22.43
v 37.853 		-204.414 		52.334
v -84.76 		-85.219 		91.188
v -4.078 		-250.371 		116.458
v -0.476 		-250.652 		116.515
v -54.454 		-197.083 		125.295
v -48.384 		173.033 		42.211
v -2.687 		-249.373 		116.312
v -6.976 		-248.813 		116.192
v -3.46 		-249.364 		115.549
v -54.294 		-200.354 		119.738
v 71.703 		-154.288 		105.318
v -44.333 		175.225 		47.601
v -52.28 		-200.198 		126.111
v 84.599 		46.014 		21.011
v -49.954 		-203.215 		127.11
v 84.394 		46.014 		21.344
v 59.048 		190.451 		90.781
v 74.282 		-162.898 		106.424
v 84.814 		46.014 		20.848
v 34.061 		-209.231 		51.308
v 33.827 		-209.231 		49.645
v 37.2 		-206.707 		50.027
v -49.08 		175.347 		48.039
v -48.023 		168.949 		46.134
v -37.854 		166.808 		44.605
v 82.408 		42.575 		20.52
v -37.236 		-219.532 		124.839
v -88.477 		-96.527 		97.723
v 76.025 		-157.659 		105.765
v 84.494 		43.446 		21.032
v 36.375 		-206.913 		55.309
v -37.763 		-217.232 		128.744
v -35.318 		166.707 		39.543
v 68.809 		-166.199 		123.576
v 67.137 		-170.503 		124.202
v -40.704 		167.812 		40.199
v -33.824 		-216.019 		123.594
v -88.449 		-96.779 		97.756
v 34.578 		-205.75 		50.091
v -40.736 		-214.18 		128.633
v -88.474 		-96.547 		97.725
v 33.209 		-206.942 		50.663
v 89.238 		46.014 		20.177
v -88.448 		-96.791 		97.757
v 59.956 		184.065 		90.522
v -35.82 		-217.746 		115.594
v 64.597 		183.822 		90.496
v 64.914 		184.287 		90.513
v -33.221 		-220.037 		116.058
v -88.442 		-96.851 		97.765
v 64.973 		181.393 		90.402
v 41.498 		-198.28 		45.282
v -62.117 		178.039 		44.937
v -39.014 		-214.662 		114.976
v 84.7 		38.312 		20.582
v 85.189 		35.743 		20.25
v 64.372 		182.675 		90.453
v -83.338 		-95.526 		97.547
v 64.59 		181.938 		90.423
v -49.251 		178.196 		48.803
v 45.658 		-198.28 		44.697
v 42.864 		-201.242 		45.892
v -89.145 		-95.499 		90.774
v 89.582 		35.743 		21.329
v 89.348 		35.743 		19.665
v -84.037 		-95.135 		91.376
v 84.398 		-165.117 		101.659
v -59.755 		174.278 		48.922
v 85.381 		35.745 		21.919
v 83.364 		-167.435 		107.033
v -40.625 		-219.296 		117.973
v 82.534 		-169.884 		106.714
v 82.03 		-171.805 		102.518
v -83.853 		-96.216 		92.558
v 45.892 		-198.28 		46.36
v 65.207 		181.193 		90.393
v -44.778 		-216.064 		115.053
v 43.098 		-201.242 		47.556
v 84.504 		35.757 		20.831
v -51.414 		169.938 		41.665
v 71.456 		-165.355 		114.305
v -45.732 		-215.016 		114.852
v -43.721 		-217.183 		115.279
v 80.539 		37.164 		24.945
v -59.715 		171.508 		42.974
v 80.736 		41.861 		28.526
v -45.675 		-214.395 		116.25
v -58.852 		165.259 		41.15
v -84.549 		-94.225 		82.301
v 40.083 		-199.78 		45.881
v 72.423 		-168.098 		107.091
v 33.219 		-196.761 		47.105
v 71.92 		-167.301 		110.024
v -56.179 		170.599 		47.528
v 80.573 		48.406 		27.842
v -41.188 		-219.743 		115.781
v -41.64 		-219.293 		115.697
v -84.546 		-94.794 		85.729
v 78.025 		46.483 		24.701
v -84.36 		-98.27 		84.261
v -42.952 		-217.984 		115.431
v -55.394 		164.272 		45.61
v 39.906 		-199.569 		45.968
v 71.127 		-171.5 		107.547
v -85.128 		-89.596 		83.627
v 79.121 		-178.635 		108.52
v -89.633 		-96.328 		83.991
v 80.428 		47.048 		25.47
v 69.243 		-176.175 		108.197
v -90.199 		-89.681 		83.534
v 75.337 		41.898 		18.352
v 70.56 		-172.944 		107.747
v 75.507 		48.561 		24.086
v -16.173 		162.095 		41.764
v 70.326 		-173.534 		107.82
v 63.567 		193.373 		87.839
v 63.203 		192.741 		87.839
v 64.812 		194.091 		87.839
v 64.459 		193.996 		87.839
v 63.976 		193.737 		87.839
v 69.133 		45.172 		24.086
v 40.437 		-200.029 		47.589
v -36.71 		-223.8 		116.609
v -7.773 		160.329 		40.57
v -85.321 		-67.993 		73.997
v 68.459 		-174.106 		114.008
v 58.588 		193.082 		88.368
v -11.873 		161.809 		36.876
v 38.705 		-201.242 		46.476
v 77.91 		35.846 		24.086
v 70.604 		35.638 		24.086
v 38.118 		-201.229 		46.863
v 63.357 		190.973 		87.839
v -36.322 		-224.134 		116.668
v 63.567 		190.673 		87.839
v -36.575 		-223.917 		116.626
v 66.732 		35.271 		22.898
v 68.664 		-177.538 		108.389
v -33.815 		-226.157 		117.089
v 64.459 		190.05 		87.839
v 63.092 		192.205 		87.839
v 63.108 		191.658 		87.839
v 65.177 		189.923 		87.839
v 39.972 		-204.046 		47.113
v 78.267 		38.584 		24.317
v 40.207 		-204.046 		48.777
v 66.47 		41.096 		15.739
v 66.216 		-171.417 		101.148
v -8.142 		155.135 		34.127
v -84.552 		-67.35 		65.656
v -33.533 		-226.378 		117.128
v 59.344 		188.547 		88.179
v -13.05 		155.458 		39.004
v 73.564 		-165.949 		101.731
v -39.488 		-221.343 		116.107
v -14.069 		148.292 		36.061
v 89.702 		25.464 		21.018
v 85.501 		25.464 		21.608
v -37.863 		-222.812 		116.399
v 38.89 		-201.645 		48.256
v -89.409 		-75.543 		67.302
v 56.064 		192.937 		85.852
v 71.531 		-171.407 		102.447
v 56.129 		192.587 		88.359
v 55.534 		195.58 		88.485
v -83.38 		-87.09 		66.593
v 84.625 		25.464 		20.519
v -46.24 		-228.759 		117.147
v -31.764 		159.395 		41.72
v -28.917 		158.79 		41.307
v 68.847 		-164.178 		101.501
v -48.934 		-226.189 		116.641
v 36.727 		-202.943 		47.285
v 36.414 		-203.082 		47.462
v 67.544 		-167.746 		101.971
v -89.162 		-82.986 		69.595
v 89.468 		25.464 		19.355
v 35.812 		-204.046 		47.698
v -56.434 		-217.976 		115.055
v 85.309 		25.464 		19.939
v 35.222 		-204.03 		48.096
v 65.262 		184.587 		87.839
v -54.03 		-220.795 		115.592
v 79.602 		-177.991 		104.232
v -51.531 		-223.533 		116.121
v 84.879 		28.893 		20.191
v -4.807 		-234.833 		114.005
v 84.962 		32.32 		20.211
v -98.648 		-96.048 		97.771
v -16.942 		156.875 		35.332
v -19.28 		163.342 		37.753
v -100.005 		-75.418 		95.32
v 69.369 		-176.811 		103.189
v 65.262 		181.159 		87.839
v -99.75 		-80.786 		95.925
v 64.854 		184.223 		87.839
v -99.272 		-88.445 		96.831
v 37.583 		-197.412 		42.7
v -25.587 		158.642 		36.411
v 64.49 		183.591 		87.839
v -30.999 		159.757 		37.08
v 64.567 		181.988 		87.839
v 64.395 		182.508 		87.839
v 89.82 		16.437 		20.895
v 64.854 		181.523 		87.839
v 36.965 		-206.707 		48.363
v 72.485 		-193.173 		110.7
v 74.26 		-189.592 		110.136
v 75.956 		-185.971 		109.585
v 32.806 		-206.707 		48.948
v -99.846 		-80.786 		90.853
v 66.375 		-182.711 		109.153
v -99.37 		-88.499 		91.761
v 59.954 		184.063 		87.997
v 57.669 		182.003 		87.925
v -100.287 		-70.034 		89.672
v 85.618 		16.452 		21.484
v -98.746 		-96.172 		92.707
v -16.56 		156.183 		39.529
v -21.761 		157.273 		40.283
v -48.26 		-204.519 		107.88
v 85.118 		21.685 		19.948
v 57.523 		183.168 		85.453
v 89.585 		16.437 		19.231
v 85.427 		16.437 		19.816
v 27.683 		-210.162 		64.095
v 29.699 		-208.894 		64.036
v 77.757 		-182.484 		103.978
v -47.699 		-204.519 		113.008
v 56.917 		187.7 		85.636
v 84.765 		17.899 		20.299
v 25.394 		-210.855 		62.733
v -17.347 		151.049 		33.077
v 56.809 		188.379 		88.185
v 84.743 		16.438 		20.393
v -22.795 		152.125 		33.838
v 65.632 		-185.165 		104.431
v 65.687 		-185.165 		104.43
v -83.267 		-102.178 		92.556
v -83.147 		-102.785 		93.41
v 75.259 		-188.123 		104.807
v -19.29 		149.322 		36.931
v 72.159 		-194.447 		105.796
v 32.632 		-206.852 		63.95
v 60.912 		175.22 		90.176
v 71.385 		-194.285 		105.776
v -88.666 		-98.84 		92.942
v 75.126 		22.842 		17.555
v -30.292 		153.62 		34.871
v 58.146 		177.598 		85.233
v 26.364 		-208.901 		59.566
v 58.962 		168.42 		84.88
v 30.969 		-205.674 		58.645
v -44.949 		-208.041 		113.679
v -30.473 		148.292 		37.526
v 83.474 		-134.555 		86.638
v 83.038 		-133.165 		82.07
v -26.151 		150.699 		38.057
v 80.729 		22.305 		24.53
v 78.875 		28.131 		24.086
v -42.056 		-211.425 		114.336
v 61.693 		165.669 		89.82
v 18.059 		-211.893 		57.615
v 71.524 		25.898 		24.086
v 58.751 		170.982 		87.497
v 61.34 		170.197 		87.461
v -97.96 		-103.82 		93.683
v 23.525 		-212.483 		64.203
v 58.043 		178.617 		87.791
v 60.849 		175.858 		87.675
v 92.878 		-134.571 		97.75
v -1.551 		-236.277 		103.345
v -8.096 		147.168 		34.999
v -4.814 		-236.169 		98.57
v -96.994 		-111.464 		94.682
v -82.592 		-107.162 		93.988
v -82.509 		-109.023 		91.968
v -12.002 		146.376 		34.999
v -47.675 		-212.793 		114.42
v 82.377 		-136.038 		97.903
v -15.923 		141.346 		33.148
v -3.735 		-250.496 		102.855
v 22.05 		-211.991 		61.497
v 21.092 		-211.626 		59.753
v -48.576 		-211.719 		114.209
v 76.322 		-139.889 		96.994
v -19.387 		141.987 		33.797
v -24.526 		142.951 		34.757
v -45.488 		-208.2 		107.159
v 83.065 		14.101 		19.843
v -43.806 		-210.194 		107.512
v -46.334 		-207.014 		108.353
v -3.213 		-236.694 		96.024
v -86.966 		-112.238 		94.707
v 26.799 		-202.393 		49.589
v 59.304 		163.745 		84.705
v 59.429 		161.809 		87.159
v -30.473 		144.707 		36.134
v 59.985 		152.126 		84.296
v 85.01 		16.004 		20.014
v 32.511 		-203.782 		56.85
v -6.384 		-236.038 		95.966
v 29.784 		-203.675 		52.738
v 85.247 		10.325 		19.889
v -30.473 		141.182 		34.747
v 31.686 		-202.034 		51.91
v -83.832 		-101.756 		86.299
v 62.178 		158.206 		89.555
v -30.473 		138.395 		33.615
v -83.89 		-102.55 		84.579
v 59.861 		154.699 		86.908
v -5.705 		-241.463 		94.942
v 77.428 		-135.046 		97.746
v 62.568 		151.242 		86.787
v 89.998 		3.935 		20.925
v 28.999 		-212.826 		53.316
v 81.809 		-141.399 		87.105
v -49.419 		-202.152 		112.565
v -51.078 		-199.74 		112.12
v -2.087 		-235.434 		82.644
v 76.857 		-140.322 		87.387
v 76.895 		-138.827 		85.385
v -88.941 		-102.979 		84.452
v 74.178 		-146.963 		83.175
v 85.748 		7.408 		21.484
v 32.198 		-210.205 		56.259
v -54.184 		-204.308 		112.812
v -55.919 		-201.74 		112.342
v -45.312 		162.234 		43.828
v -3.967 		-251.126 		95.628
v 78.455 		-133.767 		86.91
v -83.359 		-106.807 		84.897
v -54.809 		-203.401 		112.647
v -53.948 		-203.894 		114.264
v 25.615 		-206.942 		54.515
v -82.766 		-111.046 		85.214
v -56.44 		-200.94 		112.2
v 60.547 		140.28 		83.902
v 89.73 		6.25 		19.24
v 60.664 		137.219 		86.329
v 28.641 		-205.008 		54.063
v 62.952 		142.974 		89.041
v 80.451 		-146.542 		87.454
v -88.388 		-107.428 		84.762
v -87.734 		-111.121 		86.852
v 84.871 		7.408 		20.392
v 83.941 		4.728 		20.105
v 63.239 		135.876 		86.293
v -87.952 		-108.586 		82.768
v -87.764 		-111.897 		85.073
v -39.653 		161.522 		38.2
v -47.466 		157.013 		37.416
v 75.347 		-163.408 		88.594
v 77.115 		-157.938 		88.223
v 0 		209.373 		72
v -0.343 		209.395 		72
v -0.68 		209.462 		72
v 85.634 		1.99 		19.869
v -51.9 		-199.35 		106.926
v -1.006 		209.573 		72
v -1.314 		209.725 		72
v 78.758 		-152.523 		87.858
v -1.6 		209.915 		72
v -1.858 		210.142 		72
v -79.343 		-126.515 		96.239
v -2.085 		210.4 		72
v 70.768 		-161.11 		88.89
v -80.044 		-122.848 		96.103
v -2.275 		210.686 		72
v 72.224 		-156.573 		88.56
v -80.67 		-119.561 		95.429
v -81.277 		-115.941 		95.167
v 41.998 		143 		67
v 41.998 		145.003 		67
v -2.427 		210.995 		72
v 35.003 		143 		67
v -2.538 		211.32 		72
v 35.003 		151 		67
v 74.092 		-150.416 		88.116
v -2.605 		211.657 		72
v -2.628 		212 		72
v -2.605 		212.343 		72
v -80.876 		-119.029 		81.925
v 30.629 		-208.236 		49.823
v -80.731 		-123.034 		86.115
v -2.538 		212.68 		72
v -2.427 		213.006 		72
v -79.236 		-130.296 		86.654
v -2.275 		213.314 		72
v -2.085 		213.6 		72
v -1.858 		213.858 		72
v -1.6 		214.085 		72
v 71.942 		14.582 		24.086
v -1.314 		214.275 		72
v -1.006 		214.427 		72
v -0.68 		214.538 		72
v 69.913 		229.899 		59.917
v -0.343 		214.605 		72
v 0 		214.628 		72
v -58.379 		-197.035 		113.038
v 2.275 		210.686 		72
v 67.659 		231.818 		60.019
v -33.273 		154.216 		35.288
v 2.085 		210.4 		72
v 25.872 		-204.959 		52.198
v 1.858 		210.142 		72
v 67.169 		16.07 		22.617
v 1.6 		209.915 		72
v 68.328 		230.876 		58.421
v 1.314 		209.725 		72
v 1.006 		209.573 		72
v 0.68 		209.462 		72
v 0.343 		209.395 		72
v -40.101 		151.235 		39.626
v -34.828 		154.629 		40.29
v 2.538 		212.68 		72
v 2.605 		212.343 		72
v 2.628 		212 		72
v 2.605 		211.657 		72
v 2.538 		211.32 		72
v 65.542 		232.531 		57.663
v 2.427 		210.995 		72
v -57.591 		-199.127 		111.874
v 66.263 		232.623 		59.609
v 32.202 		-206.695 		49.366
v 0.343 		214.605 		72
v 70.881 		229.523 		62.051
v 0.68 		214.538 		72
v 79.778 		12.599 		24.086
v 1.006 		214.427 		72
v 80.949 		7.408 		24.438
v 1.314 		214.275 		72
v -58.017 		-198.438 		111.753
v 1.6 		214.085 		72
v 81.073 		-139.553 		80.225
v 1.858 		213.858 		72
v 2.085 		213.6 		72
v 81.529 		-136.856 		78.752
v 2.275 		213.314 		72
v 2.427 		213.006 		72
v -37.013 		154.629 		40.46
v 29.803 		-212.14 		51.248
v 79.569 		-144.493 		79.592
v -78.622 		-129.802 		97.044
v 7 		218 		72
v -36.484 		149.517 		33.845
v 29.294 		-209.231 		50.379
v 7 		204 		72
v -38.772 		149.517 		34.018
v -50.511 		-209.306 		113.747
v -94.48 		-126.771 		96.717
v 1.0508 		200.2586 		45.962
v 0.001 		200.7804 		45.9743
v -95.838 		-119.119 		95.697
v 68.969 		229.454 		55.915
v 66.615 		231.712 		57.035
v 32.071 		-210.714 		52.108
v -85.003 		-123.764 		96.261
v 67.53 		230.755 		56.061
v 5.9685 		198.345 		45.917
v 66.38 		231.594 		56.15
v -51.367 		-208.193 		113.539
v 69.907 		31.875 		16.294
v 0 		198.345 		45.917
v 74.438 		-136.025 		67.648
v 71.274 		3.583 		16.257
v 67.109 		12.681 		15.093
v -63.262 		162.483 		46.187
v 76.577 		-131.757 		73.157
v 74.767 		223.382 		62.051
v 29.038 		-209.231 		50.675
v 75.454 		221.726 		62.051
v 67.028 		22.137 		15.196
v -83.555 		-130.837 		97.215
v 74.028 		224.916 		62.051
v -82.065 		-115.548 		85.553
v -53.118 		-205.82 		113.094
v -59.796 		149.642 		41.818
v 64.42 		64.119 		24.086
v 30.405 		-209.23 		51.82
v -52.851 		156.06 		42.778
v -86.179 		-120.319 		88.513
v -52.383 		-206.833 		113.281
v -84.751 		-128.755 		86.241
v -85.364 		-125.757 		86.034
v -85.955 		-122.694 		85.823
v 53.234 		53.345 		19.98
v -49.506 		155.402 		42.133
v 72.1 		228.035 		62.051
v 59.372 		63.612 		22.556
v 0 		177.939 		45.961
v -86.793 		-117.983 		85.497
v 27.032 		-210.719 		51.493
v 49.467 		62.642 		19.684
v 26.122 		-211.67 		51.621
v 76.137 		-153.454 		76.401
v 66.969 		226.964 		64.917
v 59.812 		53.963 		21.877
v 67.379 		226.002 		62.959
v -50.307 		163.633 		39.744
v -65.157 		-205.974 		112.855
v 42.15 		61.93 		17.664
v 0.1223 		178.0974 		41.1872
v -60.971 		-212.111 		113.96
v -58.028 		159.021 		39.215
v 28.441 		-210.722 		52.618
v -81.465 		-110.799 		75.727
v 77.424 		-147.587 		73.395
v -63.108 		-209.074 		113.407
v 6.466 		179.219 		41.942
v -63.789 		-207.195 		107.972
v -61.76 		-210.158 		108.506
v 4.9741 		179.4029 		41.8852
v 46.641 		52.733 		18.16
v 20.923 		-210.146 		56.455
v -65.36 		160.363 		40.582
v 23.334 		-208.557 		55.466
v -63.44 		-209.243 		108.319
v 74.397 		-153.678 		68.677
v 69.937 		221.962 		62.824
v 67.982 		225.256 		62.935
v 45.408 		43 		17.307
v 47.401 		33.565 		17.47
v 68.827 		223.881 		62.566
v 0 		173.213 		44.506
v 20.745 		-207.41 		52.817
v -55.364 		150.928 		36.356
v 16.608 		-207.233 		50.789
v 68.068 		225.071 		62.73
v 2.927 		171.402 		44.181
v -76.853 		-126.987 		67.737
v -60.325 		151.832 		37.309
v 5.377 		165.843 		42.449
v -78.36 		-128.156 		78.403
v -79.371 		-125.325 		80.657
v 53.62 		43.731 		19.532
v 73.878 		-156.7 		71.208
v 21.714 		-204.948 		50.101
v 0 		169.991 		43.435
v 70.77 		228.801 		59.378
v 72.26 		226.39 		58.368
v 68.905 		-155.745 		71.937
v 53.948 		34.128 		19.219
v -53.683 		148.505 		40.499
v 63.45 		44.626 		22.347
v -53.616 		-196.684 		106.447
v 0.001 		164.66 		37.02
v 3.067 		166.05 		37.772
v 0.001 		167.834 		38.1
v 0.001 		172.494 		39.569
v -82.325 		-127.256 		69.365
v 62.658 		50.299 		15.264
v 62.197 		59.809 		15.951
v 66.647 		225.897 		60.072
v 65.846 		226.721 		60.168
v -40.101 		141.749 		36.246
v -40.101 		139.347 		35.385
v -85.614 		-117.429 		76.858
v 0.001 		177.057 		40.898
v 55.767 		49.69 		13.352
v 74.524 		-165.154 		92.032
v 15.604 		-209.601 		53.594
v 51.822 		58.853 		13.052
v 55.011 		63.907 		14.408
v 11.48 		-209.275 		51.637
v -47.009 		147.242 		39.111
v -40.009 		-41.996 		35.999
v 0 		163.371 		41.048
v -33.276 		-220.493 		111.02
v -45.007 		-41.996 		35.999
v -36.659 		-217.492 		110.412
v -43.664 		146.605 		38.436
v 0.001 		158.132 		34.61
v 36.341 		51.775 		15.484
v 73.43 		225.142 		60.011
v 34.48 		61.179 		15.645
v -40.092 		-214.124 		109.738
v 5.634 		160.57 		36.025
v -40.101 		143.504 		36.853
v -16.255 		-0.517 		3.163
v 69.505 		-164.828 		89.166
v 31.793 		-213.05 		62.051
v 67.38 		224.988 		59.96
v -42.007 		146.173 		33.175
v 68.331 		223.517 		59.772
v 73.872 		-167.72 		88.89
v 30.025 		-214.126 		62.051
v -46.655 		-213.978 		114.646
v 44.157 		58.152 		11.015
v -30.265 		-8.88 		6.087
v 1.811 		159.147 		39.584
v 28.02 		-213.278 		57.602
v -29.849 		-15.512 		13.13
v -28.891 		-6.078 		12.782
v 36.122 		57.41 		8.977
v 34.409 		61.965 		8.944
v 69.371 		221.472 		59.501
v -44.944 		135.371 		34.743
v 0 		156.558 		38.332
v 69.929 		-178.068 		89.622
v -47.794 		-228.006 		111.865
v 66.273 		-173.545 		89.834
v 26.123 		-216.274 		62.051
v -46.374 		-227.88 		111.887
v -40.101 		132.817 		33.007
v -48.822 		-225.793 		107.989
v 56.172 		40.215 		12.9
v 26.193 		-215.508 		60.375
v 0 		151.653 		36.214
v 74.733 		221.078 		57.755
v 76.035 		219.802 		61.491
v -18.615 		-16.288 		10.671
v 76.092 		219.945 		62.051
v 72.143 		-172.431 		89.22
v 77.234 		215.99 		62.051
v 77.743 		213.807 		62.051
v 1.898 		153.972 		33.133
v 68.251 		-178.248 		83.661
v 48.861 		49.087 		11.515
v -57.901 		138.072 		37.937
v 18.827 		-214.682 		64.291
v -41.014 		-213.835 		101.36
v 47.569 		39.493 		10.655
v 0 		149.014 		34.999
v 35.447 		42.112 		14.821
v -62.638 		144.603 		35.387
v 22.42 		-213 		64.18
v 66.819 		-185.165 		90.143
v -56.235 		143.483 		34.056
v 68.397 		-181.672 		89.884
v -46.877 		-228.271 		100.15
v 65.993 		-182.457 		82.731
v 0.001 		151.42 		31.869
v 38.072 		48.141 		8.815
v 70.696 		220.201 		62.776
v 67.184 		-180.563 		83.689
v 21.868 		-218.29 		62.051
v 37.136 		38.617 		8.146
v -58.747 		-215.08 		114.509
v -54.992 		134.692 		36.336
v 72.392 		215.643 		64.528
v 72.397 		214.713 		62.672
v 0.001 		146.586 		29.732
v -52.029 		132.735 		35.146
v -19.789 		-25.681 		11.117
v 17.277 		-220.139 		62.051
v -59.374 		-214.935 		109.359
v 72.647 		-194.306 		90.774
v -57.224 		-217.688 		109.873
v 71.729 		217.12 		62.62
v 71.026 		216.779 		58.854
v 2.501 		144.132 		28.832
v 1.914 		144.8 		29.086
v -31.591 		-24.901 		13.729
v 26.117 		50.794 		13.071
v -19.498 		-18.943 		3.956
v -62.054 		136.833 		32.847
v -31.268 		-18.179 		6.439
v 70.377 		218.895 		59.149
v 0.001 		145.902 		29.41
v 17.737 		-219.248 		57.627
v 71.345 		218.397 		62.734
v 18.79 		59.574 		11.927
v -59.652 		-213.059 		109.038
v 67.231 		-172.177 		69.88
v 22.935 		-216.713 		59.574
v -48.348 		-4.637 		17.431
v 19.003 		-217.521 		57.795
v -13.669 		150.335 		32.547
v 19.334 		64.385 		12.343
v 1.295 		145.323 		29.27
v 66.019 		-167.455 		78.888
v -57.458 		-215.894 		109.567
v -63.126 		-12.993 		21.65
v 74.014 		222.423 		57.09
v 72.315 		224.834 		55.36
v 71.676 		226.334 		56.275
v 20.255 		60.571 		5.644
v -60.169 		-32.341 		21.365
v -61.662 		-22.666 		21.478
v -52.679 		-222.991 		110.887
v 0.631 		145.699 		29.379
v 27.687 		56.612 		6.976
v -46.871 		-14.292 		17.201
v -48.626 		-23.701 		17.883
v 73.588 		222.109 		55.012
v 71.358 		226.452 		55.56
v 70.124 		228.164 		55.766
v -52.802 		-221.366 		110.61
v 61.476 		-162.938 		123.103
v 19.685 		55.829 		5.224
v 62.195 		-162.812 		123.085
v 25.841 		-214.832 		54.54
v -14.737 		143.273 		29.578
v -51.268 		-223.666 		103.103
v -54.851 		-4.125 		19.152
v 12.628 		59.778 		4.072
v 8.445 		54.677 		3.019
v 25.607 		-214.832 		52.876
v -50.647 		-7.458 		10.779
v 63.45 		-161.571 		122.904
v -63.58 		-15.894 		14.333
v -40.559 		-233.604 		118.114
v 4.333 		140.274 		27.2
v -37.584 		-235.858 		118.568
v -34.519 		-237.989 		119
v -57.46 		-6.954 		12.516
v 3.948 		141.435 		27.709
v 3.28 		142.891 		28.327
v 62.826 		-162.452 		123.031
v 8.06 		58.405 		9.742
v 76.759 		214.07 		57.322
v 75.554 		215.948 		54.187
v 22.892 		-216.545 		55.669
v 12.053 		63.58 		10.785
v -12.002 		137.981 		31.178
v 66.999 		220.879 		53.946
v -11.201 		135.489 		25.64
v 21.524 		-216.205 		57.162
v 5.004 		135.429 		24.95
v 67.22 		216.877 		53.233
v 4.961 		136.669 		25.539
v 30.01 		47.418 		6.955
v 24.712 		46.933 		5.802
v 4.623 		139.113 		26.674
v 20.789 		37.198 		4.649
v -43.445 		-231.235 		117.639
v -14.261 		133.811 		29.484
v -49.099 		-16.975 		10.548
v -50.939 		-26.248 		11.235
v 24.423 		-213.523 		54.223
v -64.595 		-25.228 		14.862
v -43.894 		-231.548 		112.567
v 21.447 		-214.832 		53.461
v 73.216 		210.97 		62.63
v 60.758 		-162.812 		123.085
v 73.884 		208.997 		65.343
v 74.344 		205.27 		64.379
v 26.18 		41.265 		12.702
v -20.206 		144.287 		30.456
v 72.795 		208.231 		57.618
v 72.035 		212.514 		58.246
v -39.826 		-234.903 		113.239
v -27.393 		145.645 		31.592
v 59.658 		-161.899 		122.951
v 27.426 		37.783 		6.006
v 60.127 		-162.452 		123.031
v -34.115 		-238.994 		114.067
v -37.012 		-237.002 		113.663
v 22.375 		-214.832 		55.027
v -31.921 		139.739 		29.651
v -31.921 		143.273 		31.056
v 14.096 		36.591 		3.365
v -36.701 		-235.845 		113.486
v 4.833 		133.107 		23.776
v -12.016 		-38.051 		2.865
v 78.692 		208.754 		62.051
v -21.567 		138.722 		32.618
v -42.828 		-231.036 		112.516
v -31.55 		-47.118 		14.382
v 13.455 		40.055 		10.084
v -40.917 		-232.622 		112.835
v 74.846 		199.592 		62.572
v -2.0611 		199.806 		45.9514
v -29.935 		-34.521 		13.608
v -4.3199 		198.8891 		45.9298
v -5.8077 		198.345 		45.917
v 22.658 		-216.545 		54.005
v 20.578 		-216.545 		54.298
v -11.472 		-35.676 		9.589
v 73.821 		204.791 		60.17
v -16.679 		136.426 		26.638
v -19.622 		-47.821 		11.703
v -20.308 		137.058 		27.292
v 48.055 		9.67 		17.289
v 62.36 		-158.983 		122.527
v 62.956 		-159.395 		122.587
v 47.697 		23.998 		17.318
v 61.841 		-158.812 		122.502
v 79.606 		201.966 		62.051
v 61.15 		5.959 		20.833
v 76.27 		212.795 		53.746
v -31.359 		-36.914 		6.921
v 60.951 		15.522 		20.797
v -0.1206 		178.0974 		41.1872
v 57.479 		24.821 		19.945
v -20.554 		-50.023 		4.998
v 78.303 		205.985 		57.284
v -37.003 		-236.163 		105.886
v 77.376 		206.439 		52.817
v 18.499 		-216.545 		54.59
v 19.953 		-215.7 		54.026
v -22.592 		133.84 		26.103
v 56.515 		30.75 		12.583
v 62.36 		-159.345 		120.034
v 62.826 		-159.629 		120.075
v 60.214 		21.576 		13.316
v 49.658 		30.194 		10.818
v 61.841 		-159.175 		120.009
v -30.473 		135.626 		32.521
v -40.009 		-48.613 		29.827
v -40.009 		-48.308 		29.324
v -40.009 		-48.872 		30.122
v 19.793 		-215.7 		54.072
v -40.009 		-48.095 		28.776
v 39.274 		19.936 		8.122
v 38.936 		29.333 		8.245
v -0.045 		177.814 		45.927
v 20.306 		-215.268 		53.921
v -30.473 		132.093 		31.11
v -0.001 		177.85 		45.934
v -23.186 		-228.996 		95.153
v 37.489 		23.158 		14.797
v 37.167 		32.691 		14.919
v 59.409 		-157.377 		122.294
v -4.9739 		179.4029 		41.8852
v 59.997 		-159.395 		122.587
v -6.466 		179.219 		41.942
v -25.328 		-227.657 		94.995
v 60.592 		-158.983 		122.527
v -40.009 		-48.158 		27.036
v -40.009 		-48.504 		26.335
v -40.009 		-48.018 		27.607
v -40.009 		-47.993 		27.999
v 73.392 		203.917 		56.958
v 61.111 		-158.812 		122.502
v -40.009 		-49.019 		25.747
v -28.821 		-225.228 		94.717
v 73.874 		199.591 		56.26
v -25.691 		138.007 		28.261
v 17.855 		-216.53 		55.121
v 17.084 		-216.956 		55.42
v -30.722 		-223.783 		94.555
v 64.06 		2.985 		14.211
v -31.921 		136.264 		28.253
v 50.23 		11.346 		10.616
v 60.426 		-159.422 		120.045
v -31.921 		133.518 		27.109
v -0.001 		179.784 		42.089
v 57.051 		11.869 		12.35
v -45.007 		-48.613 		29.827
v 78.373 		198.259 		51.503
v 61.111 		-159.175 		120.009
v -45.007 		-48.221 		29.148
v 79.107 		196.691 		54.665
v -31.939 		-217.465 		83.959
v -2.18 		171.865 		44.264
v -2.258 		171.817 		44.255
v -42.007 		134.456 		28.896
v -42.007 		136.823 		29.765
v -45.007 		-48.395 		26.498
v -45.007 		-48.095 		27.222
v -45.74 		141.609 		31.974
v -42.007 		138.553 		30.377
v -45.007 		-48.005 		27.803
v -45.007 		-48.056 		28.583
v 63.295 		-159.821 		122.65
v 19.379 		-218.424 		57.012
v 63.45 		-160.149 		122.698
v -45.007 		-48.872 		25.876
v -3.883 		165.535 		42.222
v 40.536 		4.308 		15.41
v 61.71 		235.148 		62.051
v 63.576 		-160.86 		122.8
v -27.009 		-223.74 		89.493
v 58.593 		236.035 		62.051
v 18.541 		-218.733 		55.578
v 35.928 		13.487 		14.333
v -3.067 		166.05 		37.772
v 42.465 		1.357 		8.739
v 16.705 		-217.359 		55.268
v 37.639 		10.404 		7.653
v -31.093 		-225.513 		85.416
v -45.007 		-41.996 		17.581
v -40.948 		-41.996 		16.529
v 28.3 		28.466 		5.92
v 26.903 		18.974 		5.452
v 21.612 		18.555 		4.387
v 58.714 		230.894 		63.04
v 16.647 		-218.133 		57.262
v 60.974 		230.603 		65.398
v 61.66 		229.887 		62.939
v -6.163 		172.735 		40.118
v 25.68 		22.182 		12.152
v 63.497 		-160.686 		120.229
v -51.88 		135.126 		30.602
v 63.19 		-160.035 		120.134
v 27.014 		31.812 		12.616
v -50.431 		-45.848 		19.135
v -57.114 		136.008 		31.746
v 60.22 		230.115 		61.49
v 20.629 		21.757 		11.097
v -53.729 		-45.598 		20.047
v -1.813 		159.147 		39.584
v -4.066 		160.266 		35.795
v 63.617 		234.279 		61.264
v 63.56 		-161.403 		120.333
v 23.255 		-213.454 		52.787
v -80.347 		194.813 		62.051
v 60.962 		235.001 		60.204
v -8.491 		-227.929 		71.289
v -76.129 		184.474 		62.562
v -50.36 		-33.116 		18.629
v 65.189 		233.547 		61.13
v -1.898 		153.972 		33.133
v 21.969 		-214.398 		53.237
v 63.292 		233.906 		58.942
v -40.009 		-50.603 		30.976
v -40.009 		-50.032 		30.836
v -40.009 		-49.33 		30.49
v -40.009 		-51.387 		30.976
v -40.009 		-51.993 		31.002
v -76.478 		181.433 		64.14
v -40.009 		-51.993 		30.824
v -2.333 		148.402 		34.999
v 26.201 		3.221 		12.136
v 22.903 		-213.518 		53.143
v -19.304 		-223.022 		80.225
v 61.476 		-163.3 		120.609
v -40.009 		-56.602 		30.976
v 62.017 		-163.222 		120.598
v -3.981 		141.241 		27.675
v -40.009 		-55.997 		31.002
v 27.449 		0.286 		5.435
v 62.526 		-163.022 		120.568
v -40.009 		-55.997 		30.824
v 59.154 		230.225 		60.472
v 16.223 		-215.734 		64.327
v 12.246 		-217.129 		64.367
v 63.085 		-162.558 		120.501
v -0.683 		145.657 		29.374
v -1.605 		145.035 		29.179
v 63.372 		-162.098 		120.434
v -40.009 		-50.603 		25.022
v -40.009 		-51.387 		25.022
v -40.009 		-50.218 		25.099
v -3.877 		141.5 		27.786
v -40.009 		-49.67 		25.312
v -40.009 		-51.993 		25.174
v -40.009 		-51.993 		24.997
v 61.214 		229.629 		60.885
v -24.093 		-219.141 		77.393
v 8.209 		-218.35 		64.393
v -2.784 		143.658 		28.665
v -78.894 		192.693 		50.509
v -79.439 		195.449 		55.902
v -3.98 		141.366 		27.735
v 11.837 		6.843 		9.169
v -74.439 		193.232 		55.149
v 59.58 		-159.985 		122.673
v 59.392 		-160.68 		122.773
v 14.787 		-221.017 		62.051
v 58.335 		-160.402 		122.734
v 12.402 		3.857 		2.441
v -40.009 		-55.997 		25.174
v -40.009 		-56.602 		25.022
v -40.009 		-56.994 		24.997
v -40.009 		-55.997 		24.997
v 56.887 		236.421 		62.051
v -22.065 		-215.685 		68.893
v -19.849 		-215.669 		66.947
v 86.173 		-28.275 		106.286
v 83.555 		-26.438 		116.164
v 59.455 		-161.396 		122.878
v 12.354 		-214.98 		59.883
v 51.623 		232.316 		63.003
v 56.798 		231.384 		63.08
v 14.868 		-213.684 		58.892
v 13.499 		-214.233 		59.21
v -45.007 		-49.167 		30.381
v 9.365 		-213.834 		57.38
v -45.007 		-49.846 		30.773
v -45.007 		-50.603 		30.976
v 85.821 		-15.157 		105.869
v -28.195 		-213.565 		71.3
v -45.007 		-51.387 		30.976
v -45.007 		-51.993 		31.002
v -45.007 		-51.993 		30.824
v 54.126 		236.935 		62.051
v 78.681 		-26.636 		114.893
v -75.278 		181.433 		53.074
v -45.007 		-56.994 		31.002
v 9.708 		-220.871 		57.825
v -76.478 		181.433 		53.249
v -45.007 		-56.602 		30.976
v 78.202 		-3.071 		113.803
v -45.007 		-55.997 		31.002
v -45.007 		-55.997 		30.824
v 9.531 		-220.895 		57.898
v -45.007 		-50.218 		25.099
v -45.007 		-49.494 		25.399
v 55.931 		235.897 		58.883
v -45.007 		-51.993 		24.997
v -45.007 		-51.993 		25.174
v -45.007 		-51.387 		25.022
v -4.635 		138.983 		26.644
v -5.004 		135.419 		24.951
v 52.852 		236.363 		58.771
v 52.651 		231.585 		60.53
v -45.007 		-55.997 		25.174
v 10.976 		-220.045 		57.764
v -9.55 		-235.162 		95.872
v -45.007 		-55.997 		24.997
v -16.034 		-232.698 		95.588
v -45.007 		-56.994 		24.997
v -74.903 		186.859 		53.92
v -13.143 		-233.903 		95.728
v 56.84 		230.811 		60.501
v 59.658 		-160.183 		120.156
v 87.171 		-39.937 		103.797
v -40.009 		-57.386 		30.976
v -40.009 		-59.768 		29.148
v 83.574 		-56.966 		118.24
v 83.404 		-64.693 		118.962
v -40.009 		-59.376 		29.827
v 59.502 		-160.512 		120.204
v -40.009 		-59.117 		30.122
v 83.664 		-49.111 		117.588
v -40.009 		-58.822 		30.381
v -40.009 		-58.143 		30.773
v -40.009 		-57.771 		30.899
v 83.678 		-39.976 		116.944
v 59.805 		234.444 		56.409
v 57.528 		234.996 		56.448
v 61.284 		233.994 		56.374
v 10.136 		-222.583 		60.279
v 62.539 		233.753 		57.117
v 59.408 		-161.583 		120.359
v 59.392 		-161.042 		120.28
v 10.777 		-222.254 		62.051
v -12.093 		-239.728 		94.781
v 63.709 		233.058 		56.293
v -80.754 		174.912 		51.468
v -4.623 		131.988 		23.214
v -14.812 		-238.754 		94.691
v -4.406 		131.231 		22.815
v 13.135 		-221.343 		59.254
v -4.815 		132.984 		23.73
v 64.971 		232.436 		56.235
v 59.997 		-159.759 		120.094
v -40.009 		-59.971 		28.391
v -40.009 		-59.997 		27.999
v -67.41 		178.239 		50.889
v -40.009 		-59.768 		26.85
v -40.009 		-59.894 		27.222
v -75.65 		175.243 		51.602
v 78.807 		-40.672 		115.684
v 78.799 		-49.18 		116.269
v -7.937 		-235.63 		85.15
v 9.975 		-221.382 		59.716
v 9.542 		-222.722 		58.738
v -76.919 		174.333 		51.585
v -40.009 		-58.319 		25.312
v -40.009 		-59.594 		26.498
v -40.009 		-57.771 		25.099
v 78.687 		-58.449 		117.039
v 59.502 		-161.933 		120.411
v -40.009 		-58.969 		25.747
v -13.506 		-233.968 		85.044
v -40.009 		-59.376 		26.171
v -9.833 		-234.984 		84.863
v 60.758 		-163.175 		120.591
v 59.762 		-162.41 		120.479
v -75.681 		174.301 		51.126
v -11.753 		-233.712 		83.548
v 53.492 		235.697 		56.493
v -15.397 		-232.45 		83.471
v 0 		104.847 		34.999
v 50.324 		236.085 		56.514
v -45.007 		-59.117 		30.122
v -45.007 		-59.485 		29.663
v -45.007 		-59.831 		28.962
v 99.544 		-3.535 		84.452
v -7.611 		-250.482 		95.566
v -45.007 		-58.495 		30.599
v 49.028 		237.651 		62.051
v 99.878 		-14.296 		85.088
v 99.873 		-16.973 		90.312
v -45.007 		-57.771 		30.899
v 33.367 		238.842 		62.051
v 40.677 		238.409 		62.051
v 44.884 		238.074 		62.051
v -16.353 		-248.011 		95.329
v -13.866 		-248.841 		95.408
v 60.276 		-162.918 		120.552
v 7.015 		-221.782 		59.15
v -76.062 		167.835 		49.52
v -81.738 		167.727 		56.149
v -45.007 		-59.984 		28.195
v -45.007 		-59.932 		27.415
v -45.007 		-57.578 		25.061
v -45.007 		-59.768 		26.85
v -21.439 		-229.998 		95.273
v 57.357 		-140.769 		103.458
v -45.007 		-58.143 		25.225
v 59.242 		-132.813 		102.389
v -18.815 		-231.385 		95.436
v -45.007 		-58.822 		25.617
v 38.462 		233.596 		63.081
v -45.007 		-59.376 		26.171
v 46.309 		232.96 		63.013
v 41.618 		232.664 		60.539
v 49.119 		232.037 		60.541
v 15.553 		-218.133 		55.718
v 53.816 		-144.249 		101.371
v -20.557 		-236.23 		94.46
v -23.377 		-234.769 		94.326
v -79.495 		185.03 		48.991
v 84.84 		-0.179 		84.003
v 55.416 		-138.105 		100.542
v -68.283 		191.311 		48.706
v 0 		127.598 		20.353
v -17.688 		-237.565 		94.582
v -72.371 		185.865 		48.13
v 2.501 		128.188 		20.993
v 3.579 		129.445 		21.77
v 14.452 		-220.671 		57.056
v 15.695 		-217.471 		55.65
v 4.004 		130.241 		22.225
v 4.315 		131.01 		22.652
v -45.007 		-56.937 		18.177
v 56.536 		-143.871 		101.331
v 57.697 		-139.43 		100.734
v 13.201 		-219.147 		56.607
v -45.007 		-55.162 		18.087
v 6.099 		127.622 		21.159
v 89.266 		-0.234 		89.13
v 42.723 		236.678 		56.539
v 54.352 		-142.295 		98.561
v 44.755 		236.554 		56.535
v -40.009 		-62.371 		17.074
v -28.872 		-231.441 		94.023
v 36.018 		235.324 		55.989
v -79.938 		178.604 		47.562
v -66.753 		172.777 		44.213
v -40.009 		-65.044 		17.186
v -77.312 		174.588 		46.192
v 12.754 		-219.282 		56.859
v -26.111 		-233.202 		94.183
v 1.914 		127.814 		20.723
v -25.199 		-244.223 		94.982
v 89.693 		-13.745 		89.913
v -65.335 		-55.271 		24.086
v 64.42 		228.956 		64.951
v 89.612 		-11.186 		89.764
v 59.597 		224.912 		59.241
v 12.951 		-219.102 		57.028
v -68.826 		179.213 		46.101
v 0.72 		127.523 		20.413
v 14.871 		-218.132 		56.288
v 63.892 		228.706 		62.408
v 84.356 		-8.204 		89.484
v -60.372 		-57.82 		22.644
v -80.577 		168.939 		45.243
v 50.867 		-153.827 		102.672
v 52.368 		-149.177 		102.037
v -66.221 		166.608 		42.475
v 62.984 		228.729 		60.369
v -30.904 		-241.083 		94.699
v 53.213 		-154.714 		102.792
v 55.278 		-148.276 		101.921
v 65.497 		228.245 		64.95
v 90.219 		-13.291 		84.843
v -34.945 		-34.196 		14.768
v -21.662 		-245.746 		97.108
v -70.321 		167.671 		48.609
v 9.072 		-216.911 		52.791
v 50.928 		-153.612 		100.099
v 52.093 		-150.07 		99.615
v -42.976 		-36.19 		9.571
v -45.862 		-36 		10.265
v 62.918 		229.338 		62.968
v 85.17 		-13.79 		84.784
v 61.831 		229.275 		60.413
v 23.923 		-198.612 		43.476
v 55.061 		-148.996 		104.561
v 19.332 		-199.963 		42.495
v -77.577 		163.759 		63.566
v 51.886 		225.712 		58.969
v -78.933 		140.794 		63.627
v 66.438 		-9.633 		89.337
v -18.093 		-247.221 		97.272
v 27.815 		-204.476 		44.319
v -40.009 		-41.996 		16.295
v 66.438 		-9.631 		86.813
v -18.977 		-247.015 		95.237
v -79.385 		132.032 		61.448
v -21.49 		-245.966 		95.14
v 55.402 		220.999 		58.097
v -82.84 		157.937 		62.051
v 51.108 		-160.586 		106.148
v 60.661 		218.077 		57.923
v -83.471 		140.335 		54.189
v -40.455 		-48.889 		9.412
v 79.766 		-0.394 		83.939
v 52.516 		-156.758 		105.616
v 79.768 		-10.544 		84.498
v 49.558 		-157.539 		103.187
v 60.544 		228.77 		55.012
v -36.606 		-36.594 		8.092
v 0.001 		121.307 		17.149
v 30.811 		-199.619 		48.699
v 5.552 		120.539 		17.511
v -33.961 		-43.018 		7.705
v 84.677 		-23.603 		90.963
v 24.103 		-205.917 		44.044
v -52.754 		-35.528 		11.989
v 32.765 		-206.381 		48.995
v -52.828 		-48.078 		12.498
v -56.284 		-47.831 		13.419
v -63.03 		-34.763 		14.748
v 53.673 		225.624 		53.85
v -81.458 		155.603 		41.77
v -44.088 		-211.158 		93.222
v -75.839 		151.563 		44.965
v -68.125 		156.721 		45.22
v 50.443 		-162.26 		103.844
v 20.776 		-207.246 		44.013
v 20.049 		-208.491 		45.304
v -73.344 		161.756 		42.157
v -47.936 		-206.163 		96.654
v -64.891 		-47.172 		15.836
v 62.185 		220.061 		53.294
v 59.409 		-159.746 		106.004
v 89.874 		-23.603 		90.963
v 55.346 		217.303 		52.174
v -63.242 		-59.877 		16.038
v -42.691 		-64.456 		10.611
v -41.94 		-210.853 		88.154
v -33.049 		-49.33 		7.703
v 48.163 		-161.209 		103.706
v -32.783 		-65.027 		8.219
v 33.42 		229.322 		59.29
v 24.024 		-197.987 		34.572
v 48.398 		-160.576 		101.074
v 33.039 		225.777 		58.212
v -45.13 		-212.723 		83.146
v 88.716 		-25.328 		95.897
v 88.815 		-25.112 		95.468
v 3.243 		104.847 		30.354
v 0.524 		104.847 		31.528
v 1.168 		104.847 		31.417
v -52.561 		-200.232 		92.141
v 83.383 		-26.561 		96.607
v 33.6 		228.563 		53.791
v -49.379 		-204.694 		92.574
v 45.331 		227.845 		54.025
v -67.629 		153.128 		38.774
v 3.884 		104.847 		29.7
v 58.001 		-167.264 		123.731
v 58.547 		-167.28 		123.734
v 21.453 		-199.529 		34.704
v 83.614 		-25.112 		95.468
v 34.643 		223.141 		52.342
v -84.259 		-26.686 		60.868
v 83.389 		-26.2 		96.531
v 57.465 		-167.374 		123.747
v -83.007 		-4.304 		50.964
v 1.914 		104.847 		31.181
v -83.498 		-27.427 		49.911
v 27.681 		-200.449 		39.603
v 42.259 		223.752 		52.85
v -77.695 		154.809 		40.896
v 83.426 		-25.762 		96.318
v 23.087 		-200.752 		37.148
v 4.261 		104.847 		29.165
v 83.474 		-25.481 		96.085
v -84.273 		-15.779 		64.726
v 35.909 		221.809 		57.275
v -59.928 		-198.16 		91.152
v -56.725 		-203.17 		91.562
v 4.782 		104.847 		27.999
v 18.824 		-201.622 		35.682
v -77.815 		139.193 		42.288
v 59.662 		-167.863 		123.818
v 44.677 		216.929 		51.4
v -89.07 		-25.583 		58.195
v 59.067 		-167.451 		123.758
v -89.291 		-23.143 		62.051
v -88.783 		-5.577 		62.051
v 46.683 		217.402 		56.781
v 47.366 		213.63 		56.025
v 88.586 		-26.561 		96.607
v 88.595 		-26.083 		96.494
v -64.398 		-208.319 		91.874
v -78.606 		146.695 		44.464
v -61.639 		-212.21 		92.194
v 17.079 		-206.001 		40.546
v -77.695 		140.814 		42.225
v -55.042 		-205.588 		91.762
v 14.327 		-202.31 		43.021
v 10.328 		-204.452 		44.309
v 7.211 		-204.25 		42.751
v -74.37 		138.822 		35.686
v -82.278 		-4.859 		38.981
v 32.783 		213.608 		50.041
v -78.088 		133.812 		40.334
v -72.177 		136.369 		39.892
v -82.501 		-4.697 		42.524
v 15.507 		-209.618 		44.796
v 4.784 		114.804 		14.6
v -87.832 		-9.049 		45.693
v 11.532 		-212.4 		47.165
v -79.385 		132.032 		40.776
v -54.152 		-196.663 		89.822
v 57.329 		204.838 		55.128
v 56.858 		210.309 		56.098
v 2.079 		111.597 		12.709
v -87.196 		-9.558 		35.908
v 60.251 		-169.688 		124.084
v 60.251 		-168.966 		123.979
v 0.001 		111.572 		12.409
v -53.579 		-203.661 		84.437
v -51.1 		-206.166 		83.226
v 60.079 		-168.452 		123.904
v -82.87 		-28.016 		41.042
v 59.738 		209.272 		51.033
v 90.498 		-26.751 		85.75
v 2.805 		105.947 		10.431
v 7.778 		-211.537 		44.61
v 0.001 		105.777 		9.94
v -82.408 		-16.61 		37.275
v -49.377 		-210.425 		87.622
v 6.56 		100.554 		9.167
v 91.203 		-30.811 		86.035
v -82.343 		141.698 		38.059
v 3.156 		103.074 		9.411
v 65.266 		197.069 		49.436
v 0.001 		103.477 		9.067
v -36.847 		-218.547 		93.988
v 84.63 		-17.387 		90.06
v 12.826 		-197.622 		35.746
v 12.047 		-199.926 		38.515
v 64.939 		200.578 		55.208
v 52.432 		197.397 		53.262
v 51.798 		197.397 		53.203
v -34.685 		-220.496 		94.196
v 60.079 		-170.202 		124.159
v -87.621 		-26.987 		37.555
v 59.791 		-170.662 		124.225
v 85.502 		-29.925 		85.897
v 0.001 		101.161 		8.254
v 8.926 		-199.877 		36.826
v 59.382 		-171.023 		124.278
v -61.348 		115.646 		85.71
v -87.235 		-27.296 		32.868
v -61.562 		106.003 		85.5024
v -63.571 		126.078 		86.005
v -40.194 		-215.307 		93.648
v 0.445 		99.766 		7.864
v 58.724 		-171.327 		124.322
v 58.183 		-171.405 		124.333
v -64.115 		105.56 		88.007
v -64.114 		105.56 		85.486
v -62.003 		106.003 		85.5012
v 4.752 		96.99 		25.43
v 90.6 		-32.58 		86.18
v -48.653 		-213.658 		92.449
v 5.004 		96.99 		26.966
v 4.885 		96.99 		27.999
v -89.471 		-42.627 		60.031
v -57.518 		100.066 		70
v 14.993 		-201.783 		33.672
v -57.766 		100.15 		70
v -58.001 		100.266 		70
v 72.89 		-27.419 		90.588
v -58.219 		100.411 		70
v -58.416 		100.584 		70
v 66.67 		-21.528 		90.103
v -58.589 		100.781 		70
v 4.333 		96.99 		24.461
v 3.628 		96.99 		23.545
v -58.734 		100.999 		70
v 1.914 		96.99 		22.339
v 1.295 		96.99 		22.128
v -58.85 		101.234 		70
v 57.818 		-171.374 		124.328
v 2.773 		96.99 		22.81
v -58.934 		101.482 		70
v -84.545 		-36.689 		62.479
v 41.166 		212.077 		55.331
v -58.985 		101.739 		70
v -59.003 		102 		70
v 0.298 		96.99 		21.977
v 0 		96.99 		21.958
v -58.985 		102.261 		70
v 41.166 		212.077 		56.5756
v -57.261 		100.015 		70
v -57 		99.998 		70
v -44.665 		-218.003 		92.826
v -55.999 		100.266 		70
v -56.234 		100.15 		70
v -56.482 		100.066 		70
v -56.739 		100.015 		70
v -84.41 		-55.15 		60.497
v -55.015 		102.261 		70
v 79.768 		-30.822 		85.855
v -54.998 		102 		70
v -55.015 		101.739 		70
v -55.066 		101.482 		70
v -55.15 		101.234 		70
v -55.266 		100.999 		70
v -55.411 		100.781 		70
v -55.584 		100.584 		70
v -84.387 		-49.557 		59.518
v -55.781 		100.411 		70
v 1.814 		90.558 		11.581
v 84.714 		-5.687 		71.571
v 0 		95.669 		12.255
v 4.574 		92.481 		12.412
v 57.066 		-171.061 		124.283
v -58.934 		102.518 		70
v 8.104 		-202.059 		39.764
v -58.85 		102.766 		70
v 56.832 		-167.735 		123.8
v -58.734 		103.001 		70
v 85.579 		-6.497 		79.351
v -41.499 		-221.158 		93.103
v 39.073 		209.329 		49.505
v -58.589 		103.219 		70
v -58.416 		103.416 		70
v 4.274 		96.99 		13.326
v -58.219 		103.589 		70
v 56.363 		-168.288 		123.88
v -58.001 		103.734 		70
v -57.766 		103.85 		70
v -57.518 		103.934 		70
v 0 		96.99 		12.557
v 13.257 		-205.976 		38.662
v -89.691 		-61.44 		64.282
v 90.628 		-5.038 		79.328
v -57.261 		103.985 		70
v -57 		104.003 		70
v 7.506 		-205.888 		35.882
v -56.739 		103.985 		70
v 56.098 		-169.146 		124.005
v -56.482 		103.934 		70
v -56.234 		103.85 		70
v -55.999 		103.734 		70
v -46.65 		-228.988 		93.628
v 90.066 		-10.767 		73.156
v -55.781 		103.589 		70
v 5.421 		83.233 		11.165
v -55.584 		103.416 		70
v -55.411 		103.219 		70
v -55.266 		103.001 		70
v 0 		84.563 		10.378
v -34.212 		-227.524 		93.67
v -55.15 		102.766 		70
v 56.573 		-170.662 		124.225
v 5.145 		86.326 		11.522
v -55.066 		102.518 		70
v 37.768 		207.44 		49.549
v 37.316 		207.604 		49.549
v 56.161 		-169.863 		124.109
v 0 		89.08 		11.027
v 8.924 		-207.036 		38.281
v 38.129 		207.211 		49.549
v 56.363 		-170.366 		124.182
v -52.003 		106 		70
v -52.003 		98.304 		70
v 4.161 		94.265 		6.915
v -82.921 		-39.645 		40.547
v 85.937 		-26.025 		79.911
v 0.001 		93.951 		6.151
v 0.001 		97.614 		7.149
v 85.825 		-19.434 		79.679
v 1.113 		93.872 		6.303
v 0.001 		91.405 		5.555
v -52.003 		106 		75.998
v -57.518 		100.066 		75.998
v 38.735 		205.486 		49.549
v -57.766 		100.15 		75.998
v 38.761 		205.961 		49.549
v -58.001 		100.266 		75.998
v -88.592 		-43.605 		48.322
v -58.219 		100.411 		75.998
v -58.416 		100.584 		75.998
v 38.524 		206.724 		49.549
v -58.589 		100.781 		75.998
v 38.556 		206.681 		49.549
v -58.734 		100.999 		75.998
v 17.588 		-197.141 		29.492
v -58.85 		101.234 		75.998
v -58.934 		101.482 		75.998
v -58.985 		101.739 		75.998
v -59.003 		102 		75.998
v 90.895 		-19.704 		79.676
v 90.447 		-23.967 		74.458
v -58.985 		102.261 		75.998
v -57 		99.998 		75.998
v -57.261 		100.015 		75.998
v -55.999 		100.266 		75.998
v -56.234 		100.15 		75.998
v -56.482 		100.066 		75.998
v 36.789 		207.62 		49.549
v -56.739 		100.015 		75.998
v -79.015 		-59.994 		46.998
v 35.673 		207.092 		49.549
v -55.015 		102.261 		75.998
v 36.347 		207.529 		49.549
v -54.998 		102 		75.998
v -55.015 		101.739 		75.998
v -55.066 		101.482 		75.998
v -55.15 		101.234 		75.998
v -79.015 		-63.491 		44.311
v -79.015 		-63.18 		43.816
v -55.266 		100.999 		75.998
v -79.015 		-64.732 		44.979
v -55.411 		100.781 		75.998
v 10.168 		-199.593 		27.858
v 4.792 		88.262 		5.714
v -55.584 		100.584 		75.998
v -55.781 		100.411 		75.998
v 1.902 		86.367 		4.875
v -79.015 		-64.993 		44.996
v 100.275 		-33.582 		91.487
v 100.408 		-36.406 		86.647
v -58.934 		102.518 		75.998
v -58.85 		102.766 		75.998
v 5.391 		82.197 		4.815
v -37.973 		-224.368 		93.389
v -58.734 		103.001 		75.998
v -79.015 		-63.883 		44.655
v 11.594 		-198.251 		27.008
v -58.589 		103.219 		75.998
v 54.311 		-170.53 		124.206
v -58.416 		103.416 		75.998
v 35.38 		204.977 		49.549
v -58.219 		103.589 		75.998
v 35.226 		205.356 		49.549
v 100.454 		-47.864 		92.637
v -58.001 		103.734 		75.998
v 35.167 		205.776 		49.549
v -57.766 		103.85 		75.998
v -57.518 		103.934 		75.998
v 0.001 		84.91 		4.316
v 35.319 		206.432 		49.549
v 35.208 		206.232 		49.549
v -57.261 		103.985 		75.998
v -57 		104.003 		75.998
v -56.739 		103.985 		75.998
v -33.144 		-218.505 		87.851
v -56.482 		103.934 		75.998
v -79.015 		-64.351 		44.886
v -56.234 		103.85 		75.998
v -55.999 		103.734 		75.998
v 3.79 		67.345 		9.448
v 41.166 		199.591 		52.863
v 41.166 		199.591 		53.7851
v -55.781 		103.589 		75.998
v -55.584 		103.416 		75.998
v 0 		67.445 		8.795
v -55.411 		103.219 		75.998
v -38.195 		-214.122 		87.563
v 5.946 		77.029 		10.596
v -55.266 		103.001 		75.998
v -79.015 		-63 		43.124
v 43.172 		197.397 		52.565
v 0 		80.695 		9.916
v -55.15 		102.766 		75.998
v -55.066 		102.518 		75.998
v 48.36 		197.397 		52.908
v 8.14 		-202.313 		30.579
v 100.381 		-61.843 		93.914
v 0 		73.297 		9.217
v 63.481 		-178.984 		125.435
v 5.679 		79.149 		4.455
v -52.003 		98.304 		75.998
v 0.001 		80.459 		3.662
v -79.015 		-63.455 		41.731
v 57.3 		-179.955 		125.795
v 100.54 		-50.672 		87.824
v -79.015 		-63.101 		42.351
v 57.828 		-178.984 		125.435
v 100.375 		-63.885 		92.725
v 0.001 		76.647 		3.195
v 100.42 		-64.192 		89.704
v -79.015 		-64.351 		41.102
v 7.003 		-197.93 		23.795
v 35.474 		197.397 		52.135
v -79.015 		-65.511 		41.06
v 100.508 		-59.08 		88.583
v 37.375 		204.079 		49.549
v 38.002 		204.359 		49.549
v -54.603 		-220.888 		92.926
v 38.406 		204.744 		49.549
v -79.015 		-63.774 		41.406
v -58.741 		-215.999 		92.51
v 7 		218 		57.8993
v 36.716 		204.053 		49.549
v -50.546 		-225.208 		93.299
v 6.229 		73.033 		3.881
v 35.789 		204.474 		49.549
v 35.866 		204.408 		49.549
v 36.227 		204.19 		49.549
v 7 		218 		49.1627
v 0.001 		69.356 		2.489
v 7 		218 		46
v 7 		217.6614 		49.0962
v 7 		217.324 		49.0337
v 63.045 		-179.83 		125.718
v 63.34 		-179.279 		125.496
v 0.001 		63.587 		2.064
v 7 		212.2122 		48.2098
v 7 		210.4067 		47.904
v 7 		209.396 		47.7254
v 88.719 		-36.03 		97.426
v 0 		55.623 		8.161
v 7 		204 		54.7705
v 7 		204 		46
v 0.001 		51.934 		1.425
v 90.288 		-38.926 		91.723
v 7 		204 		46.9177
v -35.797 		-212.667 		80.491
v 90.207 		-34.208 		91.362
v -82.956 		-51.123 		41.656
v -88.201 		-52.674 		44.049
v 0.001 		42.686 		1.061
v 38.761 		205.958 		48.821
v 38.116 		207.223 		49.032
v 37.319 		207.603 		49.064
v 84.925 		-38.201 		92.232
v 59.233 		-167.889 		121.277
v 0 		46.239 		7.801
v 58.547 		-167.642 		121.24
v -83.012 		-59.994 		46.998
v 57.818 		-167.642 		121.24
v -83.012 		-65.441 		46.998
v 38.733 		205.477 		48.725
v 85.097 		-38.52 		91.606
v 0.001 		26.298 		0.565
v 0 		29.613 		7.31
v -83.012 		-63.22 		45.642
v -52.483 		-197.333 		69.532
v 0 		8.879 		6.88
v 0.001 		5.862 		0.132
v 60.267 		-169.509 		121.512
v 60.156 		-168.979 		121.434
v -82.708 		-59.994 		40.983
v 59.791 		-168.354 		121.344
v -83.012 		-59.994 		44.468
v -82.974 		-59.994 		43.973
v 90.37 		-46.816 		92.38
v -88.046 		-61.358 		44.395
v 36.352 		207.532 		48.997
v 35.165 		205.797 		48.596
v 35.687 		207.106 		48.879
v 83.569 		-45.573 		98.251
v -36.626 		-217.083 		76.752
v -39.038 		-217.536 		81.547
v 36.786 		207.62 		49.038
v -82.807 		-62.997 		43.087
v 90.355 		-44.75 		92.201
v 59.382 		-171.386 		121.785
v 35.369 		204.992 		48.45
v -35.702 		-237.936 		94.418
v 58.724 		-171.689 		121.828
v -40.525 		-234.294 		94.095
v -44.636 		-230.818 		93.788
v -33.21 		-239.628 		94.569
v -82.861 		-63.201 		43.878
v 57.818 		-171.736 		121.836
v -38.411 		-235.95 		94.241
v 35.236 		205.319 		48.507
v 60.251 		-170.05 		121.591
v 60.156 		-170.4 		121.64
v 59.791 		-171.025 		121.732
v -4.299 		130.904 		22.634
v 91.198 		-40.942 		86.825
v 85.601 		-35.86 		86.347
v -82.892 		-63.883 		44.655
v -82.884 		-63.51 		44.333
v 46.313 		197.397 		47.62
v -3.928 		130.032 		22.138
v -0.653 		127.512 		20.4
v -70.322 		-198.662 		91.107
v -67.845 		-202.933 		91.441
v 90.689 		-38.61 		86.648
v -1.914 		127.803 		20.723
v -12.602 		228.98 		108.687
v -3.045 		128.688 		21.331
v -82.885 		-64.415 		44.899
v -1.228 		127.574 		20.512
v 58.183 		-171.768 		121.839
v 90.75 		-44.454 		87.125
v 45.54 		197.397 		47.571
v -10.082 		223.895 		107.028
v -82.863 		-64.993 		44.996
v -70.676 		-197.246 		106.253
v -69.54 		-197.712 		106.336
v 66.834 		-33.339 		88.439
v -82.766 		-63.02 		42.674
v 56.098 		-169.509 		121.512
v -65.738 		-204.168 		107.437
v -67.203 		-203.336 		107.279
v 56.209 		-168.979 		121.434
v 38.418 		204.759 		48.568
v -69.005 		-199.611 		111.758
v 56.363 		-168.65 		121.387
v 37.972 		204.337 		48.461
v 56.703 		-168.225 		121.325
v 37.321 		204.065 		48.373
v 36.485 		204.108 		48.338
v 35.814 		204.444 		48.367
v 66.834 		-33.339 		90.966
v -13.764 		218.016 		106.511
v -82.688 		-63.259 		41.993
v -12.602 		218.016 		108.687
v -82.598 		-63.883 		41.333
v -13.764 		220.191 		106.511
v 56.161 		-170.225 		121.616
v -67.608 		-201.089 		106.906
v 57.133 		-171.489 		121.8
v -82.509 		-65.52 		41.063
v 90.378 		-54.667 		93.074
v 90.385 		-50.538 		92.7
v 84.877 		-65.466 		94.602
v -65.378 		-159.397 		63.2
v -82.514 		-65.254 		41.009
v 33.467 		197.397 		46.889
v -82.522 		-64.993 		40.992
v 56.703 		-171.154 		121.75
v 84.983 		-57.483 		93.909
v -63.515 		-163.783 		63.249
v -82.562 		-64.283 		41.125
v -82.536 		-64.692 		41.017
v -63.068 		-161.336 		54.214
v 56.363 		-170.729 		121.688
v -82.645 		-63.51 		41.654
v 85.157 		-57.717 		93.279
v -10.082 		223.895 		106.167
v 27.817 		239.079 		62.051
v -10.082 		221.184 		106.167
v 90.296 		-62.44 		93.812
v 55.683 		-168.522 		115.143
v 56.695 		-165.614 		117.365
v 16.75 		239.378 		62.051
v -13.764 		224.547 		106.167
v -12.617 		224.554 		106.167
v -3.97 		104.847 		29.603
v -3.143 		104.847 		30.442
v -1.914 		104.847 		31.181
v -82.498 		-51.551 		36.659
v -0.781 		104.847 		31.494
v -63.009 		-139.264 		46.998
v -82.57 		-57.181 		38.585
v 85.732 		-50.379 		87.554
v -2.501 		104.847 		30.891
v -63.009 		-133.672 		44.5
v -63.009 		-133.328 		44.108
v 85.73 		-51.995 		87.599
v 85.729 		-51.995 		87.7
v -63.009 		-135.12 		44.992
v -63.009 		-132.996 		43.128
v -63.009 		-133.098 		43.64
v -63.009 		-134.6 		44.957
v -63.009 		-134.106 		44.79
v 18.195 		234.431 		63.26
v -87.653 		-53.225 		37.96
v -87.084 		-62.314 		34.582
v 29.101 		234.094 		63.176
v -12.617 		218.016 		106.167
v 56.625 		-180.858 		126.767
v 56.992 		-180.416 		126.164
v -61.285 		117.911 		83.25
v -10.082 		218.016 		106.167
v -63.009 		-133.03 		42.608
v -61.555 		106.003 		84.1207
v -13.764 		220.191 		106.167
v 90.71 		-62.192 		88.727
v -63.009 		-133.198 		42.114
v -63.009 		-133.487 		41.681
v -12.617 		220.191 		106.167
v -63.009 		-134.348 		41.107
v -63.009 		-135.12 		41.005
v -63.009 		-133.88 		41.337
v -61.5616 		106.003 		82.9802
v -4.782 		104.847 		27.999
v 62.316 		-180.858 		126.767
v -4.535 		104.847 		28.648
v 62.597 		-180.521 		126.271
v -62.003 		106 		75.998
v -81.13 		-3.603 		24.582
v 23.752 		230.764 		59.424
v -62.003 		106 		82.9842
v -62.003 		106.003 		82.9843
v 66.717 		-59.729 		93.3
v 66.847 		-50.982 		92.463
v 21.14 		233.355 		60.335
v -77.84 		-5.277 		18.299
v -63.009 		-136.949 		43.387
v 18.168 		231.802 		59.594
v -63.009 		-136.782 		43.881
v -63.009 		-136.1 		44.659
v 60.411 		-187.289 		122.915
v 69.307 		-51.995 		87.517
v -18.872 		214.799 		108.043
v -71.638 		-3.847 		24.086
v -25.126 		217.659 		109.919
v -63.009 		-135.632 		44.89
v 66.847 		-50.942 		89.929
v -67.544 		-3.049 		22.792
v -25.177 		221.548 		109.935
v -65.536 		106 		70
v 54.484 		-185.527 		126.407
v -57.518 		92.066 		70
v -63.009 		-136.149 		41.38
v -63.009 		-136.651 		41.889
v -57.766 		92.15 		70
v -63.009 		-136.882 		42.356
v -63.009 		-136.984 		42.867
v -58.001 		92.266 		70
v -58.219 		92.411 		70
v -63.009 		-135.632 		41.107
v 24.426 		233.308 		60.394
v -58.416 		92.584 		70
v -58.589 		92.781 		70
v -58.734 		92.999 		70
v -58.85 		93.234 		70
v 31.154 		233.145 		60.479
v -58.934 		93.482 		70
v -58.985 		93.739 		70
v -59.003 		94 		70
v -57.261 		92.015 		70
v -57 		91.998 		70
v -78.823 		-14.868 		24.086
v 66.718 		-59.704 		90.764
v 60.154 		-187.359 		123.693
v -55.411 		92.781 		70
v -55.584 		92.584 		70
v -55.781 		92.411 		70
v -55.999 		92.266 		70
v -56.234 		92.15 		70
v -81.566 		-14.356 		19.653
v -56.482 		92.066 		70
v -18.903 		214.601 		110.577
v -56.739 		92.015 		70
v -54.998 		94 		70
v -25.203 		225.96 		112.467
v 25.408 		232.477 		54.741
v -55.015 		93.739 		70
v 18.626 		231.182 		53.931
v -55.066 		93.482 		70
v -55.15 		93.234 		70
v -63.009 		-140.995 		43.128
v -55.266 		92.999 		70
v -63.009 		-142.6 		44.957
v -63.009 		-142.105 		44.79
v 56.507 		-193.891 		124.569
v -63.009 		-141.327 		44.108
v -63.009 		-141.097 		43.64
v 86.126 		-38.336 		80.441
v -58.985 		94.261 		70
v -63.009 		-141.672 		44.5
v 32.284 		237.113 		56.55
v -58.934 		94.518 		70
v -4.783 		114.804 		14.6
v 29.796 		230.566 		54.261
v -58.85 		94.766 		70
v 56.444 		-191.012 		130.043
v -86.773 		-9.849 		30.254
v -58.734 		95.001 		70
v 51.428 		-191.585 		125.852
v 52.755 		-188.597 		126.899
v -58.589 		95.219 		70
v 90.951 		-39.115 		77.734
v -58.416 		95.416 		70
v -58.219 		95.589 		70
v -58.001 		95.734 		70
v -5.335 		110.602 		12.79
v -57.766 		95.85 		70
v -57.518 		95.934 		70
v -57.261 		95.985 		70
v 18.149 		233.837 		54.973
v -57 		96.003 		70
v 49.765 		-194.592 		125.582
v 91.256 		-44.418 		80.724
v -63.009 		-142.728 		41.014
v -56.739 		95.985 		70
v -63.009 		-143.25 		41.014
v -56.482 		95.934 		70
v -63.009 		-141.097 		42.356
v -63.009 		-141.327 		41.889
v -56.234 		95.85 		70
v -63.009 		-141.672 		41.496
v -63.009 		-142.223 		41.149
v -90.062 		-0.375 		20.983
v 24.916 		235.124 		55.705
v -55.999 		95.734 		70
v -55.781 		95.589 		70
v -55.584 		95.416 		70
v -84.987 		-0.375 		20.479
v -55.411 		95.219 		70
v -25.146 		228.056 		101.498
v -55.266 		95.001 		70
v -55.15 		94.766 		70
v 86.24 		-50.114 		81.054
v -55.066 		94.518 		70
v 85.612 		-51.995 		73.997
v -2.804 		105.947 		10.431
v 55.196 		-194.024 		128.621
v -55.015 		94.261 		70
v 17.898 		235.14 		55.527
v 86.243 		-51.995 		81.163
v -85.897 		-0.375 		21.569
v -3.155 		103.074 		9.411
v -85.866 		-0.375 		21.572
v -52.003 		90 		70
v -25.126 		211.585 		109.919
v -52.003 		90 		75.998
v 22.887 		237.34 		56.555
v -25.239 		211.322 		101.452
v -25.633 		211.093 		102.103
v -57.518 		92.066 		75.998
v 91.309 		-53.445 		81.219
v -57.766 		92.15 		75.998
v -58.001 		92.266 		75.998
v -25.424 		211.21 		106.959
v -58.219 		92.411 		75.998
v -58.416 		92.584 		75.998
v -89.828 		-0.375 		19.319
v 64.717 		-180.765 		118.053
v -58.589 		92.781 		75.998
v -58.734 		92.999 		75.998
v -0.444 		99.766 		7.864
v 85.567 		-57.805 		73.997
v -58.85 		93.234 		75.998
v -58.934 		93.482 		75.998
v -58.985 		93.739 		75.998
v 85.561 		-58.575 		73.997
v -59.003 		94 		75.998
v -63.009 		-144.983 		43.128
v -63.009 		-144.881 		43.64
v -57 		91.998 		75.998
v -57.261 		92.015 		75.998
v -5.004 		96.99 		26.966
v -63.009 		-144.651 		44.108
v -4.885 		96.99 		27.999
v -63.009 		-144.307 		44.5
v 85.565 		-58.199 		73.997
v -4.436 		96.99 		24.693
v -4.785 		96.99 		25.527
v -63.009 		-143.873 		44.79
v -55.411 		92.781 		75.998
v -55.584 		92.584 		75.998
v -63.009 		-143.379 		44.957
v -55.781 		92.411 		75.998
v -55.999 		92.266 		75.998
v 58.567 		-181.47 		118.694
v -56.234 		92.15 		75.998
v -85.669 		-0.375 		19.904
v -56.482 		92.066 		75.998
v -56.739 		92.015 		75.998
v -54.998 		94 		75.998
v -55.015 		93.739 		75.998
v -25.203 		211.187 		112.467
v -55.066 		93.482 		75.998
v 91.272 		-62.357 		81.751
v -55.15 		93.234 		75.998
v 15.012 		233.385 		60.18
v -55.266 		92.999 		75.998
v 55.394 		-188.199 		118.643
v 13.757 		230.851 		58.941
v -86.08 		-12.426 		21.852
v -58.985 		94.261 		75.998
v 10.925 		233.37 		60.033
v -58.934 		94.518 		75.998
v 85.036 		-62.818 		69.174
v -63.009 		-144.949 		42.608
v -26.014 		211.01 		112.467
v -63.009 		-144.099 		41.337
v -63.009 		-144.492 		41.681
v -58.85 		94.766 		75.998
v -3.97 		96.99 		23.917
v -63.009 		-144.781 		42.114
v -58.734 		95.001 		75.998
v -58.589 		95.219 		75.998
v -63.009 		-143.631 		41.107
v -58.416 		95.416 		75.998
v -1.295 		96.99 		22.128
v -2.208 		96.99 		22.484
v -58.219 		95.589 		75.998
v -58.001 		95.734 		75.998
v -57.766 		95.85 		75.998
v -3.655 		96.99 		23.558
v -57.518 		95.934 		75.998
v -59.003 		96.003 		75.998
v -57.261 		95.985 		75.998
v -86.045 		-12.356 		21.853
v -57 		96.003 		75.998
v -56.739 		95.985 		75.998
v -36.036 		235.008 		100.332
v -48.483 		235.114 		99.389
v -56.482 		95.934 		75.998
v -56.234 		95.85 		75.998
v 7.421 		232.291 		59.244
v -55.999 		95.734 		75.998
v -55.781 		95.589 		75.998
v -85.163 		-12.311 		20.757
v -85.304 		-12.641 		20.514
v -55.584 		95.416 		75.998
v -55.411 		95.219 		75.998
v -55.266 		95.001 		75.998
v -55.15 		94.766 		75.998
v -61.718 		-143.301 		32.941
v -4.575 		92.481 		12.412
v -55.066 		94.518 		75.998
v -55.015 		94.261 		75.998
v -63.009 		-141.891 		33.169
v 58.441 		-193.696 		118.596
v 60.369 		-190.273 		118.028
v -6.527 		96.99 		13.743
v -48.114 		230.762 		105.395
v 64.293 		-31.822 		88.302
v 64.051 		-16.111 		87.195
v -63.009 		-147.988 		46.998
v 7.785 		233.351 		59.899
v -1.962 		89.026 		11.345
v -85.503 		-10.407 		20.244
v -63.756 		-155.424 		42.987
v -5.422 		83.233 		11.165
v -52.996 		234.766 		99.373
v -52.782 		230.426 		105.374
v 64.046 		-15.88 		84.658
v -54.674 		233.001 		101.564
v 64.249 		-27.714 		85.466
v -63.756 		-155.424 		40.983
v -85.847 		-12.426 		20.188
v -90.005 		-12.426 		19.603
v 54.311 		-172.906 		107.857
v 63.797 		-4.324 		83.968
v 13.938 		237.454 		56.556
v 12.94 		232.817 		54.226
v 56.372 		-167.932 		107.133
v -5.689 		94.454 		7.253
v -0.783 		96.834 		7.034
v -56.715 		229.991 		105.351
v -63.198 		233.562 		98.565
v -1.112 		93.872 		6.303
v -58.482 		233.546 		100.077
v 13.418 		230.155 		53.135
v -62.518 		-160.098 		47.846
v -90.24 		-12.426 		21.267
v -62.463 		-158.48 		43.555
v -61.37 		-159.811 		41.465
v -81.334 		-17.23 		24.94
v -81.445 		-25.484 		25.28
v 64.355 		-44.636 		86.821
v -37.961 		225.821 		112.467
v -4.791 		88.262 		5.714
v 64.359 		-44.75 		89.356
v 8.011 		235.775 		55.48
v -81.443 		-17.24 		25.667
v 63.245 		-178.306 		103.446
v -81.901 		-28.761 		29.439
v 53.074 		-172.231 		102.685
v -43.498 		225.712 		112.467
v -2.055 		84.857 		4.637
v -81.521 		-28.999 		25.617
v 7.435 		237.514 		56.555
v -66.69 		-31.78 		23.316
v -50.99 		225.407 		112.467
v -57.945 		224.634 		112.467
v 64.304 		-51.995 		87.484
v -55.772 		224.97 		112.467
v -70.664 		-16.409 		24.086
v 64.309 		-51.995 		89.997
v -61.476 		223.748 		112.467
v -62.827 		223.228 		112.467
v -64.095 		222.609 		112.467
v 27.211 		229.222 		59.025
v -55.549 		228.645 		107.427
v 64.013 		-51.995 		89.997
v -76.798 		-24.202 		18.457
v 64.132 		-62.52 		91.031
v -61.676 		-160.34 		41.895
v 28.213 		223.687 		57.387
v 64.297 		-53.663 		89.997
v 64.13 		-62.503 		89.997
v 64.304 		-52.756 		89.997
v 42.808 		-178.537 		108.869
v -55.877 		227.011 		109.625
v 46.321 		-171.747 		107.788
v 44.587 		-175.228 		108.334
v -59.598 		227.971 		107.402
v 18.829 		227.562 		57.992
v 64.013 		-51.995 		79.995
v -5.948 		77.029 		10.596
v -0.496 		71.647 		9.172
v -63.676 		224.474 		110.296
v -53.837 		-155.158 		32.847
v -62.738 		227.683 		106.571
v 61.994 		-55.733 		79.995
v 61.901 		-55.352 		79.995
v -81.999 		-16.897 		32.029
v 48.006 		-168.099 		107.234
v 61.671 		-54.884 		79.995
v 61.671 		-57.104 		79.995
v -0.518 		67.729 		2.444
v 61.901 		-56.636 		79.995
v -5.678 		79.149 		4.455
v 61.994 		-56.255 		79.995
v -6.229 		73.033 		3.881
v 21.344 		225.679 		57.55
v -86.696 		-27.681 		26.972
v -64.107 		-153.687 		40.481
v -65.256 		-149.684 		37.182
v 61.228 		-54.405 		79.995
v -63.315 		-154.328 		37.993
v 60.27 		-54.009 		79.995
v -5.899 		58.164 		9.327
v 58.347 		-54.884 		79.995
v 58.899 		-54.333 		79.995
v -64.462 		-150.94 		37.236
v -85.567 		-19.741 		20.594
v -85.304 		-24.24 		21.191
v 59.367 		-54.102 		79.995
v 26.833 		224.34 		52.247
v 60.775 		-54.144 		79.995
v -6.177 		54.439 		2.601
v 59.878 		-54.001 		79.995
v 43.415 		-171.956 		105.309
v -85.987 		-24.463 		20.63
v 46.678 		-164.834 		104.231
v -63.009 		-147.988 		35.285
v 46.294 		-165.73 		101.82
v -13.076 		251.483 		88.139
v -62.841 		-148.792 		35.486
v -8.827 		251.458 		90.979
v 46.448 		-171.483 		105.201
v 48.124 		-167.835 		104.652
v -86.221 		-24.463 		22.294
v 58.117 		-55.352 		79.995
v 22.216 		229.083 		53.405
v 58.024 		-55.733 		79.995
v -15.323 		251.295 		88.133
v 58.015 		-56.125 		79.995
v 19.083 		228.474 		52.988
v 58.117 		-56.636 		79.995
v 58.347 		-57.104 		79.995
v -86.19 		-24.303 		22.291
v -64.441 		-155.123 		32.778
v 39.712 		-178.891 		103.873
v 19.752 		222.033 		56.367
v 41.48 		-175.717 		103.356
v 39.712 		-178.89 		106.425
v 41.621 		-175.452 		105.863
v 19.533 		225.725 		52.145
v -50.65 		-161.727 		33.755
v 23.242 		222.893 		51.626
v 0 		-14.001 		6.765
v 0 		-3.233 		6.75
v -13.684 		237.695 		97.461
v 0.001 		-6.075 		0
v -13.443 		238.369 		96.595
v 43.173 		-172.447 		102.838
v -13.443 		240.968 		93.235
v -90.38 		-24.463 		21.71
v 17.589 		221.618 		56.079
v -13.469 		238.138 		96.892
v -90.147 		-24.463 		20.046
v -59.102 		-163.437 		39.761
v 0.001 		-16.687 		0.016
v -61.262 		-158.915 		38.853
v -61.195 		-158.401 		38.572
v 0 		-26.466 		6.949
v 42.811 		-178.538 		106.319
v -85.518 		-26.391 		20.965
v -85.661 		-27.568 		20.907
v -85.776 		-30.239 		20.972
v 44.671 		-175.066 		105.759
v 0.001 		-28.975 		0.202
v 31.828 		220.196 		51.462
v 61.671 		-57.104 		73.997
v 61.901 		-55.352 		73.997
v 61.671 		-54.884 		73.997
v 61.901 		-56.636 		73.997
v 61.999 		-56.059 		73.997
v 0 		-36.049 		7.169
v 0 		-47.346 		7.454
v 26.704 		219.629 		56.229
v 64.108 		-187.431 		109.893
v 0.001 		-38.419 		0.423
v -64.489 		-161.606 		35.373
v -85.991 		-28.744 		20.828
v 54.645 		-187.226 		110.012
v 0.001 		-49.554 		0.711
v 59.311 		-184.928 		109.575
v -64.61 		-160.924 		35.465
v 20.32 		220.843 		50.886
v 18.851 		214.53 		54.546
v 58.941 		-183.443 		113.541
v 5.937 		-88.141 		2.91
v 20.988 		216.694 		49.989
v 59.826 		-184.493 		109.501
v 0.001 		-95.889 		1.756
v 0.001 		-98.294 		1.809
v 18.403 		217.033 		55.039
v 0.001 		-84.343 		1.506
v -14.87 		-194.37 		32.899
v 57.125 		-189.703 		110.357
v 58.593 		-54.578 		73.997
v 58.347 		-54.884 		73.997
v 59.367 		-54.102 		73.997
v 58.899 		-54.333 		73.997
v 0 		-82.642 		8.242
v 61.119 		-54.333 		73.997
v 60.651 		-54.102 		73.997
v -70.756 		-5.893 		16.188
v 59.878 		-54.001 		73.997
v 5.667 		-86.496 		9.633
v 0 		-94.22 		8.487
v -31.015 		-195.569 		44.482
v 0 		-94.244 		8.487
v 0 		-98.245 		8.573
v 61.786 		-191.894 		110.624
v 9.232 		229.08 		57.769
v 61.781 		-191.905 		110.627
v -23.814 		-195.581 		39.959
v 59.317 		-196.273 		111.372
v -18.631 		-195.629 		36.762
v 0 		-109.926 		8.824
v 0.001 		-111.235 		2.093
v -81.484 		-47.609 		26.444
v 8.402 		218.842 		58.0875
v 58.117 		-55.352 		73.997
v 58.019 		-56.059 		73.997
v 58.117 		-56.636 		73.997
v -28.944 		-191.948 		39.507
v 0.001 		-102.956 		1.91
v 58.347 		-57.104 		73.997
v -15.123 		237.046 		98.274
v 15.233 		222.101 		55.998
v 57.344 		-57.344 		73.997
v -81.521 		-36.537 		25.81
v -14.059 		237.365 		97.881
v 4.962 		-118.312 		10.24
v 14.423 		226.706 		57.333
v -68.851 		-33.298 		24.086
v 0 		-124.988 		9.152
v -14.58 		237.123 		98.184
v 57.455 		-190.187 		104.809
v 60.174 		-184.88 		104.456
v 13.004 		221.67 		55.679
v 56.011 		-51.995 		73.997
v 56.011 		-51.995 		79.995
v -74.285 		-48.33 		24.086
v -61.9106 		89.998 		85.1774
v -61.8974 		89.998 		83.0949
v -23.535 		-192.961 		36.949
v 61.425 		-57.41 		79.995
v 61.228 		-57.583 		79.995
v -76.979 		-33.593 		18.887
v -62.29 		68.615 		82.4
v 58.899 		-57.655 		79.995
v 56.972 		-190.99 		105.461
v -61.9 		89.998 		82.6811
v 9.304 		229.295 		52.392
v 60.651 		-57.886 		79.995
v 59.878 		-57.988 		79.995
v 59.367 		-57.886 		79.995
v -77.194 		-46.119 		19.596
v 55.263 		-193.974 		105.973
v -4.501 		-19.933 		0.934
v -31.522 		-192.939 		34.444
v -64.744 		72.546 		84.965
v -64.35 		65.702 		84.916
v 16.311 		225.068 		51.678
v -4.298 		-17.292 		7.676
v -62.003 		89.998 		85.1757
v 38.584 		-185.518 		110.052
v -64.347 		84.313 		85.093
v -62.003 		91.0678 		85.1835
v -87.074 		-45.039 		30.871
v 14.871 		227.63 		52.35
v 41.243 		-181.251 		109.321
v -13.668 		234.52 		97.435
v -87.113 		-36.229 		30.92
v -86.574 		-36.603 		25.675
v -61.55 		-168.12 		63.295
v -62.003 		91.405 		85.1889
v -62.003 		92.1483 		85.2036
v -59.471 		-170.713 		59.072
v 33.846 		-187.935 		107.987
v -60.246 		-170.383 		62.162
v 37.851 		-181.992 		106.948
v -64.495 		86.68 		87.656
v 35.887 		-185.021 		107.471
v 61.671 		-65.103 		79.995
v 61.943 		-64.511 		79.995
v -62.003 		90 		75.998
v -62.003 		90 		82.6811
v 62.003 		-64.124 		79.995
v 61.943 		-63.475 		79.995
v -62.003 		89.998 		82.6811
v 61.671 		-62.883 		79.995
v 7.178 		223.052 		50.239
v -90.44 		-36.41 		22.289
v 37.804 		-186.68 		107.701
v -15.123 		230.671 		98.274
v -90.205 		-36.41 		20.626
v -14.496 		230.774 		98.15
v -57.283 		-176.637 		63.378
v -14.187 		230.904 		97.987
v 39.48 		-184.135 		107.259
v -64.407 		91.405 		85.207
v 61.425 		-62.577 		79.995
v 60.775 		-62.143 		79.995
v 59.878 		-62 		79.995
v 60.399 		-62.034 		79.995
v -86.047 		-36.41 		21.211
v -64.5718 		90 		82.6814
v -59.476 		-172.41 		63.337
v 14.042 		216.159 		54.518
v 34.216 		-191.639 		111.149
v 33.899 		-192.046 		108.666
v 8.402 		216.767 		54.177
v 59.367 		-62.101 		79.995
v -76.197 		103.689 		112.467
v 58.899 		-62.332 		79.995
v -80.806 		125.836 		112.467
v 58.47 		-62.73 		79.995
v 58.159 		-63.227 		79.995
v -13.764 		231.251 		97.546
v -78.106 		124.158 		99.461
v -78.247 		109.685 		100.639
v 12.933 		220.708 		50.232
v 36.125 		-189.088 		108.128
v 8.402 		218.842 		54.587
v -64.518 		-172.338 		59.831
v -61.67 		-178.738 		62.051
v -62.954 		-175.846 		60.895
v -82.643 		-33.074 		20.693
v -13.443 		231.992 		96.595
v -13.683 		231.318 		97.461
v 10.47 		216.733 		49.193
v 58.024 		-63.732 		79.995
v 58.347 		-65.103 		79.995
v 58.015 		-64.124 		79.995
v -10.082 		235.082 		92.66
v 58.117 		-64.635 		79.995
v -86.26 		-36.273 		22.87
v 5.771 		-134.801 		10.829
v -13.764 		234.59 		93.235
v -13.764 		235.032 		92.657
v -85.368 		-36.181 		21.761
v 0 		-143.657 		9.479
v -76.503 		85.212 		112.467
v -56.922 		-171.643 		49.653
v -81.61 		86.66 		112.467
v 33.719 		-188.105 		105.458
v -57.569 		-171.437 		51.92
v 0.001 		-144.481 		2.754
v -13.443 		234.596 		93.235
v 6.046 		-135.752 		4.118
v -79.023 		81.215 		99.99
v 36.995 		-183.336 		104.623
v -60.316 		-167.262 		54.556
v 32.764 		212.077 		54.87
v -85.911 		-43.167 		21.623
v -86.032 		-42.327 		21.545
v -83.381 		96.679 		102.197
v -13.426 		243.026 		85.907
v 0 		-148.812 		9.531
v 1.39 		-153.585 		9.978
v 4.456 		-153.619 		10.857
v 32.764 		212.077 		56.5756
v -7.485 		242.5159 		82.023
v -83.152 		78.012 		105.333
v -7.27 		242.5565 		82.27
v -7.023 		242.5927 		82.485
v 41.631 		-192.115 		105.967
v 24.164 		197.397 		51.654
v 18.185 		199.237 		51.76
v -85.538 		-42.747 		21.825
v -62.815 		-173.124 		53.445
v 32.764 		199.591 		52.421
v 32.764 		199.591 		53.7851
v 61.119 		-57.655 		73.997
v -8.687 		238.025 		85.907
v 0 		-160.885 		9.916
v 0.548 		-159.204 		9.957
v 58.899 		-57.655 		73.997
v 32.088 		-190.271 		105.848
v 29.934 		-192.92 		106.336
v -7.485 		237.4373 		82.023
v 3.619 		-159.255 		10.876
v -7.27 		237.4761 		82.27
v 59.367 		-57.886 		73.997
v 60.139 		-57.988 		73.997
v -7.1303 		237.4953 		82.3916
v 60.651 		-57.886 		73.997
v 6.231 		-162.103 		12.023
v -60.941 		-176.674 		53.74
v 18.881 		197.397 		51.401
v -62.16 		-173.397 		51.123
v 30.608 		-195.991 		109.404
v 31.736 		-190.718 		108.49
v 31.997 		-194.384 		111.659
v 6.664 		-159.286 		11.889
v 29.558 		-193.36 		108.977
v -7.023 		237.5105 		82.485
v -86.203 		-48.191 		23.572
v 0 		-157.453 		9.716
v 61.671 		-65.103 		73.997
v 61.999 		-63.928 		73.997
v 61.901 		-63.351 		73.997
v 61.901 		-64.635 		73.997
v 0.001 		-149.561 		2.806
v 18.485 		197.397 		51.428
v 27.319 		-195.852 		109.445
v 1.457 		-154.266 		3.257
v -85.305 		-48.191 		22.461
v 61.671 		-62.883 		73.997
v 4.67 		-154.3 		4.145
v -85.899 		-49.018 		21.977
v 17.938 		207.15 		53.117
v -47.012 		-192.689 		63.579
v -44.758 		-195.462 		63.63
v -85.495 		119.059 		88.485
v 26.775 		-196.426 		106.996
v 12.809 		206.029 		52.658
v 8.402 		211.161 		53.219
v 3.792 		-159.855 		4.164
v -22.259 		251.221 		90.979
v 6.982 		-159.886 		5.186
v -43.593 		-196.228 		62.337
v -85.718 		130.748 		83.739
v 0.001 		-158.078 		2.994
v -25.814 		251.059 		85.907
v -17.723 		251.248 		85.907
v -42.152 		-196.222 		58.703
v -90.14 		-48.191 		21.322
v 6.529 		-162.662 		5.321
v -90.425 		-42.327 		22.625
v 0.575 		-159.805 		3.237
v 8.402 		199.591 		53.7851
v 8.402 		202.336 		51.845
v 0.001 		-161.462 		3.195
v -26.951 		251.023 		88.117
v -80.66 		110.063 		88.238
v 8.402 		199.591 		51.403
v -79.015 		-59.994 		26.505
v -81.24 		-59.994 		27.273
v -81.764 		-59.994 		31.85
v -47.436 		-187.365 		52.748
v -81.29 		-58.607 		27.17
v -81.62 		106 		83.1351
v -74.393 		106 		83.065
v -81.427 		111.194 		83.23
v -18.467 		241.159 		92.858
v 56.42 		-133.901 		97.431
v -79.015 		-61.901 		26.644
v -66.4658 		106 		83.026
v -18.467 		241.159 		90.979
v -23.524 		238.193 		96.595
v 60.651 		-62.101 		73.997
v 59.878 		-62 		73.997
v -29.063 		240.883 		92.843
v 61.272 		-62.455 		73.997
v -96.005 		107.769 		83.295
v -23.524 		240.753 		93.235
v -85.951 		105.239 		88.185
v 21.734 		212.078 		49.104
v 0.001 		-195.67 		25.724
v 24.504 		197.397 		46.525
v 2.188 		-194.627 		25.513
v -23.419 		237.746 		97.183
v 4.541 		-194.538 		26.704
v -48.826 		-185.063 		51.705
v 17.386 		212.305 		48.877
v -86.436 		113.276 		83.324
v 18.717 		204.192 		47.525
v 64.727 		-177.329 		90.134
v 58.347 		-62.883 		73.997
v 58.117 		-63.351 		73.997
v -29.063 		240.883 		90.979
v 24.176 		197.397 		46.516
v 59.367 		-62.101 		73.997
v -74.477 		-58.921 		19.524
v -41.263 		-193.931 		51.742
v 58.79 		-62.404 		73.997
v -71.632 		-65.461 		19.058
v -21.843 		236.941 		98.274
v -81.4175 		101.5011 		70
v -81.4204 		106 		72.4702
v -44.428 		-189.623 		49.811
v -22.298 		236.983 		98.209
v 63.093 		-181.078 		90.439
v -81.374 		121.822 		80.736
v 61.366 		-184.783 		90.749
v -22.914 		237.218 		97.887
v 58.024 		-63.732 		73.997
v 0.001 		-194.364 		24.086
v 58.347 		-65.103 		73.997
v 12.603 		196.7975 		45.8072
v 58.015 		-64.124 		73.997
v -45.506 		-190.745 		54.933
v 58.117 		-64.635 		73.997
v -81.9219 		106 		78.4217
v -82.0491 		106 		80.4293
v 3.021 		-193.013 		24.086
v -82.037 		106.929 		80.305
v 5.852 		-191.48 		24.086
v 65.183 		-188.568 		90.4
v -86.666 		-62.66 		30.899
v -82.0735 		106 		80.2844
v -23.239 		237.487 		97.526
v 12.603 		196.817 		45.978
v -48.762 		-193.773 		52.139
v -81.2223 		106 		70
v -81.3919 		102.3602 		70
v -81.3677 		102.8906 		70
v -81.2292 		106 		70.1122
v 6.581 		-193.165 		18.642
v -23.298 		234.389 		97.435
v -80.495 		120.316 		69.056
v 5.972 		-195.266 		20.273
v 2.742 		-195.367 		18.73
v 82.755 		-80.406 		120.631
v 3.351 		-193.259 		17.112
v 76.74 		-96.213 		121.172
v -86.933 		-53.851 		30.86
v 55.7 		-195.305 		91.683
v 78.458 		-67.542 		117.907
v 77.92 		-79.911 		119.24
v -47.625 		-193.827 		49.445
v 9.7104 		196.7972 		45.8072
v 9.684 		196.804 		45.867
v 59.382 		-188.717 		91.089
v 57.285 		-192.592 		91.434
v 0.001 		-195.197 		17.392
v 8.6565 		196.7972 		45.8072
v -81.4031 		102.1173 		70
v 7.5845 		197.4083 		45.8505
v -90.23 		-56.284 		23.53
v 77.622 		-84.638 		119.79
v -23.419 		231.399 		97.183
v -23.036 		230.95 		97.776
v -54.954 		-180.795 		63.42
v -52.477 		-184.868 		63.467
v 81.7 		-95.281 		122.369
v -22.298 		230.628 		98.209
v -86.409 		122.71 		80.886
v -87.433 		99.513 		80.314
v -23.524 		231.848 		96.595
v 61.741 		-195.061 		90.904
v -49.568 		-187.154 		58.701
v -89.995 		-56.284 		21.867
v -21.843 		230.585 		98.274
v 64.532 		-185.439 		82.9
v 75.665 		187.645 		60.562
v -56.643 		-186.587 		60.258
v -57.216 		-186.423 		62.051
v 76.478 		181.433 		64.002
v 0 		-169.674 		11.184
v 3.887 		-169.674 		12.479
v 52.308 		-195.607 		82.852
v 5.331 		-167.7 		12.57
v 61.05 		-182.519 		85.856
v -79.947 		84.979 		95.038
v 5.786 		-164.911 		12.245
v -50.904 		-184.796 		57.682
v -86.162 		-54.39 		24.43
v 0 		-167.739 		10.758
v 2.279 		-167.659 		11.465
v 88.459 		-72.123 		100.548
v -81.27 		90.918 		87.879
v 6.744 		-178.856 		9.736
v -77.9601 		90 		82.8014
v 80.2 		196.459 		62.051
v -85.15 		-56.796 		23.035
v 88.482 		-72.837 		100.445
v 88.552 		-73.327 		100.174
v -83.061 		-58.114 		22.397
v -82.2577 		90 		82.5711
v -23.524 		234.416 		93.235
v -82.281 		88.215 		82.81
v -85.406 		-60.679 		22.879
v 80.774 		189.718 		62.051
v -82.2147 		90 		82.8426
v 83.229 		-72.111 		100.546
v -85.134 		-60.679 		23.135
v 83.265 		-72.981 		100.39
v 3.559 		-178.859 		8.419
v -59.5 		-182.606 		62.051
v 83.36 		-73.486 		100.029
v 72.335 		191.942 		49.4
v -86.655 		83.033 		87.843
v -96.644 		86.122 		88.004
v -25.149 		234.828 		92.643
v 62.631 		-171.324 		72.503
v 61.148 		-170.337 		65.586
v 5.096 		-170.903 		6.318
v 64.487 		-164.815 		68.613
v 5.585 		-168.177 		5.872
v -85.986 		-59.281 		24.331
v 74.568 		191.586 		54.844
v -26.429 		242.519 		85.907
v -17.769 		242.896 		85.907
v -55.617 		-188.916 		62.051
v -53.525 		-190.209 		57.88
v 6.062 		-165.429 		5.545
v -86.656 		83.041 		87.833
v 2.389 		-168.138 		4.758
v 0.001 		-164.833 		3.531
v -25.918 		237.448 		85.907
v -85.07 		-59.841 		23.252
v -17.26 		237.816 		85.907
v 59.476 		-182.131 		79.993
v -49.835 		-188.844 		63.519
v 78.894 		192.693 		50.509
v 0.001 		-168.216 		4.045
v -85.034 		-61.027 		23.339
v -87.276 		91.471 		82.915
v -53.964 		-191.356 		62.051
v 88.7 		-73.769 		99.627
v 83.469 		-73.769 		99.627
v 1.898 		-170.861 		5.181
v 75.289 		181.433 		53.094
v -52.255 		-193.733 		62.051
v 72.26 		180.785 		52.175
v -68.349 		80.962 		82.563
v -7.023 		241.9874 		78.515
v -7.27 		242.0167 		78.73
v -7.485 		242.0514 		78.977
v -7.667 		242.0904 		79.249
v -68.944 		81.914 		87.624
v -7.812 		242.1331 		79.542
v -7.917 		242.1789 		79.852
v -69.002 		66.707 		87.485
v -50.064 		-196.573 		62.051
v 75.578 		181.433 		55.543
v 53.764 		-191.408 		79.116
v -7.981 		242.2269 		80.173
v -8.002 		242.2765 		80.5
v -7.981 		242.3267 		80.827
v 4.083 		-176.251 		7.592
v -7.917 		242.3765 		81.148
v -7.812 		242.4252 		81.458
v -7.667 		242.4719 		81.751
v 4.596 		-173.597 		6.89
v 52.145 		-193.269 		78.059
v -89.746 		-64.445 		22.47
v 76.512 		180.887 		53.154
v -81.882 		70.91 		87.656
v -52.209 		-182.407 		56.694
v 0.883 		-176.199 		6.424
v 56.054 		-194.972 		74.507
v 0.001 		-172.504 		5.01
v -9.2684 		236.9572 		78.9362
v 76.478 		181.433 		53.277
v 84.457 		-89.093 		113.487
v 1.397 		-173.55 		5.735
v -81.586 		80.706 		87.743
v -7.023 		236.9035 		78.515
v 0.001 		-176.005 		6.08
v -7.27 		236.9352 		78.73
v -7.485 		236.9719 		78.977
v 84.723 		-96.903 		111.142
v -89.979 		-64.445 		24.133
v -7.667 		237.0126 		79.249
v 56.471 		-183.554 		72.973
v -7.812 		237.0567 		79.542
v 0.001 		-178.686 		7.076
v -57.228 		-183.562 		55.296
v 80.068 		185.788 		53.654
v -7.917 		237.1035 		79.852
v -7.981 		237.1523 		80.173
v -8.002 		237.2021 		80.5
v -58.161 		-180.434 		51.488
v 80.902 		-87.074 		107.753
v -85.215 		73.361 		95.879
v -7.981 		237.2522 		80.827
v -7.917 		237.3015 		81.148
v 81.558 		-92.386 		104.573
v -7.812 		237.3494 		81.458
v -7.667 		237.3949 		81.751
v -56.355 		-183.793 		52.688
v -54.163 		-187.174 		53.033
v 82.114 		169.614 		62.051
v -86.875 		75.939 		87.761
v 6.209 		-181.414 		10.693
v 80.998 		-102.553 		123.248
v 81.406 		177.383 		59.832
v -51.885 		-190.488 		53.45
v -50.232 		-193.643 		55.768
v 3.022 		-181.416 		9.368
v 75.023 		-111.622 		123.083
v 0.001 		-184.266 		9.713
v 2.475 		-183.916 		10.429
v -86.874 		75.958 		87.761
v 5.662 		-183.919 		11.763
v 77.212 		169.638 		63.797
v 48.64 		-194.403 		70.966
v 75.961 		-103.934 		122.126
v -45.007 		-76.992 		35.999
v -40.009 		-76.992 		35.999
v -63.009 		-130.99 		46.998
v -82.993 		66.739 		82.605
v 1.914 		-186.354 		11.6
v 5.103 		-186.36 		12.941
v 75.61 		175.48 		51.408
v 69.65 		-198.451 		111.564
v -11.823 		-67.612 		3.657
v 0.001 		-186.174 		10.787
v -96.978 		77.452 		82.894
v -45.382 		-178.003 		39.455
v -29.555 		-78.296 		15.061
v 70.512 		-197.559 		106.303
v -47.467 		-167.878 		34.788
v -88.103 		67.081 		82.677
v 80.613 		174.859 		50.203
v -19.919 		-72.393 		12.527
v -11.287 		-65.668 		10.374
v 67.609 		-201.088 		106.905
v 79.339 		-115.907 		124.863
v 72.581 		-127.025 		124.986
v 0.001 		-189.011 		12.576
v 81.509 		167.648 		53.345
v -81.8667 		90 		70
v -82.2112 		90 		73.8922
v 73.579 		-121.324 		124.288
v 78.408 		-121.961 		125.585
v 67.01 		-203.662 		107.333
v 77.069 		-129.527 		126.468
v 66.64 		-203.621 		112.441
v 0.001 		-193.529 		15.925
v -56.456 		-169.674 		43.296
v 4.531 		-188.738 		14.224
v 1.342 		-188.726 		12.876
v 65.732 		-204.179 		107.438
v -57.264 		-169.674 		46.568
v -57.005 		-169.674 		45.511
v -82.7026 		90 		79.93
v -12.548 		-87.902 		4.381
v 76.076 		167.985 		49.791
v 3.947 		-191.041 		15.613
v -83.464 		70.632 		79.501
v 0.759 		-191.025 		14.256
v 75.85 		171.422 		50.423
v 0.164 		-193.239 		15.746
v -88.114 		82.64 		79.953
v 70.292 		-198.717 		91.112
v -57.264 		-169.674 		43.829
v 66.11 		-205.721 		91.664
v 77.335 		167.642 		49.908
v -58.249 		-166.221 		42.604
v -18.217 		-95.55 		5.921
v -28.173 		-97.581 		15.526
v -58.444 		-167.283 		45.813
v 54.822 		-197.079 		124.146
v 0.001 		-180.509 		7.856
v -17.391 		-94.013 		12.618
v 76.098 		167.246 		49.368
v -63.897 		-167.075 		43.652
v -62.558 		52.997 		84.898
v 97.84 		-103.808 		98.762
v 79.723 		181.809 		48.297
v -13.764 		218.016 		92.026
v 87.197 		-102.549 		100.824
v -62.489 		56.87 		82.363
v 0.001 		-208.059 		45.959
v 51.337 		-207.138 		115.627
v -10.082 		218.016 		92.029
v 87.907 		-101.882 		98.416
v -65.007 		57.083 		84.905
v -59.483 		-165.176 		42.854
v -65.006 		57.132 		87.425
v 80.154 		175.399 		46.827
v 54.294 		-200.354 		119.738
v 52.431 		-200.21 		125.636
v 4.974 		-201.927 		38.164
v 70.715 		176.504 		45.693
v 65.648 		172.585 		44.007
v 6.19 		-198.77 		33.698
v -24.589 		224.525 		92.271
v 49.955 		-203.215 		127.11
v 0.001 		-201.774 		35.753
v -35.929 		-72.051 		16.442
v -36.693 		-73.195 		16.689
v -36.224 		-72.924 		16.556
v 2.669 		-199.782 		33.529
v -54.377 		-175.508 		48.665
v 82.639 		-102.273 		98.42
v -62.944 		32.984 		85.118
v 69.105 		170.008 		49.054
v -36.821 		-71.152 		16.632
v 47.777 		-197.547 		126.073
v 45.022 		-200.28 		128.811
v -51.939 		-176.604 		42.849
v 96.867 		-111.433 		99.759
v -51.437 		-179.283 		47.047
v -7.025 		211.724 		91.778
v -7.116 		211.029 		91.75
v -50.925 		-179.342 		45.579
v -65.288 		41.526 		87.524
v -36.001 		-72.584 		16.483
v -65.461 		32.844 		85.141
v 81.059 		167.496 		48.394
v 85.772 		-109.328 		103.819
v -7.094 		209.627 		91.693
v 0.001 		-206.535 		33.671
v -54.451 		-172.274 		41.754
v 85.562 		-109.67 		104.462
v 72.766 		167.754 		43.726
v 42.197 		-206.851 		123.262
v 85.358 		-110.376 		104.947
v 85.466 		-109.941 		104.711
v 42.622 		-212.847 		126.958
v -62.943 		32.715 		82.603
v -63.277 		17.699 		83.003
v 0.001 		-204.801 		40.801
v 45.457 		-209.618 		126.547
v -36.355 		-71.338 		16.52
v 85.296 		-110.74 		105.039
v -63.316 		16.002 		85.581
v -63.518 		7.408 		85.918
v -36.085 		-71.628 		16.463
v 0.001 		-209.905 		39.268
v -59.335 		-177.222 		48.504
v 48.253 		-206.315 		125.756
v -36.451 		-71.287 		16.542
v 46.768 		-205.919 		130.637
v 72.003 		151 		62.003
v 78.3419 		151 		63.6822
v 78.3411 		151 		63.2284
v 0.018 		-213.062 		44.254
v 72.003 		151 		56.998
v 68 		151 		55
v 78.3109 		151 		57.7147
v 78.293 		151 		55.3011
v -56.837 		-167.879 		40.724
v -55.909 		-165.459 		38.837
v 68 		160 		55
v 67.998 		151 		62.003
v 3.824 		-196.705 		29.229
v 40.638 		-206.176 		128.698
v 67.998 		151 		56.998
v -7.033 		209.203 		89.267
v 36.529 		-212.914 		124.396
v -7.141 		210.443 		89.267
v 0.001 		-198.015 		29.262
v -82.267 		45.482 		112.467
v -82.086 		55.448 		112.467
v -77.111 		45.115 		112.467
v -76.879 		58.817 		112.467
v 86.945 		-108.254 		99.926
v 78.3137 		151 		52.6767
v 78.2924 		151 		51.2701
v 6.567 		-197.706 		32.279
v 78.342 		151 		62.6609
v 86.677 		-111.503 		99.688
v 86.465 		-112.95 		99.884
v -8.401 		202.044 		88.854
v 82.621 		152.069 		52.894
v 2.254 		-204.776 		31.65
v 82.587 		162.031 		62.051
v -79.588 		59.301 		99.7
v -8.401 		199.591 		88.752
v -64.883 		-170.378 		38.148
v -63.262 		-165.633 		37.677
v -14.928 		202.111 		88.86
v -37.586 		-71.349 		16.837
v 45.24 		-203.759 		121.293
v 82.703 		157.375 		59.679
v -60.852 		-170.338 		38.71
v -37.149 		-71.161 		16.717
v 39.808 		-210.161 		122.473
v 4.163 		-200.507 		25.617
v 0.001 		-201.66 		25.275
v -77.946 		7.408 		113.334
v -82.844 		7.408 		114.536
v 0.001 		-196.864 		27.434
v 47.71 		-210.483 		118.918
v -8.401 		202.044 		85.907
v -82.597 		31.077 		112.467
v -77.422 		31.077 		112.467
v 87.076 		-108.656 		99.309
v 57.518 		-216.647 		114.806
v 52.497 		-222.5 		115.922
v 54.084 		-220.812 		114.988
v 84.128 		136.485 		62.051
v 1.398 		-199.413 		22.643
v 0.001 		-199.435 		22.038
v -60.775 		-169.259 		36.928
v 4.625 		-199.313 		24.189
v 0.001 		-198.174 		20.477
v 49.97 		-225.155 		116.436
v -69.059 		51.504 		87.477
v -8.401 		199.591 		85.907
v 80.397 		-101.692 		106.679
v 76.003 		143 		62
v 78.7922 		143 		63.4045
v -24.574 		211.86 		91.771
v 72.003 		143 		56.998
v 70.002 		143 		56.998
v 78.7536 		143 		57.8936
v 78.78 		143 		61.4675
v 72.003 		143 		62
v 76.003 		145.003 		64
v 76.003 		145.003 		62
v 72.003 		145.003 		62.003
v -75.958 		50.469 		82.519
v -37.236 		-73.195 		16.828
v 72.003 		145.003 		62
v 81.168 		-101.881 		103.841
v -37.611 		-72.998 		16.917
v 5.08 		-198.039 		22.82
v -59.265 		-164.623 		34.033
v 70.002 		145.003 		56.998
v 0.001 		-196.759 		18.92
v 1.852 		-198.145 		21.27
v -62.211 		-166.123 		36.386
v 39.583 		-215.922 		127.545
v 67.998 		145.003 		62.003
v 67.998 		145.003 		56.998
v -38.007 		-72.276 		16.987
v -37.913 		-71.743 		16.939
v -82.322 		56.201 		87.627
v -58.572 		-168.402 		35.544
v -97.446 		59.885 		87.848
v 79.385 		132.032 		61.448
v -62.542 		-165.68 		36.186
v 33.332 		-220.585 		130.441
v -64.648 		-170.378 		36.484
v 79.233 		133.512 		61.802
v -62.914 		-165.68 		36.036
v 79.003 		139.198 		63.251
v -25.083 		211.348 		91.749
v 80.044 		-110.74 		105.039
v -29.082 		202.111 		91.357
v -5.811 		-134.673 		4.047
v 80.184 		-110.041 		104.786
v 80.13 		-110.258 		104.904
v 80.311 		-109.67 		104.462
v 70.002 		145.003 		64
v -62.358 		-166.468 		36.244
v -5.548 		-133.707 		10.76
v -62.311 		-165.69 		36.433
v 76.003 		143 		64
v -37.913 		-72.626 		16.978
v 70.002 		143 		64
v 35.82 		-217.745 		115.596
v 33.228 		-220.031 		116.058
v 39.022 		-214.653 		114.977
v -87.602 		51.925 		87.708
v -2.925 		-153.602 		10.417
v -25.251 		211.176 		91.741
v -6.666 		-159.286 		11.889
v 78.7269 		143 		53.8218
v -97.82 		50.277 		82.849
v -3.62 		-159.255 		10.876
v 80.521 		-109.328 		103.819
v 80.45 		-109.411 		104.049
v -50.294 		-173.634 		39.909
v -45.007 		-73.72 		19.002
v -45.007 		-67.375 		18.688
v -6.233 		-162.103 		12.023
v -54.184 		-172.686 		35.147
v -87.306 		61.723 		87.69
v -88.463 		55.114 		82.67
v 78.7655 		143 		56.3761
v -35.792 		-80.355 		16.771
v -56.18 		-178.01 		38.917
v 41.839 		-219.098 		115.659
v -32.8 		250.998 		88.112
v 41.842 		-219.094 		115.658
v -33.754 		250.866 		90.979
v -3.063 		-154.283 		3.7
v 80.841 		-114.137 		100.729
v 44.112 		-216.773 		115.197
v -54.77 		-179.902 		39.502
v 81.483 		-111.172 		99.604
v -3.791 		-159.855 		4.164
v -42.525 		250.471 		90.979
v -6.982 		-159.886 		5.186
v -40.009 		-76.992 		17.776
v -46.713 		250.152 		88.067
v -45.202 		250.412 		88.078
v -43.613 		250.342 		85.907
v 81.695 		-108.254 		99.926
v -80.419 		40.611 		98.192
v -6.528 		-162.662 		5.321
v 46.195 		-214.499 		114.751
v 82.114 		151.964 		45.416
v -53.449 		-176.368 		36.863
v -41.215 		250.469 		85.907
v -45.007 		-76.992 		19.166
v -45.007 		-74.003 		19.016
v -43.305 		-76.992 		18.676
v -41.959 		-78.381 		18.367
v 47.443 		-227.639 		116.922
v 81.516 		162.351 		48.571
v -35.566 		240.643 		90.979
v 82.795 		-126.043 		106.944
v 39.489 		-221.343 		116.107
v -42.061 		240.337 		92.812
v -45.435 		240.143 		92.802
v -2.386 		-194.99 		26.07
v -4.912 		-193.36 		25.534
v 77.76 		160.804 		48.143
v -46.34 		240.086 		90.979
v -82.754 		41.903 		87.716
v -45.007 		-75.235 		19.067
v 74.419 		161.937 		42.375
v 85.852 		-116.863 		100.41
v -87.9 		42.195 		87.791
v 95.716 		-118.983 		100.759
v -60.431 		-78.403 		24.086
v -87.899 		42.195 		87.792
v -44.546 		241.058 		84.451
v -48.144 		240.924 		85.907
v -35.241 		241.976 		85.907
v -62.11 		-174.977 		37.571
v -55.322 		-71.014 		21.89
v 84.148 		-118.332 		105.983
v 36.359 		-223.465 		118.05
v -62.343 		-174.977 		39.234
v -48.927 		235.739 		85.907
v -4.66 		-194.154 		26.306
v 33.488 		-225.788 		118.522
v -6.369 		-195.19 		28.623
v -34.863 		236.906 		85.907
v 35.567 		-224.758 		116.798
v -43.006 		236.28 		85.907
v 81.014 		162.344 		43.55
v -58.313 		-174.977 		39.802
v 85.772 		-117.348 		100.476
v -83.698 		42.821 		82.678
v -6.868 		-190.858 		24.086
v -4.626 		-192.162 		24.086
v -51.522 		249.881 		90.979
v -58.654 		-172.667 		37.981
v -64.897 		-78.636 		17.883
v -2.673 		-193.177 		24.086
v -60.492 		248.87 		90.979
v -63.874 		248.253 		90.979
v -58.104 		249.212 		90.979
v 85.009 		-121.75 		101.071
v 58.134 		-197.037 		113.804
v -48.714 		-96.365 		21.632
v -46.319 		-92.525 		20.55
v -57.361 		-174.977 		38.534
v 65.9829 		160 		45.8585
v -43.185 		-84.714 		19.077
v 66.2578 		160 		45.8941
v 94.376 		-126.482 		101.759
v 84.092 		-125.632 		102.297
v 52.673 		-197.287 		111.68
v -3.351 		-193.259 		17.112
v -2.742 		-195.367 		18.73
v -6.58 		-193.165 		18.642
v -48.322 		-182.874 		45.561
v 56.688 		-200.556 		112.13
v 66.5651 		160 		45.9409
v -5.971 		-195.266 		20.273
v -46.567 		-184.932 		45.236
v -50.141 		250.079 		88.059
v 56.696 		-200.539 		112.134
v 56.681 		-200.567 		112.133
v -88.172 		33.436 		87.929
v 68 		158.4536 		45.728
v 68 		160 		46.1554
v -50.794 		249.869 		85.907
v 84.642 		-123.739 		101.339
v -40.326 		-84.895 		18.259
v -45.177 		-186.89 		45.861
v -56.415 		249.346 		88.021
v -57.099 		249.266 		85.907
v -98.086 		38.986 		88.012
v 84.173 		-126.162 		101.667
v 77.8347 		151 		45.5019
v 77.6647 		151 		45.4667
v 77.1003 		151 		45.3727
v -64.135 		-96.339 		24.664
v 68 		151 		43.5352
v -57.739 		249.354 		88.016
v -60.751 		248.922 		87.992
v 78.3465 		151 		45.5866
v -63.652 		248.398 		87.961
v -55.103 		-83.839 		22.735
v -83.028 		33.004 		87.856
v 83.26 		-130.584 		102.262
v 81.459 		155.603 		41.77
v -5.788 		-164.911 		12.245
v 53.948 		-203.894 		114.264
v 53.891 		-204.729 		112.892
v -2.778 		-169.674 		12.072
v -2.281 		-167.659 		11.465
v -65.179 		-87.143 		24.086
v -59.639 		248.933 		85.907
v 77.645 		-125.386 		106.861
v -62.822 		248.403 		87.966
v 77.0866 		151 		45.0639
v 77.007 		152.299 		45.373
v -65.182 		247.895 		87.938
v -65.509 		247.975 		87.938
v 73.1711 		151 		44.3709
v 77.0841 		151 		45.0177
v -88.983 		36.462 		82.847
v -6.744 		-178.856 		9.736
v 75.4734 		151 		44.7319
v -39.579 		-193.983 		48.388
v 49.416 		-202.156 		112.57
v -65.181 		247.892 		85.907
v -62.871 		248.39 		85.907
v -3.558 		-178.859 		8.419
v 71.272 		153.753 		39.53
v -63.35 		-93.366 		24.086
v 77.922 		-129.947 		102.886
v -64.357 		-90.686 		24.118
v 54.415 		-203.972 		112.758
v 78.944 		-124.969 		102.207
v -64.608 		-92.849 		19.107
v -6.062 		-165.429 		5.545
v -88.759 		64.691 		79.621
v -2.388 		-168.138 		4.758
v -83.933 		56.559 		79.287
v 79.871 		-119.98 		101.526
v -42.388 		-190.578 		47.12
v 79.149 		-124.915 		101.461
v -84.617 		33.489 		79.077
v 82.961 		136.384 		40.376
v 82.344 		141.698 		38.059
v -5.584 		-168.177 		5.872
v 51.915 		-199.33 		106.926
v -52.961 		239.573 		92.772
v -88.53 		47.242 		72.483
v -53.517 		239.519 		90.979
v -89.454 		42.532 		79.303
v -48.247 		-195.573 		45.344
v 50.131 		-201.94 		107.404
v -36.088 		-71.626 		15.686
v -58.442 		238.925 		92.738
v 77.5827 		143 		43.2917
v -60.399 		238.602 		92.721
v -57.64 		239.029 		90.979
v -36.693 		-73.195 		15.686
v -36.224 		-72.924 		15.686
v -36.364 		-71.328 		15.686
v 64.51 		-206.985 		113.032
v -88.189 		63.414 		73.724
v -61.466 		238.396 		90.979
v -36.016 		-72.626 		15.686
v -64.097 		237.766 		92.676
v 63.217 		-209.579 		108.378
v 63.774 		-207.218 		107.975
v -62.787 		238.105 		90.979
v -48.474 		-190.767 		45.056
v 78.032 		135.292 		41.306
v 80.074 		-119.937 		100.787
v 62.28 		-210.28 		113.625
v 63.28 		-209.223 		110.357
v -5.095 		-170.903 		6.318
v -1.898 		-170.861 		5.181
v 77.941 		137.058 		41.746
v 77.8233 		143 		43.3317
v 77.8957 		143 		43.3467
v 78.8008 		143 		43.5346
v 78.7822 		143 		46.1736
v 78.573 		-120.259 		106.224
v -35.922 		-72.094 		15.686
v -44.058 		-195.928 		46.02
v 61.204 		-212.461 		108.902
v -46.09 		-193.428 		45.134
v -65.546 		28.929 		87.755
v 70.002 		143 		41.998
v -75.144 		27.201 		87.881
v -1.396 		-173.55 		5.735
v -4.082 		-176.251 		7.592
v 67.8667 		143 		41.306
v -65.722 		20.969 		85.444
v -37.236 		-73.195 		15.686
v -4.595 		-173.597 		6.89
v -37.597 		-73.009 		15.686
v -62.615 		236.49 		94.896
v -37.913 		-71.743 		15.686
v -38.007 		-72.276 		15.686
v -37.913 		-72.626 		15.686
v -48.13 		-190.763 		44.242
v -37.236 		-71.174 		15.686
v 100.006 		-75.423 		95.321
v 100.155 		-71.697 		94.346
v 100.097 		-75.417 		90.25
v 99.751 		-80.786 		95.926
v 78.3498 		143 		43.4219
v -48.204 		-189.256 		42.495
v 99.847 		-80.786 		90.853
v 100.356 		-67.296 		89.394
v 61.734 		-210.196 		108.512
v -37.597 		-71.36 		15.686
v 77.5587 		143 		42.8292
v 77.5769 		143 		43.1601
v -45.916 		-192.297 		43.489
v 68.9723 		143 		41.306
v 70.002 		145.003 		42.0577
v 70.002 		144.7929 		41.998
v 69.6656 		145.003 		41.998
v -57.825 		239.832 		85.907
v -63.821 		238.716 		85.907
v 71.847 		140.3 		41.306
v -35.382 		-68.028 		8.955
v -65.288 		237.851 		83.366
v -2.474 		-183.916 		10.429
v 77.889 		137.432 		41.306
v -46.577 		-191 		42.835
v -82.69 		30.987 		89.645
v -6.208 		-181.414 		10.693
v -87.866 		30.987 		89.645
v -3.021 		-181.416 		9.368
v -5.662 		-183.919 		11.763
v -88.299 		29.522 		88.012
v 78.7917 		143 		47.0105
v 51.085 		-208.545 		113.607
v -1.913 		-186.354 		11.6
v -5.102 		-186.36 		12.941
v -54.177 		235.171 		85.907
v 78.504 		147.22 		38.877
v -56.26 		234.905 		85.907
v -63.542 		232.847 		82.313
v 65.552 		145.104 		36.008
v 99.367 		-88.547 		91.768
v 68.469 		145.598 		36.639
v 99.272 		-88.458 		96.833
v -43.855 		-195.573 		44.265
v -48.014 		-195.573 		43.68
v 98.641 		-96.123 		97.781
v -43.954 		-80.144 		11.723
v 98.735 		-96.303 		92.724
v -61.214 		234.084 		85.907
v -50.912 		-73.386 		13.262
v 65.8086 		143 		40.8969
v -84.144 		26.604 		82.977
v -64.634 		232.546 		82.793
v -64.557 		233.156 		85.907
v -57.953 		-72.882 		15.277
v 79.385 		132.032 		40.776
v -0.759 		-191.025 		14.256
v -45.842 		-192.605 		43.41
v -43.478 		-195.32 		44.548
v -39.104 		240.742 		78.791
v -45.238 		-86.385 		12.44
v -0.163 		-193.239 		15.746
v 85.026 		-65.696 		94.067
v -4.53 		-188.738 		14.224
v -51.031 		-97.869 		15.017
v -1.342 		-188.726 		12.876
v -57.724 		-85.522 		16.13
v -40.073 		234.05 		67.313
v 46.345 		-207.001 		108.356
v -48.52 		-94.085 		13.926
v -3.946 		-191.041 		15.613
v -84.405 		16.731 		83.269
v 43.298 		-210.627 		109.055
v 43.807 		-210.194 		107.514
v 67.873 		137.787 		34.171
v -38.209 		-183.199 		38.287
v 42.066 		-211.412 		114.337
v 76.492 		139.151 		36.188
v 45.532 		-204.93 		113.138
v 44.956 		-208.03 		113.681
v -37.494 		-82.088 		10.114
v -37.239 		-187.344 		40.925
v -33.551 		-185.812 		37.157
v -83.304 		24.327 		88.06
v 90.105 		-70.356 		94.624
v -42.243 		-86.563 		11.615
v -5.225 		-205.125 		43.319
v -50.498 		239.874 		79.822
v -56.792 		238.521 		75.857
v -61.773 		238.222 		80.009
v -88.709 		16.766 		88.382
v 64.886 		184.675 		52.038
v -63.161 		237.854 		79.886
v -25.639 		-128.87 		16.45
v -45.292 		-181.109 		34.532
v -3.827 		-202.119 		37.977
v -42.364 		-182.628 		40.676
v 56.293 		186.39 		51.387
v 62.514 		189.479 		52.765
v 56.939 		-218.043 		109.943
v 54.682 		-220.737 		110.456
v -7.354 		-109.629 		3.778
v 89.89 		-73.863 		95.332
v -89.491 		16.909 		83.347
v 84.59 		-75.839 		95.504
v 84.702 		-75.381 		95.111
v -6.082 		-204.79 		33.462
v -7.022 		-108.298 		10.493
v 59.951 		-213.502 		114.217
v -43.968 		-186.985 		37.876
v 58.109 		194.081 		53.176
v -89.327 		23.341 		83.143
v -41.303 		-182.848 		33.023
v 59.112 		-215.282 		109.424
v 89.821 		-75.839 		95.504
v -64.155 		231.974 		78.857
v 59.62 		-213.102 		109.046
v -41.541 		-189.53 		38.259
v -5.976 		-209.149 		40.353
v -20.421 		-109.284 		6.946
v -29.512 		-99.067 		8.857
v -62.948 		232.14 		77.385
v -65.942 		11.507 		88.299
v -19.496 		-107.947 		13.633
v -39.093 		-192.02 		38.714
v 50.269 		180.756 		49.506
v -38.674 		-193.588 		39.823
v 55.151 		-218.693 		110.098
v 62.551 		176.51 		49.821
v -64.272 		236.51 		74.231
v -66.039 		7.408 		85.939
v 89.657 		-80.786 		95.792
v -5.138 		-202.668 		29.523
v -4.162 		-200.507 		25.617
v 57.427 		-215.933 		109.575
v -88.582 		7.408 		90.595
v -56.614 		-180.828 		46.901
v -83.397 		7.408 		90.595
v 90.086 		-80.786 		90.722
v 53.976 		-221.46 		111.202
v -5.893 		-196.651 		30.347
v -54.405 		-184.2 		47.197
v 52.793 		-221.377 		110.614
v 56.293 		185.893 		46.076
v -17.42 		-130.168 		6.978
v -53.731 		-184.305 		45.392
v -51.755 		-187.536 		46.671
v 51.816 		-223.839 		111.665
v -24.009 		-121.26 		8.429
v 49.917 		-225.908 		111.456
v -62.891 		236.751 		73.107
v 85.028 		-80.786 		90.662
v 58.573 		183.538 		45.82
v 56.293 		182.082 		45.241
v -22.827 		-130.078 		15.61
v -83.715 		11.616 		88.501
v -16.629 		-129.135 		13.665
v -65.382 		230.146 		72.939
v -49.307 		-180.837 		44.012
v 57.783 		192.751 		47.699
v 85.533 		-67.993 		89.244
v -1.851 		-198.145 		21.27
v 85.539 		-67.999 		89.245
v 47.413 		-228.371 		111.939
v 86.088 		-67.993 		82.147
v -5.08 		-198.039 		22.82
v -61.931 		230.933 		68.965
v 36.659 		-217.492 		110.414
v -84.742 		3.615 		83.822
v -1.398 		-199.413 		22.643
v -54.305 		-181.702 		41.541
v 85.994 		-67.993 		83.717
v -22.919 		-120.097 		15.102
v -64.916 		235.246 		68.887
v 85.539 		-67.993 		89.243
v -63.679 		235.729 		68.902
v 40.093 		-214.124 		109.742
v -89.816 		3.708 		83.904
v 91.097 		-71.646 		82.336
v 56.293 		192.382 		47.476
v -26.857 		-129.906 		9.789
v -0.343 		209.395 		46
v 0 		209.373 		46
v -50.178 		-187.925 		43.345
v 33.337 		-220.442 		111.012
v -0.68 		209.462 		46
v -1.006 		209.573 		46
v -1.314 		209.725 		46
v 56.293 		196.253 		48.255
v -1.6 		209.915 		46
v -51.338 		-185.522 		41
v -1.858 		210.142 		46
v -2.085 		210.4 		46
v -2.275 		210.686 		46
v -2.427 		210.995 		46
v -89.015 		7.408 		88.758
v -2.538 		211.32 		46
v 46.374 		-227.88 		111.889
v -2.605 		211.657 		46
v -32.921 		-105.39 		17.282
v -2.628 		212 		46
v -2.605 		212.343 		46
v -84.093 		0.006 		89.03
v -2.538 		212.68 		46
v -36.538 		-109.217 		18.642
v -2.427 		213.006 		46
v 90.746 		-80.786 		82.934
v -2.275 		213.314 		46
v -2.085 		213.6 		46
v 64.136 		190.655 		48.024
v -1.858 		213.858 		46
v -1.6 		214.085 		46
v -1.314 		214.275 		46
v -1.006 		214.427 		46
v -0.68 		214.538 		46
v -0.343 		214.605 		46
v 0 		214.628 		46
v -43.457 		-112.801 		21.278
v 2.538 		212.68 		46
v -56.42 		202.111 		91.276
v 85.677 		-80.786 		83.002
v 2.605 		212.343 		46
v -52.583 		-184.441 		42.413
v 2.628 		212 		46
v -57.762 		197.178 		91.062
v 2.605 		211.657 		46
v 85.963 		-73.894 		82.53
v -52.236 		-184.907 		42.443
v -57.176 		199.577 		91.165
v 2.538 		211.32 		46
v 2.427 		210.995 		46
v 44.923 		-229.954 		117.38
v 2.275 		210.686 		46
v 2.085 		210.4 		46
v 1.858 		210.142 		46
v 1.6 		209.915 		46
v 1.314 		209.725 		46
v 1.006 		209.573 		46
v 0.68 		209.462 		46
v -50.911 		-113.166 		24.086
v 0.343 		209.395 		46
v 90.399 		-73.983 		89.953
v 42.417 		-232.107 		117.808
v -54.989 		-99.397 		24.086
v 0.343 		214.605 		46
v 0.68 		214.538 		46
v 1.006 		214.427 		46
v 1.314 		214.275 		46
v 1.6 		214.085 		46
v 1.858 		213.858 		46
v 39.933 		-234.099 		118.209
v 2.085 		213.6 		46
v -50.104 		-186.817 		41.56
v 2.275 		213.314 		46
v -59.519 		-105.373 		24.086
v 2.427 		213.006 		46
v 37.479 		-235.937 		118.581
v -50.344 		-186.23 		41.567
v 33.877 		-238.399 		119.083
v -62.154 		-108.819 		20.105
v 50.365 		178.251 		48.927
v -83.991 		22.004 		71.317
v 65.902 		-80.786 		95.589
v 54.914 		174.829 		48.524
v 66.474 		-68.467 		91.667
v 62.542 		172.448 		48.831
v -64.389 		202.63 		91.258
v 0.001 		199.591 		50.911
v 65.902 		-80.786 		93.053
v 6.606 		203.791 		46.867
v 6.3256 		204 		46.881
v 6.5657 		204 		46.8963
v 0.001 		204 		46.4705
v 36.644 		-237.268 		113.716
v 66.474 		-68.467 		94.202
v -45.739 		-128.738 		24.086
v -46.58 		-126.282 		24.086
v 39.426 		-235.213 		113.302
v 0.001 		194.098 		49.958
v 52.26 		173.033 		42.57
v -35.359 		-121.758 		19.232
v -85.284 		7.408 		79.119
v 44.829 		-230.749 		112.409
v -52.694 		-189.922 		43.416
v -57.784 		197.078 		88.535
v -45.632 		-118.856 		22.735
v 42.162 		-233.032 		112.864
v -54.557 		199.591 		88.655
v -84.388 		10.6 		72.202
v -50.515 		-192.783 		44.362
v 3.285 		187.804 		48.948
v 0.001 		185.785 		48.279
v 0.001 		181.433 		47.254
v -84.003 		6.313 		67.938
v -50.282 		-192.783 		42.699
v -57.176 		199.577 		88.643
v -52.461 		-189.922 		41.754
v -54.557 		199.591 		86.133
v 1.339 		181.433 		46.931
v 1.565 		181.433 		46.913
v -39.592 		-121.494 		20.742
v 0 		181.433 		47.033
v 62.391 		165.632 		46.965
v 44.923 		-229.47 		108.516
v -49.721 		-190.712 		48.022
v -90.255 		12.218 		79.159
v 64.467 		170.122 		48.499
v 40.075 		-233.297 		112.97
v 84.225 		-84.405 		96.161
v 56.178 		170.599 		47.528
v -56.42 		202.111 		88.754
v 37.956 		-234.925 		113.298
v 36.627 		-236.177 		109.521
v -52.611 		-129.84 		25.073
v -62.86 		-116.66 		27.072
v -5.5227 		204 		46.8047
v -4.0848 		204 		46.7226
v -5.646 		193.699 		50.242
v -61.964 		-126.02 		28.482
v -58.492 		-181.033 		39.132
v -69.907 		229.978 		98.422
v 56.751 		170.956 		42.487
v 49.634 		169.595 		41.4
v -54.554 		-187.001 		40.843
v 89.041 		-90.079 		96.911
v 58.852 		165.259 		41.15
v -68.645 		230.982 		98.46
v -66.783 		232.133 		98.507
v -64.288 		-130.99 		30.718
v -53.399 		-181.88 		40.129
v -89.551 		3.515 		71.45
v -52.058 		-184.035 		40.685
v -63.009 		-130.99 		30.171
v -0.001 		181.433 		47.034
v 33.821 		-239.193 		114.105
v -0.066 		181.433 		46.938
v -0.001 		181.433 		46.934
v 84.439 		-89.654 		91.73
v -99.1 		7.408 		88.951
v -65.582 		221.666 		112.467
v -98.755 		17.976 		88.531
v 34.21 		-237.73 		111.595
v 84.625 		-88.059 		90.64
v -65.636 		223.386 		110.265
v -4.976 		186.374 		48.739
v -54.163 		-180.365 		39.912
v -67.874 		224.067 		107.279
v -99.281 		4.456 		84.048
v -98.834 		18.116 		83.484
v -58.726 		-181.033 		40.796
v -69.409 		222.469 		107.233
v -53.463 		-122.121 		24.086
v -54.732 		-119.255 		24.153
v 41.592 		178.486 		48.175
v 44.993 		177.482 		48.236
v 0.001 		-224.031 		71.511
v 88.588 		-95.358 		97.574
v -52.331 		-183.256 		40.706
v 43.573 		173.033 		41.804
v -66.962 		220.519 		112.467
v -67.96 		219.468 		112.467
v 8.468 		-211.713 		115.067
v -69.197 		217.886 		112.467
v -70.756 		215.257 		112.467
v -98.415 		28.513 		88.22
v -62.37 		-129.477 		23.769
v -61.324 		-121.044 		21.653
v 46.124 		173.033 		42.05
v -23.503 		-140.038 		16.521
v 83.544 		-93.35 		97.268
v -71.023 		220.213 		107.169
v -70.835 		217.54 		110.11
v -52.206 		-121.86 		18.062
v -12.002 		104.847 		34.999
v 88.887 		-96.593 		92.655
v -29.395 		-135.347 		18.312
v -27.9 		-144.261 		18.694
v 34.546 		178.365 		47.779
v 84.037 		-95.135 		91.376
v 11.971 		-210.356 		114.793
v -72.184 		214.809 		110.042
v 40.565 		173.56 		46.809
v -37.041 		-122.896 		12.597
v -41.473 		-122.637 		14.119
v -49.917 		128.889 		33.526
v -18.607 		-162.563 		17.424
v -45.523 		-114.069 		14.66
v -31.952 		-160.897 		24.086
v -61.574 		127.328 		35.161
v 83.846 		-96.282 		92.566
v -27.76 		-161.284 		21.858
v 33.714 		172.069 		45.936
v 0.001 		-220.293 		64.519
v 31.994 		-214.421 		130.97
v -73.821 		214.155 		107.012
v 5.486 		-219.053 		64.4
v -29.572 		-148.555 		20.049
v -18.228 		-159.108 		16.566
v -60.814 		129.956 		35.829
v 90.2 		-89.681 		83.534
v 89.748 		-90.053 		88.569
v -38.275 		-110.536 		12.001
v -70.322 		222.694 		105.732
v 44.64 		168.246 		45.602
v 5.494 		-218.069 		62.367
v -65.796 		227.672 		104.76
v 18.338 		-225.284 		128.616
v -34.485 		-106.763 		10.629
v 89.26 		-95.421 		89.485
v -67.995 		226.159 		104.709
v -67.951 		225.394 		105.648
v -14.741 		126.668 		26.245
v -83.89 		-66.752 		57.955
v 31.618 		-223.674 		126.705
v 84.55 		-94.225 		82.301
v 84.375 		-98.129 		84.253
v -12.002 		124.713 		24.892
v 5.017 		-224.473 		62.037
v 85.138 		-89.47 		83.618
v -69.534 		224.345 		105.031
v -11.88 		-136.803 		5.692
v -71.972 		221.668 		104.192
v -89.119 		-70.798 		62.051
v -71.211 		222.885 		104.229
v 41.965 		165.028 		39.435
v 89.634 		-96.328 		83.991
v 6.482 		-223.398 		62.051
v 35.319 		166.707 		39.543
v -83.751 		-72.255 		59.556
v 2.575 		-224.435 		62.363
v 89.567 		-95.403 		82.6
v -11.342 		-135.867 		12.39
v -73.067 		221.251 		102.665
v -83.953 		-75.118 		63.448
v 10.593 		194.823 		50.679
v -83.469 		-80.786 		62.608
v 0.001 		-224.436 		61.575
v -88.493 		-80.786 		62.051
v -71.089 		227.395 		99.84
v -23.912 		-131.097 		8.941
v 0.001 		-225.385 		63.219
v -88.606 		-77.011 		60.07
v 0.216 		-226.428 		62.091
v 0.216 		-226.428 		63.77
v 0.048 		-226.428 		62.091
v 27.709 		-224.305 		116.935
v -16.656 		-136.899 		14.007
v 12.603 		189.9 		49.809
v 24.792 		-226.259 		117.339
v 85.329 		-67.993 		73.997
v 30.525 		-222.223 		116.506
v -30.793 		-136.29 		11.669
v -12.002 		118.134 		21.967
v 16.826 		181.433 		48.006
v -12.002 		116.915 		21.471
v -73.338 		218.968 		104.114
v 90.851 		-75.408 		81.332
v 24.727 		181.433 		48.071
v -74.478 		218.002 		102.569
v -10.136 		121.194 		18.498
v -17.51 		-144.654 		14.704
v 31.899 		-227.609 		117.38
v -81.916 		-94.647 		61.247
v 6.657 		-222.807 		60.886
v -76.091 		217.255 		99.498
v -24.619 		-140.913 		9.861
v -15.441 		121.957 		19.673
v 30.003 		-228.958 		117.658
v 12.7385 		195.7156 		45.7304
v 84.787 		-67.095 		67.916
v 13.003 		193.5645 		45.2468
v 13.003 		195.6554 		45.7261
v -83.058 		-83.425 		60.806
v -82.535 		-89.045 		60.999
v 21.276 		-228.343 		117.773
v -29.225 		-145.075 		12.054
v -72.019 		212.449 		112.467
v -73.434 		208.319 		112.467
v 4.511 		-222.952 		59.618
v 13.003 		194.752 		45.662
v 13.003 		191.284 		45.241
v 89.712 		-69.006 		67.191
v -22.918 		127.939 		28.164
v 5.14 		-222.686 		59.419
v 5.143 		-222.583 		59.595
v 12.603 		196.0587 		45.7547
v 12.6013 		195.6362 		45.7248
v 4.2768 		-223.1149 		59.6899
v 4.096 		-223.1775 		59.7509
v -75.29 		205.959 		109.091
v 4.096 		-223.1775 		59.7509
v 4.2768 		-223.1149 		59.6899
v 23.857 		-224.634 		122.482
v -19.496 		127.403 		27.357
v -18.342 		-145.463 		8.028
v -87.942 		-87.123 		62.051
v -69.698 		201.471 		112.467
v -17.448 		-137.818 		7.323
v 5.072 		-222.747 		59.42
v 4.773 		-222.894 		59.515
v 84.346 		-83.166 		72.132
v 4.531 		-223.027 		59.604
v 11.597 		-228.76 		127.461
v 12.603 		185.761 		48.944
v -10.526 		-153.636 		12.822
v -71.232 		201.136 		108.045
v -31.921 		127.307 		24.583
v -31.921 		130.787 		26.005
v 15.774 		181.433 		47.678
v -75.489 		199.591 		112.467
v -74.608 		203.829 		112.467
v -87.26 		-93.448 		62.051
v 4.4151 		-223.0671 		59.6431
v 4.4151 		-223.0671 		59.6431
v 12.603 		181.433 		47.939
v 12.603 		181.433 		47.929
v -86.574 		-96.595 		58.33
v -76.46 		201.573 		108.241
v -77.605 		197.006 		106.812
v 97.932 		-104.073 		93.715
v 5.744 		-222.3 		59.598
v -26.316 		128.48 		28.969
v 13.003 		180.8245 		42.513
v -13.696 		-162.038 		15.033
v -14.581 		-159.221 		14.965
v 13.003 		187.999 		44.662
v 25.725 		-200.99 		110.366
v 13.003 		184.953 		43.936
v 28.632 		-198.105 		112.366
v 13.003 		182.199 		43.073
v 27.415 		-199.372 		110.051
v 25.135 		-201.538 		113.031
v 12.5803 		181.0068 		42.5872
v -76.637 		210.692 		102.359
v 88.166 		-103.31 		93.522
v -9.264 		-162.106 		13.173
v 25.024 		-198.186 		109.89
v 24.736 		-198.464 		107.386
v -79.015 		-73.728 		46.998
v -73.491 		197.307 		102.565
v -73.64 		197.886 		101.771
v -9.695 		-159.287 		12.995
v -24.619 		128.209 		28.566
v 83.268 		-102.178 		92.556
v 83.135 		-102.865 		93.42
v 4.784 		-224.473 		60.373
v -79.015 		-65.759 		44.843
v -79.015 		-66.495 		44.311
v -79.015 		-66.103 		44.655
v -79.015 		-66.987 		43.124
v -15.273 		-159.822 		8.29
v -14.346 		-162.597 		8.359
v -79.015 		-66.806 		43.816
v -72.587 		200.839 		103.913
v -27.842 		122.761 		26.99
v -73.41 		196.784 		103.094
v 31.186 		173.033 		41.195
v 96.952 		-111.775 		94.722
v -11.026 		-154.316 		6.127
v 22.842 		178.486 		47.285
v 29.768 		178.486 		47.573
v -10.157 		-159.887 		6.302
v -79.015 		-66.952 		42.604
v -79.015 		-66.683 		41.942
v -9.704 		-162.665 		6.481
v -79.015 		-66.311 		41.492
v -30.473 		119.971 		26.51
v -27.655 		116.733 		24.718
v 5.923 		-222.439 		59.124
v 23.634 		-202.854 		113.29
v 21.297 		-204.726 		113.661
v 31.241 		177.722 		47.425
v 23.064 		-203.321 		110.824
v 82.272 		-109.409 		94.288
v 17.073 		-204.647 		111.154
v -24.007 		123.211 		21.608
v -79.015 		-71.003 		43.059
v 19.483 		-202.95 		110.819
v -79.015 		-71.331 		44.104
v 28.159 		164.706 		43.309
v 31.021 		165.33 		43.681
v 6.053 		-222.46 		59.09
v -79.015 		-71.675 		44.496
v 86.615 		-114.472 		95.006
v -27.566 		123.744 		22.421
v -25.789 		123.478 		22.015
v 23.632 		169.822 		44.763
v -30.979 		-149.309 		13.421
v -78.671 		196.714 		103.154
v 22.673 		-200.352 		110.309
v 24.757 		164.493 		38.359
v -79.015 		-72.474 		44.928
v -79.015 		-72.992 		44.996
v 88.941 		-102.979 		84.452
v 3.9383 		-223.232 		59.8042
v -79.015 		-72.109 		44.786
v 22.674 		-200.353 		107.751
v 87.414 		-114.146 		85.23
v 88.389 		-107.428 		84.762
v -79.015 		-73.634 		44.886
v 16.935 		-204.749 		108.615
v -19.094 		-159.71 		9.907
v -19.491 		-163.115 		10.773
v 18.427 		-203.725 		108.413
v 10.435 		173.014 		45.204
v 15.788 		174.211 		45.819
v 3.2463 		-223.4714 		60.038
v 3.2462 		-223.4714 		60.038
v -25.305 		-162.122 		13.375
v 21.297 		-201.521 		107.979
v -79.015 		-71.503 		41.688
v -79.015 		-71.1 		42.351
v -29.078 		-161.854 		15.246
v 2.693 		-223.603 		60.231
v 22.672 		-201.868 		108.027
v -79.015 		-73.187 		41.013
v 83.904 		-102.441 		84.574
v -16.551 		115.229 		21.713
v -74.126 		198.615 		99.702
v -74.328 		198.658 		98.955
v 2.06 		-223.882 		60.438
v 2.062 		-223.881 		60.438
v 2.062 		-223.881 		60.438
v 2.053 		-223.884 		60.441
v 12.603 		179.318 		41.912
v 12.603 		179.4035 		41.8856
v -79.015 		-72.226 		41.144
v 12.603 		179.4163 		41.8924
v -73.943 		198.46 		100.428
v -17.987 		116.574 		17.679
v -79.015 		-77.992 		46.998
v -20.422 		122.682 		20.794
v 83.37 		-106.731 		84.894
v 12.577 		178.693 		42.091
v 12.5828 		179.784 		42.089
v -73.779 		198.224 		101.12
v 12.5841 		179.4697 		41.921
v -45.913 		-142.503 		24.651
v 0.001 		-224.714 		61.178
v -79.015 		-74.986 		42.863
v -79.015 		-74.805 		42.172
v 12.5844 		179.4693 		41.9207
v -79.015 		-74.102 		44.655
v 31.866 		-204.911 		113.475
v -29.165 		118.108 		20.424
v -79.015 		-73.876 		41.202
v 0.502 		-224.435 		60.987
v 95.791 		-119.408 		95.733
v -79.015 		-74.495 		41.676
v -74.15 		200.498 		98.784
v 0.001 		-224.629 		61.163
v -36.822 		-134.909 		21.215
v -31.921 		115.359 		19.94
v -31.921 		118.38 		21.06
v 94.437 		-126.998 		96.744
v -79.015 		-74.952 		43.384
v -79.015 		-74.495 		44.311
v 0.517 		-224.396 		60.99
v 1.033 		-224.114 		60.933
v 17.207 		-207.568 		114.231
v 84.997 		-123.806 		96.264
v 83.559 		-130.838 		97.21
v 18.876 		-206.483 		114.012
v -38.77 		-143.502 		23.463
v 7.9608 		179.4029 		41.8852
v -12.002 		104.847 		27.999
v -79.735 		198.634 		98.397
v 16.631 		-207.904 		111.74
v -78.792 		197.47 		102.38
v -81.782 		-77.992 		40.788
v -79.385 		198.607 		99.712
v -12.002 		109.02 		18.419
v 13.556 		167.584 		43.576
v -81.205 		-77.992 		35.201
v 86.97 		-115.719 		83.928
v -40.612 		-144.328 		16.865
v -12.366 		102.699 		16.487
v 84.751 		-128.755 		86.241
v 85.365 		-125.757 		86.034
v -78.873 		197.785 		101.944
v -82.602 		-73.224 		46.998
v 19.209 		-206.253 		111.408
v 10.932 		167.637 		38.805
v -79.022 		198.165 		101.237
v -12.055 		105.693 		17.316
v -12.002 		105.703 		17.309
v -12.002 		106.185 		17.468
v -45.144 		-141.645 		24.086
v 86.24 		-121.133 		85.715
v 15.528 		173.033 		40.631
v -82.775 		-66.103 		44.655
v -41.222 		-140.67 		24.086
v -41.366 		-140.399 		24.086
v 82.067 		-115.548 		85.556
v -79.192 		198.448 		100.49
v 8.772 		173.282 		40.419
v 0.001 		-224.541 		61.232
v -23.739 		113.193 		22.576
v 35.998 		143 		62
v 35.998 		143 		64
v 41.998 		143 		56.998
v 39.998 		143 		56.998
v -43.59 		-144.891 		24.086
v 39.998 		143 		62
v 41.998 		143 		64
v -82.709 		-66.654 		44.104
v 44.003 		151 		62.003
v 6.275 		-213.482 		55.992
v -82.628 		-66.987 		43.128
v -44.879 		-139.693 		17.91
v 44.003 		151 		56.998
v 0.001 		-215.099 		56.644
v 53 		151 		55
v -82.667 		-66.885 		43.636
v 39.998 		151 		62.003
v 79.998 		-126.72 		86.39
v 39.998 		151 		56.998
v 79.237 		-130.296 		86.654
v 13.747 		-209.513 		114.623
v 44.003 		145.003 		62.003
v 79.266 		-127.202 		82.619
v 0.001 		-221 		56.313
v 44.003 		145.003 		56.998
v 81.277 		-115.94 		95.166
v -28.969 		112.166 		18.131
v 80.724 		-123.075 		86.12
v 2.99 		-219.15 		54.334
v 14.773 		-206.092 		111.442
v -68.41 		247.046 		90.979
v -66.179 		247.705 		90.979
v 35.998 		145.003 		62
v 35.998 		145.003 		64
v 41.998 		145.003 		64
v 39.998 		145.003 		62.003
v 13.895 		-209.437 		112.048
v 39.998 		145.003 		62
v 13.328 		-206.894 		111.601
v -82.594 		-66.952 		42.604
v -54.965 		-134.888 		27.21
v -63.009 		-131.996 		30.357
v -82.574 		-66.843 		42.227
v -29.439 		107.856 		22.229
v -82.528 		-66.409 		41.578
v 81.18 		-119.473 		88.741
v 11.971 		-210.356 		112.234
v 41.998 		145.003 		56.998
v -82.511 		-65.994 		41.26
v 5.316 		-216.524 		51.142
v 80.042 		-122.864 		96.104
v -70.608 		246.239 		90.979
v 78.623 		-129.802 		97.043
v -67.7 		247.211 		87.9
v -69.039 		246.931 		87.882
v 53 		160 		55
v 81.128 		-108.349 		70.465
v -67.903 		247.227 		90.428
v 0.001 		-213.418 		54.123
v 8.635 		-208.982 		112.019
v -63.009 		-135.16 		31.174
v -82.433 		-70.999 		43.128
v -67.623 		247.232 		85.907
v -30.473 		107.857 		22.493
v -70.771 		246.27 		87.848
v -82.503 		-71.624 		44.452
v -55.99 		-141.843 		29.507
v 53 		160 		43.9653
v 53 		156.085 		42.8148
v 59.2646 		160 		44.8556
v 57.2735 		160 		44.5676
v 51.178 		155.731 		42.454
v 5.25 		-208.685 		48.696
v -31.22 		107.385 		16.975
v -55.518 		-144.981 		30.195
v -82.497 		-71.403 		44.212
v -82.479 		-71.142 		43.76
v 77.824 		-123.82 		69.042
v -69.997 		246.421 		85.907
v 9.069 		-211.512 		112.467
v -70.092 		246.384 		87.857
v 0.001 		-215.412 		47.869
v 9.022 		-208.844 		109.431
v 82.76 		-124.521 		68.172
v -51.58 		-144.688 		28.053
v -21.685 		103.835 		19.095
v 14.624 		-206.166 		108.897
v 12.243 		-207.447 		109.153
v -30.473 		99.359 		20.199
v -82.466 		-71.063 		43.527
v 53 		153.6699 		42.0666
v 62.4572 		160 		45.3164
v 52.2457 		151 		41.0982
v -82.483 		-72.862 		44.988
v -29.739 		104.822 		21.428
v -82.502 		-72.116 		44.771
v -72.759 		245.258 		90.979
v -74.851 		244.079 		90.979
v -75.871 		243.407 		90.979
v -77.338 		242.299 		90.979
v -79.147 		240.685 		90.979
v -80.4 		239.371 		90.979
v -77.839 		241.901 		90.167
v -82.465 		-73.209 		44.982
v 53 		151 		41.2112
v -18.124 		100.341 		17.243
v -64.569 		-141.809 		28.054
v 63.845 		-104.783 		98.616
v 62.812 		-112.782 		99.683
v 65.361 		160.363 		40.582
v 61.891 		-118.799 		100.496
v -2.995 		-210.008 		49.938
v 60.326 		151.832 		37.309
v 60.469 		-126.805 		101.578
v -57.262 		-142.683 		24.561
v -69.152 		233.169 		95.506
v -11.247 		112.808 		14.787
v -68.428 		233.633 		95.526
v -8.568 		109.584 		12.915
v 53.613 		150.603 		36.03
v -54.116 		-138.82 		22.022
v -5.485 		-219.053 		64.4
v -82.43 		-73.625 		44.889
v 59.736 		-130.502 		99.533
v 58.521 		-123.57 		98.579
v -5.983 		-217.877 		62.196
v -82.196 		-71.991 		41.26
v -44.918 		-148.847 		25.781
v 61.427 		-121.612 		98.333
v -1.094 		-226.037 		63.425
v 54.511 		158.362 		38.593
v -35.294 		-163.326 		25.208
v -0.121 		-226.428 		62.091
v 22.279 		-228.275 		112.628
v -0.186 		-226.402 		63.747
v -3.421 		-224.091 		62.051
v -82.147 		-72.474 		41.06
v -82.125 		-72.731 		41.009
v -43.146 		-159.041 		28.155
v -0.856 		-226.115 		61.818
v -82.281 		-71.403 		41.775
v -12.002 		102.223 		16.276
v 63.377 		-80.786 		90.501
v -82.311 		-71.258 		41.993
v 63.843 		-71.334 		89.428
v 24.217 		-227.116 		112.386
v -66.475 		236.98 		90.979
v -82.369 		-71.059 		42.475
v 50.6776 		151 		40.8551
v -68.751 		235.924 		92.583
v -68.117 		235.035 		94.064
v -68.566 		236.024 		92.589
v 63.377 		-80.786 		93.038
v -12.293 		104.207 		11.582
v 63.845 		-71.334 		91.964
v 27.988 		-224.601 		111.865
v -48.672 		-163.626 		27.1
v 38.558 		160.83 		42.742
v -82.092 		-73.253 		41.009
v 64.013 		-66.07 		88.874
v -12.953 		98.335 		9.827
v -12.627 		101.284 		10.663
v 64.013 		-66.13 		89.997
v -87.43 		-70.379 		41.558
v -65.975 		237.167 		92.645
v -17.339 		110.684 		15.099
v -36.727 		-148.009 		23.375
v 18.262 		-230.485 		130.666
v 45.31 		162.234 		43.828
v -67.798 		236.411 		92.607
v -82.471 		-79.11 		49.08
v -3.062 		-225.178 		60.998
v 64.013 		-67.993 		89.078
v -31.152 		100.426 		14.812
v -66.996 		236.768 		92.627
v -22.714 		99.455 		12.458
v -0.832 		-224.239 		60.908
v -82.348 		-77.992 		46.998
v -38.182 		-147.866 		24.086
v -38.196 		-147.872 		24.086
v -35.503 		-153.87 		24.086
v 46.156 		154.737 		41.505
v -1.793 		-223.934 		60.534
v -30.838 		103.416 		15.62
v -40.538 		-151.042 		24.114
v -31.921 		103.417 		15.887
v 28.07 		-230.25 		117.925
v -68.751 		235.924 		90.979
v -38.473 		-148.77 		16.776
v 47.466 		157.013 		37.416
v -24.868 		108.678 		15.97
v 46.765 		162.94 		39.206
v 25.09 		-232.067 		118.302
v -82.096 		-74.777 		42.096
v 64.594 		-67.993 		89.096
v -82.075 		-74.483 		41.663
v -4.622 		-222.894 		59.586
v 62.794 		-89.382 		91.541
v -82.068 		-73.993 		41.26
v -4.86 		-222.894 		59.49
v 64.691 		-96.761 		97.568
v -40.872 		-155.458 		19.676
v 64.689 		-96.791 		95.032
v 62.04 		-97.971 		95.168
v -82.233 		-74.884 		43.636
v 65.37 		-88.774 		94.019
v -70.243 		234.993 		92.538
v -43.76 		-148.306 		19.243
v 65.372 		-88.749 		96.555
v 17.643 		-230.191 		118.16
v -42.007 		128.02 		26.497
v -47.081 		130.536 		28.248
v -6.882 		-222.712 		60.806
v -71.55 		233.942 		92.488
v -47.474 		-147.938 		21.016
v -82.133 		-74.952 		42.604
v 62.798 		-89.342 		94.074
v -44.357 		125.301 		31.225
v -70.575 		234.751 		90.979
v 17.092 		-236.032 		119.131
v -48.72 		-151.974 		22.824
v 17.085 		-236.032 		119.135
v -5.039 		-222.583 		59.847
v 62.036 		-98.022 		92.634
v -82.073 		-73.739 		41.137
v 22.027 		-233.754 		118.654
v 48.4384 		151 		40.5759
v 42.8 		154.066 		40.895
v -82.371 		-74.151 		44.612
v -82.291 		-74.654 		44.104
v -71.87 		232.244 		93.934
v 64.013 		-67.993 		79.995
v -72.21 		233.331 		90.979
v -6.447 		-222.017 		59.349
v 46.5795 		151 		40.3089
v 43.8814 		151 		39.9982
v 61.01 		-65.727 		79.995
v 60.651 		-65.885 		79.995
v -73.074 		232.375 		92.416
v 59.878 		-65.987 		79.995
v 43.153 		151 		39.8822
v 61.228 		-65.582 		79.995
v 41.2584 		151 		39.6702
v -6.721 		-221.99 		58.954
v 59.367 		-65.885 		79.995
v 19.932 		-234.784 		118.869
v -40.101 		126.315 		30.708
v -73.293 		230.575 		93.859
v 58.899 		-65.655 		79.995
v -41.013 		-150.029 		24.086
v 48.352 		149.624 		35.072
v -81.937 		-79.74 		43.583
v -87.2 		-78.777 		44.596
v 30.375 		-240.575 		119.529
v -46.466 		120.611 		24.698
v -36.88 		-157.574 		24.086
v 28.088 		-241.86 		119.792
v -86.903 		-70.909 		36.515
v -73.735 		231.552 		90.979
v -74.218 		230.864 		92.348
v 44.838 		148.963 		34.455
v -74.703 		230.086 		90.979
v -37.942 		-162.354 		20.274
v -74.96 		229.666 		92.294
v 24.847 		-242.965 		114.945
v -5.315 		-216.524 		51.142
v 60.461 		-65.932 		73.997
v -86.127 		-79.871 		34.834
v 61.119 		-65.655 		73.997
v 58.899 		-65.655 		73.997
v -35.037 		-161.337 		18.296
v 28.048 		-242.637 		114.81
v 59.878 		-65.987 		73.997
v 24.752 		-244.318 		115.158
v 59.367 		-65.885 		73.997
v 37.6003 		151 		39.2755
v 34.827 		154.629 		40.29
v -42.007 		114.742 		27.242
v -80.713 		-91.356 		42.291
v 24.852 		-243.51 		120.132
v -81.12 		-85.83 		40.571
v -54.448 		-151.616 		31.843
v -80.357 		-96.665 		45.462
v -39.976 		116.538 		27.45
v -38.182 		115.291 		26.662
v 35.003 		151 		38.9779
v -79.474 		-97.603 		38.022
v -3.85 		-213.526 		46.26
v 56.011 		-67.993 		73.997
v -65.771 		238.158 		85.907
v 56.011 		-67.993 		79.995
v -67.109 		237.675 		85.907
v 61.08 		-106.659 		93.764
v 21.54 		-244.999 		120.443
v 59.905 		-115.247 		94.912
v 39.7169 		151 		39.4551
v 61.083 		-106.627 		96.302
v -65.242 		-149.905 		31.167
v 60.523 		-110.944 		96.877
v -72.299 		245.429 		85.907
v -57.938 		-150.868 		27.473
v 21.574 		-244.46 		115.257
v 40.393 		155.629 		36.32
v -79.785 		-92.252 		34.762
v -72.508 		245.482 		87.808
v -42.007 		121.609 		24.177
v 36.485 		149.517 		33.845
v -72.365 		245.397 		87.807
v -85.859 		-90.863 		42.047
v -54.263 		-151.327 		25.614
v -86.528 		-86.643 		44.453
v 57.379 		-129.463 		96.833
v -85.243 		-94.962 		40.706
v 17.412 		-246.096 		115.601
v -42.007 		117.217 		22.65
v 59.132 		-120.086 		95.566
v 5.897 		239.508 		62.051
v -42.007 		116.936 		22.556
v -85.672 		-87.542 		36.891
v 21.407 		-245.817 		115.471
v -74.235 		244.549 		87.763
v 18.013 		-247.131 		115.749
v 1.267 		234.638 		63.429
v -84.44 		-95.726 		34.444
v -56.048 		-162.607 		31.11
v -74.518 		244.229 		87.75
v 0.053 		233.254 		59.677
v 18.156 		-246.313 		120.721
v -75.94 		243.454 		87.712
v 5.287 		229.867 		57.736
v 54.051 		143 		38.8055
v 55.1518 		143 		38.9704
v 56.8751 		143 		39.2638
v 61.7494 		143 		40.1519
v -57.13 		-156.132 		28.975
v -61.471 		129.041 		30.308
v 54.52 		140.922 		38.21
v -78.111 		241.749 		87.635
v -49.252 		123.173 		31.497
v 63.842 		-104.804 		96.077
v -77.465 		242.156 		87.655
v -49.758 		-157.084 		25.113
v 53.2728 		143 		38.6849
v -79.874 		-109.143 		62.767
v 5.968 		233.2 		59.736
v 13.317 		-233.796 		127.762
v -79.427 		-111.344 		62.373
v 62.812 		-112.782 		97.142
v 0.001 		230.419 		57.641
v -63.777 		121.648 		28.555
v 0.001 		231.418 		58.283
v 9.84 		-233.598 		130.757
v 59.728 		144.097 		34.776
v -53.448 		121.653 		26.426
v -81.39 		-99.733 		62.711
v -80.673 		-104.445 		62.738
v -80.367 		-105.799 		61.93
v -81.097 		-100.361 		60.546
v -52.21 		116.869 		24.675
v 52.742 		142.862 		33.35
v -78.704 		-112.249 		55.675
v -38.572 		-135.858 		14.597
v -75.726 		243.454 		87.714
v 1.464 		232.982 		53.358
v 0.001 		233.959 		53.909
v 5.806 		235.288 		55.069
v -33.367 		-153.438 		15.324
v 84.333 		-25.663 		62.493
v -64.44 		115.508 		26.963
v 64.228 		134.776 		38.173
v 89.492 		-22.072 		64.56
v 12.426 		-232.306 		118.605
v 89.071 		-25.583 		58.195
v -79.114 		240.816 		87.593
v -79.306 		240.526 		90.102
v -79.35 		-107.107 		52.145
v -64.664 		115.955 		32.484
v 3.879 		237.499 		56.548
v 62.054 		136.833 		32.847
v -80.036 		-101.749 		49.977
v -14.175 		-167.57 		16.429
v 15.056 		-231.32 		118.397
v -57.492 		119.251 		31.887
v -13.137 		-169.674 		16.497
v 61.452 		134.316 		37.476
v 53.69 		133.015 		35.554
v 88.784 		-5.577 		62.051
v -79.081 		240.715 		87.59
v 4.261 		231.643 		52.882
v -85.205 		-104.672 		55.834
v -86.437 		-99.776 		62.051
v -26.559 		-176.327 		25.898
v -29.392 		-177.319 		28.323
v 14.187 		-237.128 		119.363
v 84.297 		-26.651 		61.38
v -26.752 		-180.04 		28.287
v -83.668 		-112.637 		54.264
v 0.001 		232.366 		52.956
v -32.05 		-169.517 		25.867
v 0.001 		230.423 		52.004
v -34.11 		112.356 		24.756
v 41.998 		143 		41.998
v 2.142 		230.448 		52.148
v -80.955 		238.805 		87.504
v -80.675 		239.027 		90.034
v 88.436 		-26.219 		48.925
v 87.823 		-26.809 		40.213
v -84.071 		-113.866 		62.051
v 41.998 		145.003 		41.998
v 0.001 		229.651 		51.684
v -85.465 		-106.126 		62.051
v 87.396 		-27.174 		34.737
v -81.168 		238.422 		87.163
v 46.703 		143 		37.6581
v 47.4862 		143 		37.7483
v 48.857 		143 		37.9452
v 12.46 		-237.696 		119.483
v 47.857 		139.728 		36.701
v -19.575 		-169.674 		24.086
v 43.456 		143 		37.1703
v -19.575 		-169.674 		22.406
v 44.0741 		143 		37.2394
v -32.941 		111.04 		24.086
v -22.876 		-169.674 		21.79
v -79.483 		240.315 		87.163
v -35.894 		108.695 		24.086
v -16.877 		-169.674 		18.412
v -24.187 		-166.976 		21.569
v 0.001 		221.435 		54.457
v 35.003 		146.7228 		37.4076
v 35.003 		145.5899 		37.0074
v 35.003 		146.4818 		37.3766
v -78.025 		-118.492 		62.825
v -33.591 		111.858 		24.481
v -80.58 		239.126 		87.519
v 0.001 		224.035 		55.122
v 0.001 		227.415 		56.232
v 10.734 		-238.197 		119.594
v 35.003 		143 		36.0428
v 10.719 		-238.203 		119.592
v 42.5303 		143 		37.0411
v 0.192 		229.042 		56.924
v 35.003 		144.4033 		36.5423
v 82.465 		-16.568 		38.055
v -20.102 		-164.55 		18.645
v 8.193 		-238.798 		119.72
v 82.317 		-28.469 		34.057
v 1.65 		229.096 		57.039
v -75.31 		-129.472 		62.336
v -75.83 		-127.764 		62.89
v 4.809 		226.532 		56.299
v -18.748 		-167.356 		18.699
v 10.714 		-238.204 		119.592
v -77.134 		-121.41 		60.262
v -42.007 		111.972 		20.917
v 82.522 		-4.682 		42.855
v 40.103 		143 		36.6846
v 41.7559 		143 		36.9293
v 40.103 		142.237 		36.413
v -26.781 		-169.674 		24.086
v 3.384 		222.115 		54.866
v -28.775 		-166.549 		24.086
v 2.852 		224.359 		55.422
v -42.007 		108.404 		19.797
v 44.52 		139.127 		35.96
v 89.34 		-34.175 		59.57
v 89.846 		-45.568 		64.439
v -73.969 		244.543 		85.907
v -75.6 		243.54 		85.907
v 47.03 		131.894 		33.93
v -42.007 		107.323 		19.467
v -30.604 		-167.472 		24.086
v -80.347 		239.392 		85.907
v -77.63 		242.02 		85.907
v 4.995 		228.32 		51.581
v -30.154 		-167.054 		17.503
v -79.483 		240.315 		85.907
v 84.546 		-36.69 		62.479
v 5.567 		225.583 		50.757
v 0.001 		227.037 		50.754
v -76.192 		-122.506 		52.481
v -39.922 		104.92 		24.086
v 0.001 		225.315 		50.234
v -19.575 		-178.69 		24.086
v -19.575 		-177.01 		22.406
v 40.103 		132.813 		33.006
v 40.103 		134.412 		33.563
v 4.006 		222.294 		49.765
v -68.355 		237.128 		85.907
v -21.953 		-178.286 		24.086
v 0.001 		222.913 		49.616
v 7.216 		-239.029 		119.7691
v 7.216 		-239.029 		119.7691
v 7.216 		-239.029 		119.769
v 84.454 		-55.172 		61.006
v 84.51 		-58.752 		62.511
v -20.513 		-178.168 		16.631
v -82.141 		-122.866 		62.051
v 7.2159 		-239.029 		119.7691
v -71.025 		235.519 		85.907
v -69.553 		236.492 		85.907
v -82.685 		-116.762 		52.488
v 84.506 		-49.424 		61.041
v 7.895 		-238.868 		119.735
v 17.486 		162.378 		41.939
v -26.33 		-173.198 		24.086
v 0.001 		218.842 		53.911
v -47.485 		99.877 		24.086
v -32.452 		-175.702 		22.745
v -26.719 		-175.09 		18.844
v -42.007 		105.833 		24.41
v -83.32 		-117.561 		62.051
v -42.007 		104.705 		24.086
v -69.561 		229.915 		85.907
v -66.943 		232.077 		85.907
v -67.95 		231.412 		85.907
v 5.7345 		218 		49.0609
v 0.001 		219.534 		48.901
v 32.498 		160.065 		37.267
v 7.196 		-239.033 		119.77
v 0.36 		218.455 		48.729
v 0.4631 		218 		48.6578
v 0.3012 		218 		48.6493
v 0.001 		218 		48.639
v 3.0313 		218 		48.8516
v 7.2042 		-239.0311 		119.7696
v 0.6342 		218 		48.6758
v 7.2042 		-239.0311 		119.7696
v 89.339 		-59.822 		59.909
v -65.558 		232.042 		82.277
v -78.723 		-107.878 		46.516
v -78.807 		-103.132 		39.464
v 11.187 		-248.37 		121.171
v -3.979 		239.519 		62.051
v -73.399 		233.314 		85.907
v 29.5 		159.448 		36.893
v -42.007 		104.783 		18.715
v 14.698 		-247.442 		120.964
v 89.258 		-51.466 		57.27
v -48.182 		104.786 		20.21
v -76.936 		-109.563 		33.514
v -6.239 		231.579 		58.737
v 18.319 		157.154 		35.509
v -76.657 		-114.529 		39.149
v -77.668 		-108.966 		38.339
v 83.906 		-50.103 		53.295
v 11.064 		-249.176 		116.195
v -5.286 		229.867 		57.736
v -42.007 		100.612 		17.564
v 14.565 		-248.253 		115.992
v -74.14 		232.377 		85.821
v -74.441 		231.917 		85.907
v -75.108 		230.932 		85.691
v 20.033 		156.909 		40.034
v -75.3 		230.55 		85.907
v -12.671 		-194.877 		32.143
v -77.701 		-113.466 		46.948
v 12.481 		-247.626 		115.93
v 9.175 		-248.463 		115.328
v 10.186 		-248.188 		116.053
v -15.242 		-193.097 		31.697
v 30.475 		153.103 		39.351
v -10.594 		-195.376 		31.445
v 88.096 		-35.376 		42.443
v 88.18 		-44.046 		43.052
v -6.481 		233.333 		59.84
v -56.024 		114.327 		24.743
v 31.925 		148.014 		32.898
v -82.844 		-107.35 		35.984
v -81.995 		-114.574 		40.575
v -83.286 		-110.119 		44.575
v -84.668 		-102.231 		45.125
v 14.89 		-246.933 		115.78
v -84.507 		233.234 		90.979
v -3.144 		235.906 		55.392
v -11.306 		-192.947 		28.998
v -83.29 		235.423 		90.979
v -83.474 		-103.448 		35.75
v -85.584 		230.908 		90.979
v 87.441 		-44.743 		34.582
v -1.974 		231.093 		52.431
v -57.959 		104.094 		22.402
v -81.923 		237.475 		90.979
v 28.738 		147.914 		37.214
v -84.35 		233.517 		87.278
v -83.214 		235.502 		87.362
v 25.296 		150.527 		37.917
v 7.24 		-249.234 		120.771
v -75.735 		-119.849 		41.525
v -76.498 		-119.077 		47.072
v -13.974 		-190.383 		28.068
v -6.093 		234.063 		54.332
v 83.441 		-39.133 		47.22
v -12.49 		-188.484 		25.353
v -84.344 		233.596 		87.282
v -1.463 		232.982 		53.358
v -12.194 		-189.423 		26.006
v -61.129 		109.397 		29.893
v 7.51 		-249.891 		116.353
v 82.489 		-40.02 		35.53
v 7.206 		-249.836 		116.977
v -83.323 		235.439 		87.359
v -6.368 		232.799 		53.654
v -83.098 		235.706 		89.885
v 88.231 		-52.642 		44.399
v 20.987 		151.765 		33.587
v -54.356 		111.212 		28.831
v -6.907 		230.173 		52.487
v -69.01 		-130.99 		46.998
v 82.95 		-51.129 		41.594
v -81.939 		237.417 		89.961
v -81.948 		237.405 		87.445
v -82.189 		237.167 		87.433
v 21.871 		149.837 		37.356
v -15.6 		-194.545 		25.411
v 18.014 		-230.514 		113.096
v -3.116 		223.246 		55.133
v -2.441 		226.016 		55.905
v -12.002 		96.99 		27.999
v -15.159 		-195.982 		26.636
v -1.783 		223.524 		55.104
v 83.212 		-59.994 		46.998
v -74.81 		-123.95 		42.323
v 30.956 		-240.984 		114.471
v 32.617 		-238.601 		114.047
v 16.69 		148.806 		36.502
v -31.385 		86.287 		17.764
v -15.033 		-184.922 		24.086
v -20.132 		97.498 		17.049
v -12.568 		-186.917 		24.086
v -2.191 		221.842 		54.703
v -27.498 		92.134 		17.804
v -78.631 		-129.693 		43.347
v -79.612 		-125.898 		42.926
v -85.569 		230.97 		87.172
v 83.045 		-65.529 		46.998
v 83.175 		-62.287 		46.998
v -13.136 		-186.031 		16.872
v 83.147 		-62.991 		46.998
v -1.586 		229.081 		57.028
v -74.427 		-127.434 		47.334
v 29.427 		-240.579 		113.908
v -16.027 		-185.817 		18.425
v 31.76 		-239.183 		113.676
v 88.016 		-61.393 		44.045
v -5.566 		225.583 		50.757
v -85.648 		230.742 		87.162
v -1.222 		224.517 		50.093
v 27.465 		-241.631 		114.669
v -6.127 		222.805 		50.076
v 14.202 		162.287 		37.162
v -23.555 		97.903 		18.026
v -74.351 		-120.892 		33.05
v -84.334 		233.548 		85.907
v -2.785 		227.784 		51.195
v 8.66 		160.512 		40.703
v -85.945 		229.993 		85.907
v -83.199 		235.526 		85.907
v 82.896 		-63.51 		44.333
v -81.948 		237.405 		85.907
v -75.221 		-120.297 		38.165
v 82.918 		-64.321 		44.875
v -31.872 		80.013 		16.936
v -7.894 		-195.158 		21.249
v 15.243 		155.911 		39.333
v 82.905 		-64.864 		44.971
v -7.452 		-196.579 		22.492
v -66.317 		237.045 		81.043
v -8.009 		96.99 		14.056
v -7.487 		92.859 		13.065
v -80.587 		-118.976 		36.853
v -80.136 		-119.329 		34.128
v -7.175 		-190.955 		17.13
v -68.446 		229.652 		80.587
v -5.216 		218.842 		54.308
v 15.97 		150.781 		32.879
v -71.803 		-130.689 		34.315
v -69.01 		-130.99 		33.019
v 9.073 		155.315 		34.262
v -73.139 		-125.808 		33.67
v 82.858 		-63.18 		43.816
v 82.796 		-63 		43.128
v -4.7019 		218 		48.9759
v -12.102 		90.324 		13.616
v -10.02 		-188.791 		24.086
v -13.112 		95.109 		14.786
v -73.707 		-124.827 		35.635
v -11.306 		-196.299 		24.531
v 13.191 		148.121 		35.913
v -73.134 		-128.576 		39.063
v -12.002 		96.99 		14.972
v -72.447 		232.967 		80.907
v -11.629 		96.99 		14.877
v -11.392 		-192.861 		21.135
v -13.68 		-194.713 		24.348
v 7.164 		154.28 		38.063
v 11.08 		-233.383 		112.314
v -15.84 		-190.352 		21.711
v -66.656 		229.741 		74.856
v 9.53 		-233.747 		113.775
v -10.253 		95.008 		8.315
v -77.584 		-130.57 		37.1
v -77.939 		-127.232 		33.059
v -77.248 		-130.808 		35.287
v 12.613 		-232.76 		113.567
v 82.671 		-63.259 		41.993
v 82.627 		-63.51 		41.654
v -11.021 		-190.741 		19.091
v -72.032 		231.535 		73.977
v -11.603 		-188.457 		17.673
v -10.943 		87.058 		12.819
v 15.348 		-231.705 		113.345
v 30.475 		145.833 		36.562
v 82.528 		-64.475 		41.06
v 82.568 		-63.992 		41.26
v 30.475 		143.593 		35.684
v -23.423 		-183.387 		28.408
v 7.978 		-234.583 		108.691
v 7.964 		-234.164 		113.864
v -20.457 		-185.085 		27.718
v -17.12 		-186.162 		26.375
v -73.373 		-70.071 		25.339
v 82.492 		-65.254 		41.009
v -20.7 		-188.175 		30.463
v 82.501 		-64.993 		40.992
v -13.735 		90.853 		8.109
v -7.532 		91.649 		6.94
v 82.721 		-63.089 		42.416
v -69.53 		233.636 		73.334
v -70.811 		231.797 		70.277
v -79.015 		-77.992 		28.154
v 27.924 		143.595 		35.395
v -80.899 		-77.992 		32.767
v -79.015 		-73.978 		27.737
v -12.677 		86.136 		6.929
v 26.961 		143.874 		35.388
v -23.3 		-186.003 		30.346
v -7.841 		88.635 		6.372
v 27.282 		143.557 		35.298
v -80.352 		-77.992 		28.651
v -72.363 		230.088 		70.22
v -11.462 		82.917 		6.124
v 27.282 		143.557 		34.913
v 26.974 		143.865 		34.913
v -80.402 		-77.992 		28.674
v 82.513 		-64.732 		41.009
v -80.213 		-80.786 		28.911
v -68.515 		-78.369 		24.378
v -68.556 		-75.385 		24.133
v -26.631 		-187.025 		26.127
v 87.325 		-53.529 		34.557
v 25.288 		143.646 		35.086
v -69.635 		-70.212 		24.086
v -68.314 		-75.536 		24.086
v 87.084 		-62.314 		34.582
v 25.729 		143.977 		35.273
v 26.144 		144.087 		35.372
v 26.61 		144.037 		35.41
v -77.427 		-71.212 		21.512
v -80.319 		-77.209 		23.144
v -72.676 		226.734 		98.301
v -18.985 		96.011 		10.59
v -17.385 		-190.992 		30.889
v -24.673 		93.607 		11.38
v 59.929 		-198.16 		91.152
v -18.982 		91.148 		15.414
v -89.077 		-80.786 		25.499
v 82.091 		-59.994 		34.918
v 25.288 		143.646 		34.913
v -74.691 		226.647 		95.232
v 82.439 		-59.994 		38.38
v 26.579 		144.049 		34.913
v -17.759 		-189.613 		29.801
v 26.144 		144.087 		34.913
v 25.723 		143.974 		34.913
v -89.603 		-72.629 		24.791
v 82.349 		-51.68 		35.13
v -75.373 		225.231 		95.175
v -19.433 		-194.191 		27.563
v -84.019 		-80.786 		24.946
v -21.55 		91.448 		16.12
v -26.733 		-189.223 		27.946
v 56.725 		-203.17 		91.562
v -26.151 		-191.437 		29.455
v 79.015 		-59.994 		46.998
v -19.082 		-192.175 		25.401
v 25.07 		143.268 		34.918
v 25.068 		143.255 		34.913
v 25.07 		143.268 		34.913
v 79.015 		-64.475 		44.928
v 79.015 		-64.993 		44.996
v 79.015 		-63.034 		43.384
v -21.088 		93.208 		10.393
v 51.013 		-202.465 		92.36
v 79.015 		-63.201 		43.878
v -77.573 		223.429 		92.021
v 79.015 		-63.404 		44.212
v 52.591 		-200.189 		92.141
v -75.942 		227.729 		92.208
v 79.015 		-63.774 		44.582
v 27.47 		142.565 		34.913
v 27.495 		142.617 		34.937
v 79.015 		-63.992 		44.728
v 79.015 		-64.227 		44.843
v 79.015 		-65.254 		44.979
v -19.717 		-180.609 		24.086
v 64.372 		-207.85 		95.941
v -76.946 		225.295 		92.103
v -85.93 		-71.702 		28.569
v -75.641 		228.385 		90.979
v -16.419 		-188.082 		20.281
v -76.768 		225.776 		90.979
v 27.504 		142.946 		35.074
v -18.077 		-180.847 		16.61
v 27.504 		142.946 		34.913
v 27.495 		142.617 		34.913
v -77.943 		222.153 		90.979
v 25.364 		143.214 		34.913
v -19.856 		-185.475 		20.56
v -85.562 		-70.375 		25.189
v -20.247 		-187.719 		22.439
v 55.043 		-205.588 		91.762
v 79.015 		-63.676 		41.492
v 79.015 		-63.101 		42.351
v 79.015 		-63 		42.863
v 79.015 		-65.188 		41.013
v -24.379 		88.644 		16.332
v 79.015 		-64.357 		41.118
v -84.924 		-80.786 		26.083
v -25.161 		-182.585 		22.041
v -78.648 		219.41 		91.848
v -22.935 		85.336 		15.415
v -26.613 		-184.755 		24.452
v -17.515 		84.71 		13.993
v 51.496 		-210.271 		92.158
v -85.256 		-66.552 		23.294
v 30.475 		138.624 		33.705
v -79.264 		216.509 		91.725
v -78.918 		218.204 		90.979
v -85.275 		-69.071 		23.446
v -22.574 		87.244 		9.457
v -19.883 		86.949 		8.744
v -19.671 		-189.986 		23.872
v -85.21 		-72.629 		23.711
v -89.369 		-72.629 		23.127
v -25.537 		84.48 		9.67
v 86.92 		-9.752 		32.136
v -7.17 		-169.674 		13.782
v 49.202 		-202.239 		87.418
v -70.349 		228.917 		85.907
v -70.855 		228.126 		85.81
v -71.54 		226.858 		85.664
v -28.805 		87.92 		11.155
v -71.723 		226.415 		85.907
v 12.002 		146.335 		34.999
v 8.559 		147.036 		34.999
v 90.063 		-0.375 		20.983
v -71.086 		227.693 		85.907
v 85.904 		-0.375 		21.568
v -13.714 		-164.828 		15.562
v -72.331 		225.094 		85.475
v -84.661 		-72.43 		24.035
v -72.906 		223.545 		85.324
v -84.907 		-67.392 		23.625
v -11.437 		-167.652 		15.143
v -73.529 		221.572 		85.146
v -8.822 		-164.912 		13.434
v 50.135 		134.831 		30.224
v 47.688 		-206.88 		92.793
v 85.867 		-0.375 		21.572
v 43.665 		-206.803 		83.645
v 57.115 		136.008 		31.746
v -73.541 		221.25 		85.907
v -8.367 		-167.699 		13.795
v -72.901 		223.378 		85.907
v 44.115 		-211.128 		93.22
v -9.571 		68.028 		10.571
v -11.979 		-168.13 		8.471
v -14.848 		-168.05 		9.768
v 89.829 		-0.375 		19.319
v -14.365 		-165.347 		8.893
v -76.233 		228.833 		85.512
v -11.728 		77.734 		11.821
v 85.277 		-3.265 		20.171
v 84.987 		-0.375 		20.479
v -88.844 		-80.786 		23.835
v -76.282 		228.634 		85.907
v -77.003 		226.935 		85.907
v -77.275 		226.398 		85.314
v -78.33 		222.93 		85.907
v -84.472 		-75.366 		24.31
v -13.409 		-170.793 		9.859
v -78.278 		223.406 		85.087
v -84.88 		-74.107 		23.911
v -84.685 		-80.786 		24.42
v 47.427 		-212.657 		87.782
v 42.011 		142.713 		31.897
v -12.285 		73.728 		5.117
v 85.669 		-0.375 		19.904
v 42.011 		137.304 		29.933
v 42.011 		140.338 		31.04
v 60.594 		-213.624 		92.312
v -7.267 		-176.246 		8.897
v -9.967 		-178.788 		11.198
v -12.844 		-178.673 		12.598
v -12.405 		-176.117 		11.254
v 58.646 		-216.12 		92.521
v -10.997 		-173.534 		9.604
v -18.022 		78.471 		13.306
v -25.134 		79.275 		15.112
v 51.484 		-224.236 		93.215
v 54.567 		-220.928 		92.929
v 90.241 		-12.426 		21.267
v 90.006 		-12.426 		19.603
v -24.026 		81.22 		8.744
v -84.448 		-74.089 		24.371
v 46.639 		134.239 		29.475
v -79.109 		220.252 		84.862
v -74.234 		217.865 		83.084
v -26.328 		75.246 		8.439
v -74.625 		217.118 		84.791
v 85.162 		-12.171 		20.753
v -79.794 		-85.889 		29.363
v -79.925 		-82.982 		29.031
v -72.173 		-87.286 		26.589
v -74.103 		219.028 		85.907
v -16.731 		68.846 		12.104
v 86.081 		-12.426 		21.852
v -25.818 		69.84 		14.256
v -79.506 		217.999 		85.907
v 86.046 		-12.349 		21.853
v -9.24 		-165.43 		6.745
v -8.764 		-168.177 		7.109
v 38.534 		-216.952 		93.82
v 42.055 		-213.38 		93.45
v 34.695 		-220.49 		94.196
v -79.009 		-93.484 		30.075
v -18.347 		80.603 		7.309
v -79.861 		216.799 		84.628
v -75.108 		214.646 		84.614
v -75.06 		214.234 		85.907
v -8.277 		-170.9 		7.584
v -18.878 		74.454 		6.615
v -77.6 		-97.868 		30.111
v 47.683 		-214.774 		92.545
v 45.559 		-216.12 		90.817
v -68.988 		-96.265 		26.468
v 31.925 		140.847 		30.084
v -27.045 		65.947 		7.575
v 21.112 		144.457 		30.6
v 17.486 		143.779 		30.022
v 41.499 		-221.158 		93.103
v -80.314 		214.293 		84.469
v -7.778 		-173.593 		8.179
v 47.592 		-228.096 		93.55
v 22.913 		144.796 		30.884
v 32.967 		-227.474 		91.771
v 26.5 		145.475 		31.45
v 81.128 		-3.44 		24.578
v -21.057 		-165.073 		12.005
v -19.638 		-167.839 		12.059
v -87.381 		225.85 		90.979
v -86.537 		228.446 		90.979
v -88.148 		223.047 		90.979
v -46.264 		97.995 		24.086
v -49.015 		94.393 		24.086
v -89.02 		219.153 		90.979
v -16.749 		-173.301 		12.387
v -17.242 		-170.634 		11.705
v -89.659 		215.705 		90.979
v 76.421 		-5.403 		17.869
v -25.336 		-167.464 		14.954
v -42.824 		87.563 		21.079
v 39.191 		-223.302 		93.293
v 35.484 		-226.479 		93.577
v -20.574 		-173.061 		14.364
v -87.035 		226.943 		85.907
v 71.774 		-1.546 		24.086
v -87.963 		223.768 		85.907
v -84.945 		-88.163 		31.404
v -19.119 		-175.743 		14.678
v 67.542 		-3.049 		22.792
v 34.233 		-218.167 		88.873
v 30.106 		142.9 		30.741
v -86.398 		228.867 		87.085
v -87.142 		226.629 		86.994
v -83.86 		-84.13 		25.066
v -64.067 		89.468 		26.043
v -57.688 		96.033 		25.733
v -83.964 		-84.961 		24.963
v -86.77 		227.767 		87.04
v 41.174 		-216.11 		82.408
v 37.037 		-220.217 		83.614
v -57.859 		95.848 		20.413
v -84.139 		-82.05 		24.749
v 76.612 		-14.806 		18.116
v -84.117 		-83.507 		24.809
v 35.099 		-224.29 		88.659
v 30.475 		135.503 		32.471
v -84.311 		-82.972 		24.693
v 79.254 		-9.106 		24.086
v -61.295 		82.974 		24.086
v 25.433 		135.729 		31.839
v 71.237 		-10.725 		24.086
v -84.147 		-84.961 		24.86
v -55.933 		90.541 		24.086
v -52.923 		88.716 		24.086
v 67.719 		-12.59 		23.023
v -88.816 		220.117 		85.907
v -88.871 		219.891 		88.427
v 30.475 		132.109 		31.117
v -60.527 		85.098 		18.954
v -89.607 		215.957 		88.427
v 87.075 		-27.42 		30.998
v -89.601 		216 		88.427
v -35.245 		70.83 		16.702
v -9.433 		-181.344 		12.167
v -47.548 		67.275 		19.601
v 50.625 		-196.941 		80.903
v 31.925 		133.744 		27.201
v -14.234 		-181.116 		14.563
v 31.925 		138.64 		29.198
v -8.887 		-183.845 		13.247
v -88.928 		219.587 		88.427
v -37.514 		75.848 		17.875
v -12.728 		-183.666 		15.159
v -8.329 		-186.284 		14.434
v 90.147 		-24.463 		20.046
v 90.381 		-24.463 		21.71
v 45.471 		-203.791 		81.642
v -88.441 		-88.271 		26.195
v -84.289 		-88.271 		26.778
v -60.386 		74.656 		24.086
v -56.967 		81.668 		24.086
v 85.407 		-16.568 		20.593
v -79.949 		212.585 		91.559
v 22.027 		135.137 		31.118
v -78.687 		208.272 		97.675
v -7.758 		-188.658 		15.729
v 18.595 		134.547 		30.394
v 41.297 		-205.613 		76.357
v -84.048 		-88.271 		25.117
v -80.028 		212.095 		90.979
v -51.93 		77.365 		22.022
v -39.895 		-165.599 		28.923
v 42.817 		-211.668 		76.511
v -80.847 		206.046 		91.289
v 40.66 		-212.583 		74.409
v 86.221 		-24.463 		22.294
v -40.312 		-169.759 		24.74
v 13.82 		143.104 		29.429
v 10.151 		142.441 		28.818
v -47.755 		-168.759 		28.929
v -61.736 		71.431 		24.086
v 86.191 		-24.303 		22.291
v -58.849 		73.256 		23.457
v -55.819 		68.101 		21.996
v -83.066 		-91.43 		25.938
v 46.983 		-197.865 		73.558
v -83.285 		-91.693 		25.638
v -79.252 		203.446 		98.097
v 85.303 		-23.992 		21.181
v 85.453 		-22.104 		20.816
v -61.647 		69.315 		16.859
v 85.285 		-20.536 		20.998
v -45.184 		-172.809 		29.387
v -39.344 		-174.832 		26.717
v 85.684 		-21.03 		20.575
v -35.342 		-176.576 		25.072
v -44.052 		92.688 		16.123
v -47.957 		88.445 		16.244
v 85.824 		-21.782 		20.552
v -38.593 		-178.552 		28.375
v -44.86 		83.416 		14.459
v -82.722 		-94.538 		26.246
v 12.002 		138.71 		31.528
v 85.988 		-24.463 		20.63
v -36.177 		84.835 		12.454
v -75.572 		196.905 		94.966
v -75.179 		197.854 		96.122
v -75.382 		197.425 		95.51
v -34.137 		-166.66 		19.655
v -87.575 		-94.253 		25.122
v -87.809 		-94.253 		26.785
v -41.236 		-164.571 		23.031
v 85.213 		-23.424 		21.128
v -54.06 		78.08 		16.018
v -54.399 		73.364 		15.411
v -74.896 		198.294 		97.013
v 75.618 		128.694 		112.467
v 76.017 		112.63 		112.467
v -33.387 		75.975 		10.28
v -36.802 		-168.93 		22.184
v -35.84 		-174.062 		24.035
v 76.627 		76.547 		112.467
v -74.608 		198.565 		97.966
v 81.381 		100.481 		112.467
v -83.427 		-96.477 		27.804
v 81.821 		72.561 		112.467
v -51.687 		-166.966 		30.497
v -80.736 		197.084 		95.132
v -36.921 		66.923 		10.044
v 85.501 		-28.744 		21.108
v 79.023 		81.215 		99.99
v -39.297 		71.869 		11.228
v -88.207 		-88.271 		24.532
v -80.029 		198.424 		97.372
v -80.324 		198.021 		96.402
v -80.534 		197.595 		95.738
v -37.014 		-185.719 		32.185
v 82.949 		94.136 		104.716
v -34.314 		-181.486 		27.376
v -33.782 		-183.876 		28.644
v 85.748 		-30.346 		20.994
v -68.286 		-101.076 		26.841
v -79.596 		124.511 		59.635
v 85.992 		-28.744 		20.828
v -79.356 		131.013 		61.188
v -79.964 		123.308 		63.482
v 85.724 		130.556 		83.74
v -77.191 		-106.445 		31.366
v -77.287 		-106.027 		31.345
v 85.768 		-27.889 		20.859
v -78.051 		-101.028 		30.821
v 84.116 		121.948 		95.163
v -73.287 		-136.943 		62.964
v -81.121 		203.634 		90.979
v -81.536 		199.591 		91.032
v -81.536 		199.591 		90.979
v -74.602 		-132.365 		62.925
v -80.082 		-131.139 		62.051
v -78.387 		-137.18 		62.051
v -76.268 		200.035 		91.079
v -81.917 		-102.748 		26.757
v -80.023 		117.305 		58.062
v -70.394 		-146.019 		63.053
v -70.376 		-145.949 		62.958
v -84.492 		130.038 		62.051
v 86.243 		-27.958 		22.64
v -80.734 		211.633 		84.306
v -81.386 		205.31 		85.907
v -76.47 		205.167 		84.023
v -75.452 		-146.477 		62.051
v -75.976 		209.117 		84.254
v -77.117 		-141.354 		62.051
v -75.773 		209.56 		85.907
v -71.019 		-112.298 		29.764
v 81.521 		-28.999 		25.617
v -71.8 		-138.836 		54.714
v -70.374 		-143.009 		54.381
v 80.418 		117.397 		88.406
v -72.83 		-134.214 		50.848
v 81.516 		-17.198 		26.435
v -76.418 		-111.002 		31.89
v -69.092 		-146.975 		55.4
v -76.37 		204.65 		85.907
v 81.446 		-25.159 		25.266
v -81.823 		202.792 		83.809
v -78.97 		-132.072 		53.075
v -77.052 		199.591 		83.725
v -76.874 		199.591 		85.907
v -81.578 		-111.695 		32.611
v -76.865 		199.591 		86.014
v -84.958 		121.113 		62.051
v -80.991 		-112.149 		29.321
v -70.629 		-157.865 		57.552
v -73.47 		-152.132 		62.051
v 96.008 		106.025 		88.305
v -80.537 		109.073 		61.395
v -91.662 		199.591 		90.984
v -80.492 		114.408 		64.497
v -80.032 		114.162 		57.382
v -81.084 		-108.239 		27.347
v -80.761 		-112.026 		27.646
v -75.255 		-107.511 		25.187
v -80.367 		104.711 		55.511
v 84.3427 		101.4037 		94.826
v -80.425 		102.814 		55.149
v -68.813 		-150.511 		63.101
v 85.4615 		104.081 		89.2244
v 84.2536 		104.081 		94.8699
v 84.705 		104.0501 		89.2238
v 83.7722 		104.0119 		89.2231
v -90.263 		211.811 		85.907
v -81.166 		-108.661 		27.308
v -90.123 		212.792 		88.427
v -80.494 		102.9 		55.185
v -90.804 		207.7 		88.427
v -70.992 		-158.62 		62.051
v -90.945 		206.444 		88.427
v -91.005 		205.904 		88.427
v -69.015 		-163.406 		62.051
v -81.065 		-106.522 		27.51
v 95.816 		113.341 		83.407
v -65.711 		-155.282 		54.276
v -85.554 		107.978 		62.051
v 85.843 		108.552 		88.254
v -80.05 		-112.352 		28.174
v 86.672 		107.411 		83.197
v -78.912 		117.995 		37.265
v -78.796 		119.552 		36.672
v -69.745 		-158.473 		53.337
v -69.674 		-100.254 		21.846
v -67.522 		126.618 		36.132
v -78.631 		123.856 		38.569
v -72.297 		-107.826 		24.004
v -80.023 		117.305 		37.392
v -79.727 		124.602 		39.018
v -82.075 		-101.053 		26.653
v -81.95 		-100.613 		26.871
v -82.575 		-99.357 		26.29
v -83.16 		127.247 		34.336
v -83.774 		128.598 		44.821
v -82.663 		-100.205 		26.323
v -84.142 		120.759 		42.832
v -86.824 		-100.205 		25.738
v -87.057 		-100.205 		27.402
v -79.525 		102.317 		34.126
v -79.354 		105.297 		33.409
v -79.254 		110.076 		35.614
v -82.903 		-100.248 		27.988
v -85.942 		-106.13 		26.384
v -86.176 		-106.13 		28.048
v -80.494 		102.9 		34.513
v -79.096 		112.39 		34.975
v -85.155 		-112.026 		28.725
v -80.278 		110.091 		35.892
v -84.846 		105.016 		41.007
v -84.921 		-112.026 		27.061
v -84.357 		108.969 		35.421
v -66.604 		-118.762 		29.072
v -81.148 		91.405 		62.5
v -71.846 		-115.67 		25.186
v -80.676 		95.669 		53.922
v -80.65 		95.65 		53.911
v -80.726 		93.292 		53.55
v -86.103 		93.43 		62.051
v -86.346 		85.905 		62.051
v -81.756 		70.408 		62.569
v -86.814 		68.75 		62.051
v -79.708 		96.51 		33.125
v -80.676 		95.669 		33.251
v -85.167 		89.199 		35.445
v -77.015 		73.992 		46.998
v -81.043 		74.982 		48.093
v -81.056 		73.992 		46.998
v -81.109 		69.695 		46.998
# 10365 vertices

g group_0_15708628

usemtl color_15708628
s 0

f 3 	4876 	4
f 22 	24 	5
f 13 	26 	20
f 17 	23 	15
f 18 	10362 	21
f 10 	9 	19
f 10122 	19 	9
f 13 	14 	26
f 25 	21 	10362
f 13 	20 	28
f 13 	28 	8
f 15 	27 	17
f 29 	30 	571
f 32 	235 	229
f 10126 	19 	10122
f 18 	39 	10362
f 33 	29 	571
f 9 	10119 	10122
f 38 	39 	59
f 57 	9727 	58
f 2012 	17 	27
f 56 	34 	23
f 40 	10111 	35
f 51 	52 	50
f 49 	50 	52
f 49 	52 	48
f 62 	30 	29
f 50 	53 	51
f 31 	9727 	46
f 58 	43 	6995
f 58 	9727 	43
f 9970 	54 	9969
f 42 	55 	9727
f 43 	9727 	44
f 23 	63 	56
f 57 	58 	6995
f 38 	59 	33
f 36 	50 	49
f 64 	33 	59
f 44 	9727 	55
f 57 	46 	9727
f 50 	36 	53
f 97 	59 	39
f 23 	17 	63
f 75 	829 	74
f 123 	79 	70
f 78 	74 	73
f 97 	39 	18
f 21 	97 	18
f 80 	225 	70
f 72 	85 	89
f 7005 	42 	69
f 70 	79 	80
f 2136 	2323 	71
f 69 	76 	7010
f 2136 	71 	75
f 72 	10292 	10291
f 69 	7010 	7009
f 34 	56 	79
f 85 	72 	41
f 69 	7009 	7005
f 75 	74 	78
f 75 	78 	2136
f 17 	254 	63
f 34 	79 	123
f 65 	7012 	81
f 86 	62 	29
f 41 	47 	85
f 80 	79 	254
f 79 	56 	254
f 86 	29 	33
f 10292 	72 	89
f 236 	80 	254
f 56 	63 	254
f 86 	33 	64
f 42 	9796 	69
f 62 	86 	64
f 88 	81 	7012
f 66 	148 	82
f 88 	76 	9796
f 76 	69 	9796
f 80 	91 	219
f 91 	80 	236
f 62 	64 	59
f 83 	90 	84
f 234 	240 	91
f 236 	234 	91
f 37 	10270 	93
f 2162 	87 	92
f 107 	97 	21
f 68 	67 	310
f 126 	161 	66
f 107 	21 	25
f 67 	61 	310
f 209 	10243 	100
f 59 	97 	62
f 25 	106 	107
f 206 	94 	104
f 106 	62 	107
f 10243 	209 	10295
f 34 	108 	23
f 46 	110 	31
f 102 	101 	31
f 62 	97 	107
f 105 	209 	109
f 209 	111 	109
f 82 	148 	104
f 15 	108 	1
f 108 	15 	23
f 118 	232 	120
f 70 	124 	123
f 114 	1329 	116
f 7045 	113 	112
f 121 	127 	128
f 7049 	120 	98
f 116 	115 	165
f 184 	115 	117
f 125 	133 	162
f 135 	105 	134
f 65 	396 	132
f 135 	10295 	105
f 113 	502 	112
f 132 	502 	113
f 134 	105 	140
f 105 	109 	140
f 139 	140 	109
f 109 	111 	139
f 231 	232 	118
f 112 	448 	118
f 140 	1550 	134
f 135 	134 	1550
f 142 	592 	141
f 141 	592 	143
f 27 	15 	157
f 15 	1 	157
f 213 	215 	142
f 213 	142 	141
f 143 	30 	62
f 226 	142 	215
f 148 	66 	149
f 359 	121 	150
f 2 	2039 	27
f 154 	1351 	155
f 152 	1351 	154
f 1351 	592 	155
f 9751 	145 	144
f 153 	1352 	152
f 66 	161 	149
f 123 	156 	34
f 123 	124 	156
f 156 	108 	34
f 129 	156 	124
f 41 	151 	47
f 155 	142 	226
f 189 	48 	1536
f 225 	160 	129
f 168 	573 	6983
f 110 	102 	31
f 25 	114 	196
f 1 	108 	156
f 136 	162 	133
f 95 	199 	194
f 94 	166 	95
f 2 	27 	157
f 159 	164 	9817
f 130 	161 	126
f 159 	170 	164
f 128 	150 	121
f 938 	172 	169
f 199 	95 	166
f 1359 	965 	174
f 319 	355 	174
f 196 	114 	204
f 169 	172 	32
f 128 	174 	150
f 204 	114 	116
f 158 	173 	167
f 128 	299 	174
f 168 	10268 	575
f 160 	225 	219
f 160 	219 	171
f 122 	177 	117
f 166 	94 	206
f 177 	122 	178
f 89 	176 	228
f 96 	180 	185
f 177 	184 	117
f 165 	115 	184
f 184 	215 	165
f 161 	130 	181
f 180 	240 	185
f 215 	184 	177
f 149 	161 	181
f 7089 	202 	188
f 185 	179 	96
f 7089 	188 	186
f 190 	191 	189
f 48 	189 	191
f 104 	148 	217
f 4446 	4426 	137
f 111 	190 	189
f 99 	31 	101
f 186 	188 	98
f 98 	120 	186
f 202 	99 	188
f 98 	188 	99
f 48 	191 	49
f 137 	182 	4446
f 111 	189 	139
f 52 	5088 	48
f 5088 	1536 	48
f 1536 	139 	189
f 106 	25 	196
f 49 	191 	163
f 36 	49 	163
f 85 	176 	89
f 190 	163 	191
f 195 	201 	198
f 209 	163 	190
f 190 	111 	209
f 185 	192 	179
f 116 	165 	204
f 198 	201 	90
f 83 	198 	90
f 199 	166 	210
f 7086 	197 	200
f 211 	199 	210
f 203 	47 	205
f 177 	264 	251
f 201 	4630 	10011
f 197 	301 	168
f 205 	47 	151
f 214 	7086 	200
f 203 	176 	47
f 199 	211 	321
f 47 	176 	85
f 230 	213 	141
f 141 	212 	230
f 4387 	198 	83
f 216 	210 	166
f 143 	62 	212
f 125 	193 	272
f 200 	197 	31
f 168 	31 	197
f 141 	143 	212
f 166 	206 	216
f 91 	180 	171
f 219 	91 	171
f 220 	211 	210
f 162 	136 	5481
f 176 	175 	228
f 217 	220 	210
f 96 	171 	180
f 217 	210 	216
f 167 	173 	243
f 256 	146 	10317
f 99 	202 	31
f 214 	31 	202
f 200 	31 	214
f 213 	165 	215
f 256 	223 	146
f 225 	129 	124
f 70 	225 	124
f 333 	146 	223
f 211 	220 	217
f 215 	177 	226
f 206 	217 	216
f 225 	80 	219
f 206 	104 	217
f 229 	228 	175
f 232 	186 	120
f 213 	230 	165
f 180 	91 	240
f 169 	229 	175
f 5464 	193 	125
f 218 	9981 	119
f 239 	237 	233
f 125 	162 	5464
f 139 	1536 	140
f 169 	32 	229
f 212 	165 	230
f 233 	237 	249
f 229 	235 	228
f 244 	228 	235
f 241 	131 	291
f 204 	165 	212
f 196 	212 	106
f 4630 	242 	10011
f 224 	7123 	227
f 196 	204 	212
f 234 	277 	240
f 89 	228 	244
f 242 	4625 	103
f 212 	62 	106
f 224 	252 	7123
f 277 	234 	258
f 264 	152 	251
f 245 	2106 	250
f 249 	237 	10
f 251 	154 	226
f 154 	155 	226
f 254 	253 	258
f 122 	153 	265
f 258 	234 	254
f 19 	255 	249
f 10 	19 	249
f 227 	7123 	231
f 7121 	231 	7123
f 265 	178 	122
f 247 	261 	6
f 7083 	186 	232
f 226 	177 	251
f 260 	257 	2150
f 153 	152 	264
f 263 	247 	194
f 154 	251 	152
f 153 	264 	265
f 95 	194 	247
f 265 	264 	177
f 178 	265 	177
f 267 	278 	224
f 259 	270 	5864
f 263 	268 	261
f 259 	272 	270
f 168 	301 	267
f 168 	267 	10268
f 272 	259 	326
f 263 	261 	247
f 155 	592 	142
f 262 	326 	259
f 558 	384 	10364
f 270 	272 	193
f 10270 	267 	93
f 271 	690 	266
f 594 	255 	19
f 267 	276 	278
f 240 	277 	192
f 192 	185 	240
f 257 	245 	250
f 245 	257 	260
f 224 	278 	252
f 282 	192 	277
f 260 	690 	271
f 260 	2153 	690
f 258 	282 	277
f 271 	245 	260
f 258 	297 	282
f 295 	208 	282
f 1498 	241 	291
f 2126 	2150 	257
f 278 	7177 	285
f 7175 	285 	7177
f 208 	295 	1564
f 276 	7181 	278
f 297 	295 	282
f 298 	148 	149
f 290 	293 	281
f 298 	217 	148
f 7175 	284 	285
f 128 	127 	299
f 127 	246 	299
f 300 	298 	149
f 449 	296 	442
f 181 	300 	149
f 297 	305 	295
f 267 	301 	276
f 302 	281 	293
f 302 	323 	281
f 3520 	305 	297
f 297 	258 	3520
f 305 	3571 	307
f 1536 	10269 	187
f 307 	338 	305
f 303 	163 	209
f 310 	61 	60
f 322 	7213 	7210
f 317 	311 	7216
f 187 	848 	273
f 339 	305 	338
f 199 	321 	315
f 311 	309 	312
f 284 	317 	285
f 150 	174 	355
f 339 	348 	305
f 304 	4667 	4098
f 320 	158 	310
f 284 	287 	317
f 309 	317 	287
f 348 	351 	305
f 211 	217 	321
f 309 	311 	317
f 60 	364 	320
f 354 	305 	351
f 4098 	313 	304
f 7210 	312 	322
f 286 	280 	609
f 3567 	3568 	305
f 315 	321 	346
f 322 	312 	309
f 609 	280 	279
f 320 	310 	60
f 318 	325 	319
f 355 	319 	325
f 317 	278 	285
f 300 	373 	372
f 330 	373 	300
f 125 	272 	328
f 238 	278 	342
f 328 	272 	326
f 278 	238 	252
f 2323 	325 	318
f 2323 	359 	325
f 324 	10348 	323
f 298 	300 	372
f 332 	632 	314
f 127 	121 	246
f 323 	302 	324
f 92 	146 	333
f 7116 	238 	342
f 333 	223 	334
f 331 	335 	313
f 334 	344 	333
f 334 	349 	344
f 313 	335 	336
f 181 	9869 	330
f 307 	418 	338
f 329 	335 	331
f 464 	324 	302
f 329 	493 	335
f 330 	300 	181
f 317 	342 	278
f 398 	315 	345
f 316 	329 	331
f 346 	345 	315
f 308 	10359 	388
f 341 	332 	314
f 353 	332 	341
f 308 	10336 	10359
f 147 	347 	352
f 304 	313 	336
f 356 	217 	386
f 355 	325 	359
f 313 	316 	331
f 359 	150 	355
f 1744 	121 	359
f 356 	321 	217
f 347 	591 	352
f 346 	356 	365
f 336 	4640 	350
f 346 	321 	356
f 357 	340 	337
f 394 	346 	386
f 339 	338 	423
f 364 	370 	320
f 339 	423 	348
f 337 	320 	370
f 330 	2451 	373
f 348 	381 	351
f 348 	376 	381
f 357 	337 	370
f 93 	367 	369
f 351 	360 	354
f 367 	455 	369
f 358 	439 	361
f 382 	922 	383
f 351 	381 	360
f 372 	373 	2529
f 361 	439 	371
f 922 	921 	383
f 385 	462 	389
f 386 	217 	298
f 231 	118 	448
f 451 	112 	502
f 81 	9796 	65
f 386 	365 	356
f 390 	462 	391
f 392 	391 	462
f 393 	392 	462
f 395 	393 	462
f 348 	423 	376
f 397 	395 	462
f 332 	353 	377
f 462 	463 	399
f 372 	386 	298
f 400 	93 	369
f 4121 	402 	374
f 2529 	386 	372
f 435 	388 	565
f 405 	71 	406
f 409 	408 	71
f 407 	71 	408
f 502 	132 	396
f 337 	173 	320
f 337 	5840 	243
f 346 	365 	386
f 361 	371 	660
f 410 	409 	71
f 71 	939 	410
f 398 	415 	394
f 374 	375 	378
f 337 	243 	173
f 412 	411 	939
f 5874 	337 	340
f 435 	308 	388
f 417 	926 	387
f 416 	414 	935
f 414 	412 	935
f 173 	158 	320
f 557 	388 	384
f 345 	346 	394
f 421 	463 	422
f 10120 	10106 	308
f 341 	666 	353
f 424 	422 	463
f 425 	424 	463
f 430 	345 	394
f 428 	425 	463
f 431 	429 	463
f 429 	428 	463
f 413 	418 	307
f 432 	431 	463
f 433 	432 	463
f 583 	308 	435
f 415 	430 	394
f 565 	580 	435
f 418 	423 	338
f 419 	9820 	927
f 437 	71 	438
f 440 	438 	71
f 547 	555 	426
f 398 	345 	430
f 441 	71 	443
f 340 	357 	426
f 430 	415 	398
f 484 	375 	374
f 445 	1594 	360
f 444 	71 	446
f 357 	427 	426
f 224 	448 	267
f 374 	402 	484
f 445 	253 	254
f 450 	447 	71
f 454 	367 	448
f 2374 	445 	254
f 455 	454 	456
f 447 	446 	71
f 444 	443 	71
f 441 	440 	71
f 434 	463 	436
f 71 	436 	463
f 434 	433 	463
f 437 	436 	71
f 455 	367 	454
f 384 	558 	557
f 367 	267 	448
f 455 	456 	451
f 423 	418 	445
f 377 	371 	528
f 379 	924 	382
f 380 	925 	379
f 387 	925 	380
f 924 	379 	925
f 455 	451 	369
f 403 	296 	449
f 445 	360 	381
f 411 	410 	939
f 406 	71 	407
f 404 	71 	405
f 404 	450 	71
f 449 	402 	403
f 445 	381 	376
f 376 	423 	445
f 421 	420 	463
f 401 	399 	463
f 420 	401 	463
f 399 	397 	462
f 390 	389 	462
f 3524 	253 	445
f 10130 	466 	464
f 93 	267 	367
f 445 	3521 	3524
f 467 	829 	463
f 453 	452 	468
f 445 	418 	3521
f 449 	442 	4153
f 468 	452 	457
f 474 	1047 	471
f 480 	1047 	475
f 474 	475 	1047
f 224 	227 	448
f 231 	448 	227
f 453 	468 	233
f 478 	343 	464
f 454 	448 	451
f 448 	112 	451
f 456 	454 	451
f 511 	453 	233
f 1285 	1310 	473
f 233 	468 	292
f 489 	449 	4153
f 292 	468 	457
f 460 	458 	461
f 485 	1047 	482
f 484 	402 	489
f 466 	478 	464
f 487 	1047 	485
f 511 	233 	249
f 488 	490 	1047
f 480 	482 	1047
f 478 	466 	601
f 467 	1047 	490
f 492 	467 	490
f 375 	484 	493
f 497 	498 	268
f 473 	472 	1285
f 697 	1285 	472
f 461 	512 	460
f 472 	483 	494
f 927 	486 	419
f 375 	493 	329
f 501 	494 	483
f 503 	829 	500
f 324 	327 	499
f 459 	460 	512
f 502 	369 	451
f 396 	400 	502
f 502 	400 	369
f 263 	497 	268
f 449 	489 	402
f 513 	562 	509
f 514 	562 	513
f 512 	461 	465
f 515 	562 	514
f 577 	472 	473
f 439 	516 	371
f 517 	562 	515
f 520 	521 	1052
f 249 	255 	511
f 886 	511 	255
f 1046 	1048 	479
f 519 	518 	522
f 199 	497 	194
f 470 	471 	1043
f 497 	263 	194
f 398 	491 	497
f 524 	519 	522
f 371 	516 	525
f 499 	507 	10361
f 572 	340 	555
f 528 	371 	525
f 315 	398 	497
f 507 	499 	327
f 531 	467 	530
f 532 	483 	472
f 199 	315 	497
f 501 	483 	532
f 528 	533 	476
f 532 	472 	522
f 536 	467 	535
f 527 	530 	467
f 458 	4938 	461
f 538 	467 	537
f 2591 	498 	497
f 4842 	493 	484
f 518 	532 	522
f 478 	601 	506
f 268 	1256 	1252
f 4183 	4842 	484
f 528 	525 	533
f 563 	532 	518
f 498 	1256 	268
f 542 	829 	540
f 261 	268 	1252
f 532 	570 	501
f 1252 	637 	261
f 4640 	335 	493
f 546 	829 	545
f 493 	4840 	4640
f 570 	532 	563
f 507 	327 	478
f 343 	478 	327
f 552 	519 	524
f 478 	506 	507
f 548 	829 	546
f 464 	327 	324
f 525 	714 	533
f 553 	829 	551
f 500 	829 	554
f 464 	343 	327
f 3320 	550 	3319
f 549 	3319 	550
f 714 	725 	533
f 10364 	10362 	558
f 564 	566 	10362
f 467 	538 	539
f 540 	829 	539
f 543 	829 	542
f 544 	829 	543
f 544 	545 	829
f 548 	551 	829
f 467 	539 	829
f 486 	927 	541
f 713 	707 	477
f 1040 	1043 	471
f 1039 	1040 	471
f 1047 	1039 	471
f 486 	541 	510
f 556 	419 	486
f 602 	547 	559
f 553 	554 	829
f 504 	562 	503
f 505 	562 	504
f 508 	562 	505
f 508 	509 	562
f 829 	503 	562
f 556 	486 	510
f 4640 	336 	335
f 566 	557 	10362
f 557 	558 	10362
f 487 	488 	1047
f 492 	495 	467
f 467 	495 	496
f 467 	496 	523
f 467 	523 	526
f 527 	467 	526
f 531 	534 	467
f 535 	467 	534
f 537 	467 	536
f 713 	477 	481
f 467 	463 	462
f 347 	147 	556
f 565 	388 	557
f 470 	469 	379
f 377 	528 	332
f 147 	419 	556
f 557 	566 	565
f 347 	556 	510
f 519 	563 	518
f 566 	564 	565
f 385 	475 	383
f 340 	426 	555
f 547 	572 	555
f 564 	571 	574
f 475 	385 	389
f 476 	713 	481
f 575 	584 	573
f 580 	574 	571
f 476 	722 	713
f 31 	168 	6983
f 183 	458 	460
f 168 	575 	573
f 262 	183 	459
f 573 	584 	629
f 560 	1265 	576
f 524 	522 	577
f 183 	460 	459
f 567 	578 	568
f 561 	576 	579
f 579 	576 	581
f 587 	524 	577
f 579 	6012 	561
f 522 	472 	577
f 262 	459 	326
f 714 	525 	516
f 574 	580 	564
f 567 	620 	5157
f 580 	565 	564
f 606 	577 	473
f 567 	5157 	578
f 583 	580 	597
f 606 	1194 	577
f 266 	568 	578
f 583 	435 	580
f 561 	560 	576
f 10120 	308 	583
f 602 	572 	547
f 266 	692 	568
f 587 	585 	524
f 10126 	581 	19
f 583 	597 	10120
f 581 	576 	19
f 589 	588 	586
f 587 	619 	585
f 1354 	592 	1351
f 587 	595 	619
f 594 	19 	576
f 593 	594 	576
f 7265 	641 	569
f 589 	586 	8718
f 675 	567 	568
f 7258 	7265 	569
f 580 	571 	597
f 571 	592 	597
f 1194 	595 	577
f 591 	590 	16
f 597 	592 	625
f 605 	590 	591
f 589 	8708 	8705
f 589 	8718 	8708
f 605 	591 	650
f 680 	591 	347
f 680 	650 	591
f 602 	582 	572
f 306 	582 	602
f 577 	595 	587
f 602 	559 	596
f 637 	45 	6
f 603 	599 	6071
f 596 	306 	602
f 610 	506 	601
f 611 	608 	547
f 547 	426 	611
f 614 	610 	601
f 585 	615 	524
f 601 	648 	614
f 615 	617 	552
f 637 	603 	45
f 613 	294 	289
f 559 	547 	608
f 615 	552 	524
f 638 	648 	601
f 619 	615 	585
f 288 	613 	289
f 622 	286 	609
f 608 	623 	5006
f 620 	624 	5184
f 1193 	1397 	619
f 619 	1394 	615
f 609 	658 	622
f 612 	604 	605
f 288 	628 	613
f 554 	450 	404
f 622 	288 	286
f 605 	626 	612
f 617 	519 	552
f 741 	626 	605
f 470 	379 	382
f 622 	658 	628
f 584 	569 	629
f 622 	628 	288
f 636 	623 	608
f 5185 	621 	296
f 389 	480 	475
f 700 	296 	621
f 6 	261 	637
f 589 	8705 	632
f 629 	569 	641
f 634 	642 	640
f 631 	644 	641
f 397 	492 	395
f 636 	611 	9691
f 629 	641 	644
f 560 	561 	618
f 399 	492 	397
f 639 	640 	645
f 332 	694 	632
f 611 	636 	608
f 640 	646 	645
f 704 	560 	618
f 642 	646 	640
f 620 	5184 	5188
f 404 	405 	503
f 637 	600 	599
f 405 	406 	503
f 371 	664 	660
f 637 	599 	603
f 621 	624 	700
f 613 	666 	341
f 637 	649 	600
f 508 	505 	408
f 639 	645 	643
f 620 	5188 	5206
f 409 	509 	408
f 667 	358 	361
f 638 	1716 	648
f 649 	651 	600
f 605 	650 	741
f 660 	667 	361
f 411 	514 	410
f 340 	572 	5883
f 633 	634 	640
f 613 	341 	294
f 506 	610 	647
f 514 	411 	412
f 620 	567 	607
f 648 	610 	614
f 640 	639 	633
f 306 	572 	582
f 639 	652 	633
f 610 	648 	647
f 414 	517 	412
f 652 	627 	633
f 377 	674 	673
f 627 	653 	633
f 416 	520 	414
f 674 	377 	353
f 630 	651 	683
f 639 	643 	652
f 703 	607 	616
f 377 	673 	664
f 637 	1272 	649
f 703 	656 	607
f 371 	377 	664
f 7254 	573 	629
f 7363 	7254 	631
f 635 	7363 	631
f 607 	656 	620
f 656 	624 	620
f 644 	631 	629
f 662 	654 	655
f 530 	527 	424
f 655 	2165 	662
f 530 	424 	425
f 700 	624 	656
f 667 	658 	358
f 665 	668 	663
f 431 	536 	429
f 663 	671 	672
f 431 	432 	536
f 537 	536 	432
f 658 	667 	628
f 667 	660 	628
f 660 	664 	628
f 664 	673 	628
f 673 	674 	628
f 674 	666 	628
f 613 	628 	666
f 432 	433 	537
f 867 	663 	672
f 540 	539 	436
f 663 	668 	671
f 676 	678 	665
f 598 	5179 	675
f 670 	618 	677
f 353 	666 	674
f 568 	598 	675
f 678 	668 	665
f 671 	679 	672
f 670 	704 	618
f 567 	675 	607
f 546 	441 	443
f 685 	607 	675
f 546 	443 	444
f 679 	681 	672
f 686 	589 	632
f 616 	607 	685
f 447 	450 	554
f 763 	757 	676
f 676 	693 	763
f 588 	589 	684
f 380 	379 	469
f 589 	686 	684
f 654 	706 	711
f 692 	598 	568
f 692 	5179 	598
f 653 	627 	693
f 654 	5702 	655
f 692 	266 	690
f 6161 	630 	683
f 678 	676 	757
f 761 	763 	693
f 627 	761 	693
f 528 	694 	332
f 690 	5250 	692
f 690 	5242 	5250
f 694 	702 	686
f 479 	387 	469
f 380 	469 	387
f 695 	696 	697
f 5250 	5252 	692
f 694 	686 	632
f 690 	2153 	5242
f 391 	485 	390
f 487 	485 	392
f 629 	631 	7254
f 393 	488 	392
f 700 	442 	296
f 510 	541 	732
f 439 	2008 	699
f 680 	347 	510
f 495 	492 	399
f 401 	496 	399
f 696 	1294 	1310
f 696 	1295 	1294
f 496 	401 	420
f 404 	500 	554
f 472 	494 	697
f 404 	503 	500
f 616 	5277 	703
f 406 	504 	503
f 679 	501 	681
f 504 	406 	505
f 700 	656 	703
f 494 	501 	679
f 407 	408 	505
f 684 	686 	702
f 2 	750 	751
f 650 	680 	744
f 680 	510 	744
f 744 	741 	650
f 670 	669 	704
f 709 	998 	705
f 708 	750 	2
f 412 	515 	514
f 706 	654 	698
f 713 	2005 	707
f 722 	720 	2011
f 720 	725 	2011
f 699 	2008 	725
f 699 	725 	716
f 515 	412 	517
f 2 	157 	708
f 752 	762 	691
f 699 	716 	516
f 517 	414 	520
f 1 	708 	157
f 714 	516 	716
f 657 	659 	712
f 737 	710 	704
f 416 	417 	520
f 699 	516 	439
f 752 	691 	529
f 387 	479 	417
f 727 	709 	705
f 2008 	2011 	725
f 421 	526 	420
f 724 	709 	727
f 1 	156 	708
f 720 	533 	725
f 732 	1103 	775
f 526 	421 	527
f 714 	716 	725
f 661 	726 	733
f 422 	424 	527
f 659 	724 	712
f 726 	728 	733
f 727 	712 	724
f 691 	762 	721
f 476 	533 	720
f 535 	534 	429
f 476 	720 	722
f 429 	536 	535
f 433 	538 	537
f 661 	683 	726
f 1144 	1233 	717
f 742 	684 	702
f 539 	538 	434
f 726 	651 	649
f 434 	436 	539
f 738 	739 	671
f 726 	683 	651
f 654 	662 	731
f 729 	528 	476
f 476 	481 	729
f 708 	730 	750
f 477 	729 	481
f 440 	544 	438
f 545 	544 	441
f 708 	740 	730
f 1103 	732 	541
f 546 	545 	441
f 551 	548 	446
f 730 	740 	739
f 447 	553 	446
f 551 	446 	553
f 1801 	1803 	729
f 477 	1796 	729
f 553 	447 	554
f 737 	704 	669
f 767 	774 	729
f 1045 	734 	735
f 470 	382 	471
f 738 	730 	739
f 757 	750 	730
f 383 	474 	382
f 471 	382 	474
f 383 	475 	474
f 738 	757 	730
f 7401 	733 	728
f 10281 	684 	742
f 1144 	717 	718
f 701 	734 	688
f 389 	390 	480
f 480 	390 	482
f 689 	688 	734
f 482 	390 	485
f 391 	392 	485
f 734 	701 	735
f 739 	778 	671
f 749 	255 	593
f 487 	392 	488
f 735 	793 	736
f 744 	510 	732
f 255 	594 	593
f 488 	393 	490
f 395 	490 	393
f 492 	490 	395
f 744 	732 	745
f 742 	702 	747
f 742 	747 	748
f 495 	399 	496
f 701 	795 	735
f 756 	742 	748
f 753 	2 	751
f 698 	758 	706
f 751 	761 	753
f 749 	593 	754
f 407 	505 	406
f 751 	763 	761
f 751 	750 	763
f 1049 	719 	765
f 750 	757 	763
f 508 	408 	509
f 509 	409 	410
f 509 	410 	513
f 410 	514 	513
f 694 	528 	774
f 762 	752 	755
f 719 	5745 	765
f 767 	748 	747
f 929 	768 	550
f 550 	768 	770
f 770 	771 	550
f 721 	775 	1103
f 417 	521 	520
f 774 	702 	694
f 671 	668 	738
f 668 	678 	738
f 774 	767 	747
f 775 	721 	786
f 657 	779 	769
f 417 	479 	521
f 775 	745 	732
f 774 	747 	702
f 757 	738 	678
f 523 	496 	420
f 717 	1233 	766
f 826 	758 	698
f 523 	420 	526
f 775 	786 	745
f 791 	760 	759
f 422 	527 	421
f 795 	701 	760
f 791 	795 	760
f 739 	777 	778
f 8166 	786 	721
f 697 	778 	777
f 425 	531 	530
f 816 	771 	770
f 531 	425 	534
f 428 	534 	425
f 721 	762 	8166
f 494 	679 	778
f 679 	671 	778
f 1233 	1232 	764
f 778 	697 	494
f 428 	429 	534
f 752 	7380 	7427
f 777 	695 	697
f 708 	785 	740
f 729 	853 	828
f 433 	434 	538
f 787 	813 	789
f 777 	739 	740
f 156 	785 	708
f 727 	705 	779
f 1003 	857 	782
f 785 	777 	740
f 436 	437 	540
f 727 	779 	712
f 781 	857 	788
f 657 	712 	779
f 542 	540 	437
f 789 	744 	787
f 784 	857 	783
f 788 	857 	784
f 771 	783 	550
f 438 	543 	542
f 438 	542 	437
f 790 	777 	785
f 528 	729 	774
f 745 	787 	744
f 543 	438 	544
f 781 	782 	857
f 550 	783 	857
f 440 	441 	544
f 729 	1803 	853
f 735 	795 	793
f 787 	745 	786
f 830 	782 	781
f 736 	793 	794
f 546 	444 	548
f 10281 	742 	756
f 785 	156 	790
f 784 	783 	840
f 444 	446 	548
f 791 	793 	795
f 781 	788 	830
f 798 	797 	802
f 784 	837 	788
f 802 	801 	798
f 800 	798 	801
f 665 	804 	676
f 764 	1693 	1685
f 797 	839 	802
f 741 	744 	789
f 665 	663 	806
f 1439 	765 	743
f 626 	741 	789
f 550 	857 	549
f 803 	796 	799
f 808 	665 	806
f 812 	803 	799
f 791 	794 	793
f 807 	798 	800
f 816 	549 	814
f 772 	3548 	3547
f 817 	800 	801
f 804 	665 	808
f 604 	612 	7994
f 746 	809 	743
f 1344 	815 	817
f 800 	817 	815
f 810 	549 	816
f 811 	549 	810
f 1061 	1065 	549
f 796 	803 	827
f 770 	811 	810
f 828 	827 	803
f 770 	768 	811
f 813 	8099 	8100
f 764 	1685 	766
f 366 	368 	815
f 805 	828 	803
f 773 	3548 	772
f 786 	823 	787
f 802 	817 	801
f 823 	813 	787
f 773 	776 	3548
f 780 	820 	746
f 748 	805 	756
f 368 	363 	5585
f 5585 	815 	368
f 746 	820 	809
f 814 	783 	771
f 825 	756 	805
f 792 	820 	780
f 803 	812 	825
f 804 	808 	818
f 816 	814 	771
f 803 	825 	805
f 808 	821 	818
f 810 	816 	770
f 824 	822 	998
f 808 	889 	821
f 71 	463 	829
f 832 	844 	829
f 837 	838 	1280
f 819 	804 	818
f 839 	797 	798
f 824 	833 	822
f 831 	827 	853
f 798 	844 	839
f 838 	840 	1280
f 549 	1280 	840
f 820 	1456 	841
f 834 	549 	840
f 814 	549 	834
f 827 	828 	853
f 1233 	764 	766
f 814 	834 	783
f 839 	817 	802
f 765 	1439 	1049
f 817 	839 	832
f 829 	1344 	832
f 817 	832 	1344
f 837 	830 	788
f 1232 	772 	764
f 837 	784 	838
f 826 	1405 	1407
f 772 	1232 	1240
f 847 	836 	843
f 366 	815 	1339
f 828 	805 	748
f 748 	767 	828
f 73 	829 	4
f 844 	3 	829
f 71 	829 	75
f 73 	74 	829
f 832 	839 	844
f 838 	784 	840
f 4 	829 	3
f 783 	834 	840
f 798 	4876 	844
f 593 	576 	1265
f 1265 	754 	593
f 842 	846 	850
f 366 	848 	187
f 729 	828 	767
f 687 	719 	854
f 851 	953 	846
f 1265 	857 	866
f 719 	1049 	854
f 856 	855 	962
f 854 	1049 	852
f 859 	856 	962
f 1303 	852 	1302
f 842 	851 	846
f 867 	860 	806
f 865 	849 	858
f 687 	854 	2324
f 846 	953 	833
f 867 	806 	663
f 885 	889 	860
f 871 	962 	873
f 1280 	857 	1265
f 849 	865 	876
f 2636 	812 	799
f 855 	875 	962
f 875 	873 	962
f 874 	1739 	842
f 857 	1280 	549
f 900 	865 	858
f 10172 	874 	842
f 900 	858 	989
f 846 	833 	850
f 808 	806 	860
f 3358 	1122 	1280
f 833 	824 	850
f 872 	849 	876
f 8930 	908 	888
f 883 	319 	890
f 845 	963 	885
f 894 	893 	319
f 754 	866 	891
f 889 	974 	821
f 899 	319 	878
f 897 	319 	899
f 864 	878 	962
f 900 	887 	865
f 1062 	914 	901
f 860 	892 	885
f 891 	3514 	3578
f 749 	754 	891
f 887 	876 	865
f 910 	2336 	912
f 911 	2336 	910
f 891 	886 	255
f 887 	872 	876
f 906 	2336 	909
f 845 	885 	892
f 904 	462 	905
f 884 	888 	908
f 957 	884 	908
f 749 	891 	255
f 1074 	912 	2336
f 911 	915 	2336
f 915 	913 	2336
f 913 	909 	2336
f 3327 	3326 	886
f 462 	916 	907
f 907 	905 	462
f 901 	914 	203
f 1815 	1816 	906
f 1815 	906 	909
f 887 	1090 	872
f 1819 	911 	910
f 1081 	849 	872
f 919 	917 	462
f 385 	383 	921
f 808 	860 	889
f 203 	914 	176
f 1819 	910 	912
f 989 	887 	900
f 909 	913 	1815
f 1828 	1815 	913
f 926 	417 	930
f 915 	1828 	913
f 923 	1145 	1143
f 892 	860 	867
f 929 	550 	931
f 175 	933 	169
f 931 	550 	934
f 938 	169 	933
f 923 	1143 	1142
f 867 	681 	944
f 968 	972 	550
f 176 	933 	175
f 946 	937 	550
f 936 	937 	946
f 937 	934 	550
f 892 	867 	944
f 945 	943 	71
f 941 	2438 	906
f 929 	811 	768
f 953 	851 	955
f 914 	1034 	176
f 956 	2438 	950
f 992 	951 	947
f 914 	1051 	1034
f 1066 	931 	934
f 942 	1331 	954
f 867 	672 	681
f 958 	1273 	957
f 948 	945 	71
f 943 	940 	71
f 71 	940 	939
f 932 	416 	935
f 935 	412 	939
f 930 	416 	932
f 417 	416 	930
f 925 	387 	926
f 924 	922 	382
f 937 	936 	1069
f 923 	957 	908
f 941 	906 	1832
f 927 	938 	1053
f 936 	1068 	1069
f 957 	923 	958
f 897 	896 	319
f 896 	894 	319
f 893 	890 	319
f 883 	882 	319
f 881 	319 	882
f 881 	880 	319
f 71 	319 	879
f 952 	71 	879
f 949 	948 	71
f 952 	949 	71
f 946 	1068 	936
f 570 	681 	501
f 870 	962 	871
f 869 	962 	870
f 962 	869 	868
f 962 	868 	863
f 962 	863 	864
f 319 	962 	878
f 927 	1053 	541
f 963 	845 	961
f 941 	1841 	950
f 845 	519 	961
f 1034 	938 	933
f 923 	1281 	958
f 921 	919 	385
f 462 	385 	919
f 462 	917 	916
f 904 	903 	462
f 903 	902 	462
f 902 	862 	462
f 962 	462 	862
f 862 	861 	962
f 861 	859 	962
f 960 	989 	858
f 953 	918 	920
f 885 	963 	889
f 880 	879 	319
f 318 	319 	71
f 967 	962 	965
f 319 	965 	962
f 968 	550 	966
f 955 	964 	953
f 969 	972 	968
f 818 	971 	819
f 928 	964 	955
f 946 	550 	972
f 973 	967 	970
f 953 	964 	918
f 974 	818 	821
f 975 	967 	973
f 974 	971 	818
f 1073 	877 	895
f 976 	967 	975
f 978 	1026 	967
f 889 	963 	974
f 203 	205 	901
f 979 	1106 	977
f 833 	953 	920
f 833 	920 	822
f 912 	1074 	985
f 1074 	982 	985
f 1013 	887 	989
f 676 	984 	693
f 9822 	927 	9820
f 994 	967 	990
f 997 	967 	994
f 804 	984 	676
f 887 	1013 	992
f 970 	967 	997
f 977 	1851 	979
f 984 	999 	653
f 172 	938 	927
f 822 	705 	998
f 1857 	985 	982
f 1007 	965 	1006
f 653 	999 	633
f 824 	998 	10134
f 1826 	912 	1857
f 985 	1857 	912
f 959 	989 	960
f 693 	984 	653
f 1014 	1009 	1082
f 1016 	965 	1012
f 205 	1002 	901
f 1018 	965 	1016
f 1013 	989 	959
f 999 	984 	1019
f 1020 	965 	1018
f 1008 	1012 	965
f 992 	1013 	959
f 984 	819 	1019
f 984 	804 	819
f 1163 	1365 	1011
f 634 	633 	999
f 951 	992 	959
f 1097 	1000 	1003
f 1023 	965 	1022
f 1005 	1050 	1024
f 1019 	634 	999
f 1104 	1139 	1015
f 977 	1104 	1015
f 1115 	1050 	1005
f 1001 	965 	1023
f 1021 	965 	1020
f 819 	1025 	1019
f 1358 	1376 	1011
f 995 	993 	1096
f 1011 	1010 	1871
f 1030 	857 	995
f 996 	1030 	995
f 1032 	1047 	1029
f 1015 	1011 	1873
f 1033 	1047 	1032
f 933 	176 	1034
f 1030 	1102 	1054
f 1035 	1047 	1033
f 1036 	1047 	1035
f 1047 	967 	1029
f 1000 	857 	1003
f 1000 	993 	857
f 993 	995 	857
f 1054 	1242 	1030
f 1037 	1047 	1036
f 723 	1081 	1028
f 1039 	1047 	1037
f 1043 	1044 	470
f 642 	1027 	1031
f 1100 	1098 	974
f 1044 	1046 	470
f 469 	470 	1046
f 736 	1045 	735
f 1048 	1052 	521
f 1025 	634 	1019
f 1025 	642 	634
f 1054 	1041 	1042
f 938 	1034 	1053
f 1126 	715 	723
f 971 	1025 	819
f 944 	681 	570
f 1055 	1056 	517
f 736 	1057 	1045
f 1042 	1242 	1054
f 1038 	1242 	1042
f 944 	563 	892
f 9225 	529 	1083
f 1062 	901 	1002
f 563 	845 	892
f 1045 	1057 	1009
f 1064 	562 	1063
f 570 	563 	944
f 1066 	1069 	549
f 1061 	549 	811
f 1071 	562 	1067
f 1028 	872 	1090
f 3319 	549 	1086
f 1045 	1009 	1014
f 563 	519 	845
f 1090 	1105 	1028
f 1075 	549 	1069
f 1066 	549 	1065
f 1075 	1086 	549
f 1068 	1075 	1069
f 1052 	1055 	520
f 517 	520 	1055
f 562 	517 	1056
f 1058 	562 	1056
f 1060 	562 	1058
f 1060 	1063 	562
f 1064 	1067 	562
f 1072 	562 	1071
f 521 	479 	1048
f 929 	1061 	811
f 1091 	723 	1028
f 519 	617 	961
f 1061 	929 	931
f 794 	1130 	1057
f 1152 	991 	1161
f 1076 	1077 	1078
f 1073 	1319 	1159
f 1077 	1079 	1078
f 562 	1072 	1004
f 1006 	965 	1004
f 1008 	965 	1007
f 562 	1004 	965
f 829 	562 	965
f 931 	1066 	1065
f 1057 	736 	794
f 1112 	1009 	1130
f 1021 	1022 	965
f 967 	965 	980
f 981 	967 	980
f 986 	967 	983
f 981 	983 	967
f 988 	967 	986
f 988 	990 	967
f 1001 	980 	965
f 1130 	1009 	1057
f 654 	731 	1073
f 1026 	1029 	967
f 467 	967 	1047
f 479 	469 	1046
f 976 	978 	967
f 1061 	931 	1065
f 962 	967 	462
f 467 	462 	967
f 1114 	1116 	1074
f 982 	1074 	1116
f 1002 	1083 	1062
f 1066 	934 	937
f 1066 	937 	1069
f 872 	1028 	1081
f 991 	1152 	987
f 946 	972 	1075
f 1068 	946 	1075
f 1051 	541 	1053
f 1009 	1084 	1082
f 1111 	1070 	1050
f 1084 	1080 	1082
f 1034 	1051 	1053
f 1005 	1109 	1115
f 1084 	898 	1080
f 1089 	1085 	1086
f 1085 	3319 	1086
f 1073 	698 	654
f 1087 	1088 	898
f 617 	615 	1076
f 617 	1076 	1078
f 617 	1078 	961
f 974 	963 	1100
f 966 	1085 	968
f 968 	1085 	969
f 1124 	961 	1078
f 731 	877 	1073
f 1393 	1076 	615
f 969 	1085 	1089
f 1086 	1075 	972
f 529 	691 	1062
f 969 	1089 	972
f 1086 	972 	1089
f 1083 	529 	1062
f 994 	871 	873
f 1084 	1087 	898
f 1087 	1108 	1088
f 1099 	1092 	1280
f 1092 	830 	1280
f 1005 	987 	1109
f 1100 	1093 	1098
f 830 	837 	1280
f 1009 	1112 	1084
f 1102 	1094 	1095
f 1102 	1095 	1280
f 1002 	9225 	1083
f 1097 	1280 	1096
f 1096 	1280 	1095
f 1099 	1280 	1097
f 1084 	1112 	1087
f 541 	1051 	1103
f 1112 	1108 	1087
f 782 	830 	1092
f 1091 	1028 	1105
f 987 	1107 	1109
f 1093 	1100 	1124
f 1070 	1111 	1113
f 982 	1121 	979
f 1104 	977 	1106
f 996 	995 	1094
f 1095 	1094 	995
f 996 	1094 	1030
f 993 	1097 	1096
f 1099 	1097 	1003
f 1016 	1012 	890
f 1106 	1900 	1104
f 1097 	993 	1000
f 1062 	691 	721
f 1092 	1099 	1003
f 1108 	1110 	1088
f 782 	1092 	1003
f 721 	914 	1062
f 974 	1098 	971
f 961 	1124 	963
f 1096 	1095 	995
f 1025 	971 	1101
f 1101 	1027 	1025
f 1094 	1102 	1030
f 721 	1051 	914
f 1122 	1054 	1102
f 642 	1025 	1027
f 721 	1103 	1051
f 1106 	979 	1118
f 9416 	752 	529
f 1112 	1123 	1108
f 1122 	3358 	1120
f 1119 	1122 	1120
f 1101 	971 	1098
f 1078 	1079 	1124
f 982 	1116 	1121
f 1118 	979 	1121
f 8939 	1109 	1107
f 1263 	1262 	1108
f 3358 	1205 	1117
f 1117 	1120 	3358
f 1102 	1280 	1122
f 1123 	1263 	1108
f 1093 	1124 	1149
f 1110 	1108 	1262
f 1042 	1041 	1119
f 1042 	1119 	1120
f 1897 	1116 	1114
f 1054 	1119 	1041
f 1042 	1120 	1038
f 1117 	1038 	1120
f 1899 	1900 	1106
f 1899 	1106 	1118
f 1054 	1122 	1119
f 1126 	723 	1091
f 1116 	1897 	1901
f 1116 	1901 	1121
f 1121 	1901 	1899
f 1121 	1899 	1118
f 1132 	3320 	1129
f 1050 	1115 	1111
f 1133 	3320 	1132
f 1135 	3320 	1133
f 1138 	1137 	3320
f 794 	1123 	1130
f 1149 	1124 	1079
f 1138 	3320 	1135
f 1137 	966 	3320
f 550 	3320 	966
f 1139 	1163 	1011
f 1098 	1093 	1149
f 1165 	1365 	1163
f 1011 	1015 	1139
f 918 	1264 	1140
f 920 	918 	1140
f 1100 	963 	1124
f 920 	1140 	705
f 705 	822 	920
f 1127 	1131 	3420
f 923 	8939 	1107
f 1085 	966 	1137
f 1136 	3420 	1131
f 794 	1274 	1123
f 1112 	1130 	1123
f 1135 	1190 	1138
f 1138 	1190 	1137
f 1192 	1085 	1137
f 2726 	1027 	1101
f 856 	973 	855
f 1129 	3320 	1146
f 1146 	3320 	1148
f 987 	1152 	1107
f 975 	973 	859
f 861 	975 	859
f 1148 	3320 	1151
f 1156 	1145 	1157
f 1161 	1156 	1157
f 983 	981 	868
f 869 	986 	868
f 1365 	1358 	1011
f 1131 	1155 	1136
f 718 	1160 	1144
f 1149 	1079 	5664
f 1152 	923 	1107
f 718 	1173 	1160
f 1168 	1147 	1143
f 994 	873 	875
f 1147 	1203 	1142
f 1079 	1077 	5664
f 1141 	715 	1126
f 1159 	1165 	1928
f 1151 	1244 	1150
f 1147 	1142 	1143
f 1218 	1141 	1126
f 1172 	1242 	1038
f 1928 	1171 	1159
f 769 	1169 	1153
f 1149 	5634 	5639
f 1928 	1165 	1925
f 1163 	1925 	1165
f 715 	1141 	1173
f 1140 	1174 	705
f 1167 	1170 	1244
f 1170 	1150 	1244
f 5639 	1098 	1149
f 779 	1174 	1164
f 1171 	1249 	1159
f 779 	1169 	769
f 715 	1173 	718
f 1156 	1168 	1143
f 779 	1164 	1169
f 1167 	1166 	1207
f 1164 	1174 	1264
f 883 	1012 	882
f 883 	890 	1012
f 779 	705 	1174
f 893 	1018 	890
f 791 	1178 	794
f 1021 	1020 	896
f 1181 	791 	759
f 1038 	1205 	1172
f 1183 	1178 	791
f 897 	1022 	896
f 1179 	1212 	473
f 1172 	1205 	1166
f 1157 	1152 	1161
f 1207 	1166 	1211
f 923 	1152 	1157
f 1181 	1183 	791
f 1166 	1167 	1244
f 904 	1032 	903
f 1222 	1184 	1268
f 1310 	1311 	473
f 905 	1032 	904
f 1145 	1156 	1143
f 794 	1178 	1274
f 1189 	1188 	3319
f 1187 	3319 	1188
f 1203 	923 	1142
f 1184 	1282 	1268
f 1224 	1290 	1183
f 1190 	1189 	3319
f 1192 	1190 	3319
f 1192 	3319 	1085
f 1146 	1200 	1185
f 919 	1039 	917
f 1157 	1145 	923
f 1129 	1146 	1185
f 1184 	1222 	1261
f 595 	1194 	1191
f 1132 	1129 	1185
f 1132 	1185 	1187
f 1246 	772 	1240
f 1238 	1184 	1261
f 1197 	595 	1191
f 1187 	1188 	1132
f 1133 	1132 	1188
f 1043 	921 	922
f 773 	772 	1246
f 1133 	1188 	1189
f 1135 	1133 	1189
f 924 	1044 	922
f 595 	1197 	619
f 1189 	1190 	1135
f 1249 	1171 	1184
f 1197 	1193 	619
f 1192 	1137 	1190
f 1199 	1169 	1198
f 1212 	1204 	473
f 1204 	1191 	473
f 3358 	3319 	1201
f 1176 	1182 	1218
f 1162 	1278 	1213
f 939 	1058 	935
f 1218 	1221 	1176
f 1220 	1203 	1208
f 1163 	1903 	1925
f 606 	473 	1191
f 1169 	1199 	1153
f 1221 	947 	1176
f 3358 	1211 	1205
f 1147 	1208 	1203
f 1207 	3358 	1206
f 1213 	1278 	1175
f 1204 	1197 	1191
f 1209 	3358 	1201
f 1210 	3358 	1209
f 1210 	1206 	3358
f 1200 	1201 	3319
f 1185 	1200 	3319
f 1212 	1217 	1215
f 1201 	1200 	1148
f 1181 	1214 	1183
f 1197 	1204 	1215
f 1182 	776 	1223
f 970 	855 	973
f 1038 	1117 	1205
f 1198 	1216 	5831
f 1148 	1200 	1146
f 1223 	1218 	1182
f 856 	859 	973
f 1278 	1195 	1175
f 1169 	1164 	1219
f 1198 	1219 	1216
f 1207 	1206 	1167
f 978 	861 	862
f 1169 	1219 	1198
f 1170 	1167 	1206
f 1212 	1226 	1217
f 1150 	1170 	1210
f 1218 	1090 	887
f 1216 	1219 	1164
f 1154 	1213 	1175
f 1150 	1210 	1209
f 1091 	1105 	1218
f 863 	981 	864
f 1151 	1150 	1209
f 1091 	1218 	1126
f 1201 	1148 	1151
f 1216 	1164 	1284
f 983 	868 	986
f 1166 	1205 	1211
f 1204 	1212 	1215
f 988 	986 	870
f 869 	870 	986
f 1191 	1194 	606
f 871 	990 	870
f 923 	1203 	1220
f 1210 	1170 	1206
f 1946 	1950 	1238
f 875 	997 	994
f 1218 	1105 	1090
f 1201 	1151 	1209
f 1218 	887 	1221
f 997 	875 	970
f 875 	855 	970
f 1221 	887 	992
f 1214 	1224 	1183
f 1180 	1226 	1179
f 947 	1221 	992
f 864 	980 	878
f 1229 	1193 	1197
f 1228 	1230 	1220
f 857 	1030 	1242
f 1166 	1242 	1172
f 952 	879 	1004
f 1006 	1004 	880
f 879 	880 	1004
f 1208 	1228 	1220
f 1232 	1233 	1144
f 881 	1007 	880
f 1237 	1225 	1243
f 1226 	1212 	1179
f 1226 	1239 	1217
f 1232 	1144 	1160
f 1242 	866 	857
f 1016 	890 	1018
f 1217 	1239 	1229
f 1228 	1237 	1230
f 1244 	1242 	1166
f 1217 	1229 	1215
f 1020 	1018 	894
f 893 	894 	1018
f 1226 	1180 	1239
f 1232 	1160 	1240
f 894 	896 	1020
f 866 	1242 	891
f 1239 	1250 	1229
f 1021 	896 	1022
f 1237 	1243 	1230
f 897 	899 	1022
f 1242 	1244 	891
f 1197 	1215 	1229
f 1946 	1238 	1261
f 1255 	1254 	1180
f 978 	862 	902
f 1938 	1253 	1235
f 1245 	1241 	1236
f 1207 	1211 	3358
f 1240 	1141 	1246
f 1180 	1186 	1255
f 1029 	902 	903
f 918 	1245 	1236
f 1249 	1074 	1073
f 1173 	1141 	1240
f 1237 	1227 	1225
f 1249 	1114 	1074
f 1240 	1160 	1173
f 905 	1033 	1032
f 1246 	1141 	1223
f 1251 	1245 	918
f 1256 	1257 	1252
f 1250 	1254 	1229
f 2354 	1245 	1251
f 1040 	1039 	921
f 1500 	1499 	1229
f 1249 	1184 	1253
f 1256 	1313 	1257
f 1246 	776 	773
f 1040 	921 	1043
f 1505 	1254 	1255
f 1043 	922 	1044
f 1251 	918 	964
f 1073 	1159 	1249
f 924 	925 	1044
f 1046 	1044 	925
f 926 	1046 	925
f 964 	928 	1251
f 1246 	1223 	776
f 1260 	2111 	2113
f 1236 	1264 	918
f 1141 	1218 	1223
f 1259 	1128 	1260
f 1272 	637 	1252
f 1048 	926 	930
f 1257 	1272 	1252
f 1235 	1253 	1184
f 1162 	1259 	1260
f 1239 	1180 	1254
f 1058 	939 	940
f 1259 	1158 	1128
f 1265 	560 	704
f 940 	943 	1063
f 1174 	1140 	1264
f 945 	1064 	943
f 1063 	943 	1064
f 3016 	849 	1472
f 1239 	1254 	1250
f 1067 	1064 	948
f 945 	948 	1064
f 1268 	1282 	1962
f 1229 	1499 	1460
f 1071 	1067 	949
f 948 	949 	1067
f 866 	754 	1265
f 1273 	1147 	1168
f 1071 	949 	952
f 1071 	952 	1072
f 1281 	1243 	1225
f 1483 	1472 	1081
f 1072 	952 	1004
f 861 	976 	975
f 976 	861 	978
f 695 	777 	1269
f 1272 	1257 	1258
f 1282 	1184 	1266
f 1272 	726 	649
f 980 	864 	981
f 884 	957 	1273
f 1962 	1942 	1268
f 863 	868 	981
f 1123 	1274 	1263
f 1184 	1267 	1266
f 1156 	1161 	1273
f 1178 	1183 	1276
f 1156 	1273 	1168
f 1273 	1161 	991
f 1273 	991 	987
f 1276 	1274 	1178
f 1273 	987 	1005
f 1272 	1258 	1296
f 988 	870 	990
f 1276 	1263 	1274
f 1024 	1273 	1005
f 1290 	1276 	1183
f 990 	871 	994
f 1024 	884 	1273
f 1295 	160 	171
f 1277 	1273 	958
f 1278 	1231 	1202
f 1281 	923 	1220
f 1248 	1247 	1278
f 899 	878 	1023
f 1001 	878 	980
f 1247 	2423 	1278
f 1958 	1959 	1282
f 1278 	1289 	1248
f 1266 	1958 	1282
f 179 	1332 	1275
f 1959 	1962 	1282
f 1284 	1164 	1264
f 1264 	1236 	1284
f 696 	1285 	697
f 1006 	880 	1007
f 1284 	1236 	1279
f 881 	882 	1007
f 1007 	882 	1008
f 958 	1281 	1277
f 1008 	882 	1012
f 1279 	1216 	1284
f 1287 	1184 	1916
f 1278 	1162 	1289
f 1260 	1234 	1289
f 1288 	1291 	1306
f 1269 	696 	695
f 1286 	1267 	1287
f 1287 	1267 	1184
f 1267 	1286 	1966
f 1294 	1295 	1275
f 1224 	1292 	1290
f 1265 	1293 	1280
f 1022 	899 	1023
f 1292 	1298 	1290
f 1238 	1235 	1184
f 1001 	1023 	878
f 1260 	1289 	1162
f 978 	902 	1026
f 1275 	1295 	96
f 1026 	902 	1029
f 1295 	171 	96
f 1177 	1278 	1202
f 1281 	1853 	2124
f 903 	1032 	1029
f 1195 	1278 	1177
f 1263 	1298 	1297
f 1371 	726 	1272
f 907 	1035 	1033
f 907 	1033 	905
f 1299 	1300 	1297
f 1298 	1301 	1299
f 1281 	2269 	2270
f 1035 	907 	1036
f 916 	1036 	907
f 917 	1037 	1036
f 916 	917 	1036
f 1294 	1332 	1304
f 1037 	917 	1039
f 1283 	1305 	1306
f 2264 	1281 	2270
f 919 	921 	1039
f 1049 	1302 	852
f 1298 	1299 	1297
f 1332 	1294 	1275
f 1711 	1303 	1302
f 696 	1310 	1285
f 926 	1048 	1046
f 1283 	1306 	1291
f 1052 	1048 	930
f 1294 	1304 	1311
f 1052 	930 	1055
f 932 	1055 	930
f 1270 	1305 	1364
f 1263 	1276 	1298
f 1055 	932 	1056
f 935 	1056 	932
f 1292 	1301 	1298
f 1058 	1056 	935
f 1258 	1257 	1309
f 1294 	1311 	1310
f 1276 	1290 	1298
f 1257 	1313 	1309
f 940 	1060 	1058
f 1060 	940 	1063
f 1315 	1277 	1312
f 1388 	1312 	1386
f 1386 	1312 	1277
f 1273 	1277 	1315
f 498 	1313 	1256
f 1179 	473 	1311
f 965 	1316 	829
f 1344 	829 	1316
f 1312 	1228 	1208
f 1315 	1147 	1273
f 1321 	1322 	1317
f 1277 	1281 	1386
f 790 	156 	129
f 1316 	1359 	1322
f 790 	129 	1269
f 1269 	129 	160
f 1073 	895 	1320
f 1220 	1230 	1281
f 696 	1269 	160
f 1365 	1319 	1363
f 1281 	1230 	1243
f 1295 	696 	160
f 2257 	1325 	1318
f 942 	1017 	1331
f 790 	1269 	777
f 704 	710 	1328
f 1329 	1612 	1613
f 1319 	1320 	1376
f 1613 	1442 	1329
f 710 	1330 	1328
f 1333 	1331 	1376
f 1324 	1327 	1317
f 1336 	1317 	1327
f 1333 	1376 	1320
f 1472 	849 	1081
f 179 	1275 	96
f 1317 	1336 	1321
f 1334 	1335 	1329
f 192 	1332 	179
f 704 	1328 	1265
f 2056 	2047 	848
f 1352 	1350 	152
f 1347 	1304 	1332
f 208 	1347 	1332
f 1338 	122 	1329
f 1337 	122 	1338
f 117 	1329 	122
f 1352 	153 	1337
f 1335 	1338 	1329
f 1324 	1339 	1327
f 1340 	1327 	1339
f 1342 	1340 	1339
f 192 	282 	1332
f 1234 	1248 	1289
f 1208 	1147 	1315
f 208 	1353 	1347
f 1344 	1342 	1339
f 1344 	1339 	815
f 1337 	1338 	1374
f 1396 	1374 	1338
f 1336 	1327 	1340
f 1339 	2056 	848
f 1315 	1312 	1208
f 1373 	1343 	1375
f 282 	208 	1332
f 1321 	1336 	1322
f 1340 	1322 	1336
f 728 	726 	1371
f 1340 	1342 	1316
f 1322 	1340 	1316
f 1344 	1316 	1342
f 366 	1339 	848
f 1049 	1711 	1302
f 1227 	1237 	1312
f 1270 	1364 	1355
f 1347 	1353 	1304
f 1711 	1049 	1059
f 1316 	965 	1359
f 1304 	1357 	1311
f 1358 	1319 	1376
f 122 	1337 	153
f 319 	174 	965
f 1357 	1304 	1353
f 1359 	174 	1317
f 1320 	1319 	1073
f 1353 	1361 	1362
f 1317 	174 	299
f 1345 	1348 	1356
f 571 	143 	592
f 1351 	152 	1350
f 1402 	1403 	1350
f 1351 	1350 	1403
f 1317 	1322 	1359
f 1319 	1358 	1363
f 1312 	1237 	1228
f 1362 	1357 	1353
f 1580 	1362 	1361
f 1365 	1159 	1319
f 1348 	1434 	1356
f 1361 	1369 	1580
f 1305 	1283 	1364
f 1352 	1402 	1350
f 1408 	1364 	1346
f 1572 	1361 	1353
f 1283 	1346 	1364
f 1371 	1343 	728
f 1331 	1017 	1376
f 1355 	1364 	1349
f 1392 	1383 	1334
f 1010 	1011 	1376
f 1370 	1368 	1366
f 1366 	1367 	1370
f 1372 	1370 	1367
f 1363 	1358 	1365
f 1017 	1010 	1376
f 1349 	1364 	1408
f 1564 	1572 	1353
f 1159 	1365 	1165
f 1371 	1375 	1343
f 1577 	1578 	1369
f 1414 	1337 	1374
f 1399 	1345 	1356
f 1180 	1362 	1186
f 1357 	1362 	1179
f 1311 	1357 	1179
f 1379 	2660 	2661
f 1335 	1334 	1383
f 1580 	1186 	1362
f 1180 	1179 	1362
f 1384 	1335 	1383
f 1382 	1330 	1360
f 1384 	1396 	1338
f 1335 	1384 	1338
f 1330 	1382 	1328
f 1388 	1379 	1387
f 1077 	1389 	1781
f 1076 	1393 	1389
f 1379 	1388 	1386
f 1325 	1377 	1349
f 1389 	1077 	1076
f 1393 	1394 	1389
f 1394 	1395 	1389
f 1271 	1270 	1355
f 3765 	1375 	1371
f 1355 	1381 	1271
f 1397 	1398 	1395
f 1371 	1272 	3765
f 1394 	1397 	1395
f 1377 	1355 	1349
f 1397 	1400 	1398
f 1381 	1355 	1377
f 1352 	1337 	1414
f 1074 	1405 	826
f 1352 	1414 	1402
f 1073 	1074 	826
f 1410 	1443 	1408
f 1410 	1408 	1346
f 1415 	1404 	1406
f 1393 	615 	1394
f 1415 	1479 	1404
f 1318 	1408 	1443
f 1394 	619 	1397
f 1367 	1419 	1372
f 1420 	1372 	1419
f 1397 	1229 	1460
f 1408 	1318 	1349
f 1422 	1420 	1421
f 1428 	1354 	1351
f 1418 	1957 	1416
f 1585 	1354 	1428
f 1981 	1416 	1957
f 1318 	1325 	1349
f 1428 	1351 	1403
f 1430 	1429 	1426
f 1409 	1411 	1905
f 1902 	1905 	1411
f 1401 	820 	1454
f 1438 	1377 	1325
f 1405 	1997 	1407
f 1687 	1469 	1613
f 1381 	1377 	1438
f 1356 	1434 	1385
f 1419 	1421 	1420
f 743 	809 	1439
f 1434 	1417 	1390
f 820 	1401 	1439
f 1421 	1419 	1367
f 1406 	1404 	1441
f 820 	1439 	809
f 1334 	1329 	1440
f 1613 	1432 	1442
f 1440 	1329 	1442
f 1422 	1372 	1420
f 1136 	1155 	1437
f 1439 	1059 	1049
f 1418 	1413 	1956
f 1435 	1613 	1436
f 1613 	1435 	1431
f 1432 	1613 	1431
f 1413 	1961 	1956
f 1399 	2755 	1345
f 1439 	1401 	1059
f 1443 	1410 	1412
f 609 	279 	1416
f 698 	1073 	826
f 1356 	1385 	1399
f 1981 	609 	1416
f 1491 	1435 	1436
f 1437 	1433 	1427
f 1997 	1405 	1074
f 1427 	1433 	1429
f 1427 	1429 	1449
f 1449 	1429 	1430
f 1423 	1444 	1326
f 1449 	1430 	1424
f 1392 	1334 	1440
f 1444 	2536 	2540
f 1426 	1424 	1430
f 1401 	1454 	1453
f 1444 	2540 	1326
f 1523 	1425 	1524
f 1410 	1483 	1412
f 1427 	1449 	3420
f 1397 	1457 	1400
f 841 	1454 	820
f 1397 	1460 	1457
f 1454 	841 	1456
f 1436 	1613 	1461
f 1445 	1452 	1597
f 1456 	1455 	1454
f 1445 	1597 	1446
f 1597 	1602 	1446
f 1454 	1455 	1453
f 1466 	9647 	1441
f 1441 	1404 	1466
f 1458 	303 	209
f 1438 	2479 	2351
f 1399 	2551 	2755
f 1472 	1410 	1346
f 1378 	2536 	1444
f 1477 	1474 	1687
f 1474 	1463 	1687
f 1687 	1683 	1477
f 1472 	1483 	1410
f 1471 	1468 	1424
f 2001 	1813 	1404
f 1463 	1464 	1687
f 1461 	1613 	1469
f 1464 	1469 	1687
f 1424 	1426 	1471
f 1479 	2001 	1404
f 1471 	1426 	1465
f 1458 	1446 	1592
f 1462 	1468 	1471
f 1471 	1465 	1462
f 1401 	1453 	1478
f 1467 	1470 	1585
f 2077 	1480 	1997
f 1489 	1481 	1480
f 1370 	1458 	1368
f 1193 	1229 	1397
f 1458 	1370 	1446
f 1480 	2077 	1484
f 1424 	3420 	1449
f 1744 	1575 	246
f 1407 	1997 	1481
f 1481 	1489 	1488
f 1186 	1487 	1255
f 1491 	1431 	1435
f 1480 	1488 	1489
f 9240 	1504 	1485
f 1536 	273 	1531
f 2033 	1492 	1490
f 1487 	1493 	1529
f 1503 	1705 	1485
f 187 	273 	1536
f 1522 	1442 	1432
f 1599 	1476 	1380
f 1508 	1499 	1500
f 1599 	1380 	1601
f 8921 	1490 	1492
f 1476 	1599 	1603
f 1478 	1453 	1380
f 1951 	1451 	1447
f 1492 	1514 	1501
f 291 	1565 	1498
f 1229 	1254 	1505
f 1955 	1952 	1448
f 1601 	1380 	1453
f 1495 	2442 	1496
f 1432 	1431 	1540
f 1504 	1503 	1485
f 1491 	1540 	1431
f 1503 	1128 	1158
f 1505 	1500 	1229
f 1507 	358 	658
f 256 	1498 	1517
f 1476 	1341 	1380
f 1487 	1509 	1505
f 1503 	1979 	1128
f 1451 	1961 	1413
f 1509 	1508 	1505
f 1500 	1505 	1508
f 1498 	256 	241
f 1448 	1952 	1450
f 1512 	1511 	1494
f 1516 	1499 	1508
f 1955 	1448 	1475
f 1495 	1496 	1511
f 1499 	1516 	1527
f 1494 	1511 	1496
f 1487 	1505 	1255
f 1510 	1555 	1556
f 1475 	1482 	1955
f 1955 	1482 	1968
f 1509 	1487 	1529
f 1514 	1513 	2034
f 1508 	1509 	1516
f 1529 	1516 	1509
f 1514 	1492 	1513
f 4531 	4441 	1512
f 1440 	1442 	1520
f 1442 	1522 	1520
f 1392 	1440 	1520
f 1713 	1460 	1499
f 1523 	1524 	1831
f 1526 	1831 	1524
f 1525 	1518 	1519
f 1493 	1528 	1529
f 1495 	1511 	1515
f 1532 	1529 	1528
f 1532 	1528 	1533
f 1522 	1432 	1535
f 1532 	1516 	1529
f 1507 	1482 	1707
f 1432 	1540 	1535
f 1519 	1625 	1525
f 1521 	1569 	1576
f 1530 	1518 	1525
f 1534 	1542 	1570
f 1539 	1533 	1537
f 1528 	1537 	1533
f 1539 	1532 	1533
f 1534 	723 	715
f 1539 	1527 	1516
f 1619 	1534 	715
f 1491 	1436 	1543
f 1539 	1516 	1532
f 1543 	1436 	1461
f 1534 	1619 	1638
f 1545 	1546 	1544
f 1534 	1638 	1542
f 1547 	1541 	1545
f 1541 	1546 	1545
f 1550 	291 	131
f 1354 	1585 	1470
f 1565 	291 	1550
f 1536 	1550 	140
f 1554 	1557 	1546
f 1554 	1546 	1558
f 1539 	1537 	1549
f 1560 	1549 	1537
f 1581 	1487 	1186
f 208 	1564 	1353
f 1464 	1463 	1567
f 1566 	1510 	1556
f 1464 	1567 	1591
f 1559 	1561 	1563
f 1545 	1837 	1547
f 1534 	1570 	1571
f 1877 	1553 	1497
f 1572 	1369 	1361
f 1633 	1566 	1569
f 1559 	1534 	1571
f 295 	305 	1564
f 1555 	1510 	1576
f 1559 	1571 	1561
f 1569 	1556 	1555
f 1546 	1579 	1544
f 1557 	1579 	1546
f 1580 	1369 	1581
f 223 	1582 	334
f 1564 	305 	1577
f 1467 	1585 	1583
f 1564 	1577 	1572
f 1517 	1582 	256
f 1577 	1369 	1572
f 1369 	1578 	1581
f 1576 	1510 	1391
f 1473 	1467 	1583
f 1463 	1474 	1583
f 1583 	1474 	1477
f 1583 	1567 	1463
f 1473 	1583 	1477
f 1582 	223 	256
f 1403 	1583 	1585
f 1559 	1563 	1586
f 1585 	1428 	1403
f 1580 	1581 	1186
f 1860 	1558 	1546
f 1567 	1583 	1403
f 1469 	1464 	1591
f 1862 	1546 	1541
f 1569 	1566 	1556
f 1866 	1863 	1546
f 1574 	1562 	1584
f 1569 	1555 	1576
f 1402 	1591 	1403
f 1546 	1862 	1866
f 1402 	1414 	1591
f 1589 	1590 	1628
f 1591 	1414 	1374
f 303 	1592 	1366
f 1552 	1559 	1586
f 1574 	1587 	1568
f 1469 	1591 	1461
f 1383 	1591 	1384
f 1591 	1540 	1491
f 1594 	354 	360
f 362 	354 	1594
f 1574 	1584 	1587
f 1974 	1964 	1563
f 1392 	1591 	1383
f 1392 	1520 	1591
f 1602 	1597 	1715
f 1396 	1384 	1591
f 1932 	1563 	1561
f 1594 	1595 	362
f 1396 	1591 	1374
f 1589 	1596 	1590
f 1522 	1591 	1520
f 1593 	1604 	1605
f 1715 	1597 	1531
f 1535 	1591 	1522
f 1521 	1603 	1623
f 1598 	1531 	1597
f 1543 	1461 	1591
f 1605 	1609 	1608
f 1491 	1543 	1591
f 1591 	1535 	1540
f 1600 	1664 	1752
f 1608 	1593 	1605
f 1964 	1552 	1586
f 1603 	1599 	1641
f 1567 	1403 	1591
f 1534 	1559 	2332
f 303 	1458 	1592
f 1452 	1598 	1597
f 1551 	1552 	1965
f 1964 	1965 	1552
f 1614 	1608 	1609
f 1615 	1553 	1573
f 1602 	1592 	1446
f 1624 	1612 	1314
f 1612 	1621 	1613
f 1687 	1613 	1621
f 299 	246 	1575
f 1623 	1569 	1521
f 6138 	1497 	1615
f 1609 	1595 	1614
f 1627 	2073 	1510
f 1683 	1684 	1467
f 1467 	1473 	1683
f 1473 	1477 	1683
f 1470 	1684 	1354
f 299 	1575 	1317
f 1625 	1530 	1525
f 1612 	1624 	1621
f 1594 	1614 	1595
f 1628 	1590 	1596
f 1566 	1627 	1510
f 1323 	275 	1629
f 1538 	1628 	1518
f 1610 	1886 	1885
f 1623 	1603 	1641
f 1598 	1536 	1531
f 1601 	1453 	1455
f 1452 	1550 	1536
f 1598 	1452 	1536
f 445 	1642 	1594
f 1553 	1652 	9331
f 1594 	1642 	1614
f 9331 	1573 	1553
f 1639 	1624 	1314
f 2125 	1627 	1633
f 1618 	1995 	1619
f 1627 	1566 	1633
f 1569 	1623 	1633
f 1620 	1889 	1644
f 1455 	1647 	1601
f 1314 	1640 	1639
f 1372 	1422 	1654
f 8682 	1640 	8361
f 1372 	1654 	1370
f 8682 	1646 	1640
f 1599 	1645 	1641
f 1618 	717 	1622
f 1622 	717 	766
f 1637 	1625 	1519
f 1630 	1652 	1662
f 1634 	1644 	1888
f 1662 	1625 	1630
f 1644 	1889 	1888
f 764 	772 	3547
f 1637 	1630 	1625
f 1611 	1632 	1636
f 1646 	6532 	1666
f 1614 	1642 	1608
f 1446 	1654 	1445
f 2682 	1633 	1623
f 1608 	1642 	1593
f 1446 	1370 	1654
f 1596 	1637 	1628
f 1628 	1637 	1519
f 718 	717 	1618
f 1518 	1628 	1519
f 1601 	1647 	1645
f 1589 	1628 	1538
f 1606 	1635 	1588
f 1645 	1647 	1657
f 1652 	1630 	1631
f 1606 	1588 	1607
f 1323 	1629 	1649
f 1606 	1611 	1636
f 1670 	1648 	1649
f 1534 	1081 	723
f 1606 	1636 	1635
f 1599 	1601 	1645
f 1618 	1619 	718
f 1659 	1595 	1609
f 1611 	1617 	1632
f 1610 	1885 	1651
f 1648 	1323 	1649
f 1641 	1653 	1623
f 1653 	2683 	1623
f 1577 	305 	1659
f 1654 	1565 	1550
f 1654 	1550 	1452
f 1553 	1615 	1497
f 1659 	1578 	1577
f 1640 	1646 	1639
f 1619 	715 	718
f 1674 	1487 	1581
f 354 	1659 	305
f 820 	792 	1660
f 1646 	1666 	1639
f 1445 	1654 	1452
f 1666 	1624 	1639
f 1456 	2490 	1455
f 1582 	1695 	1755
f 1660 	1456 	820
f 1456 	1660 	2222
f 2490 	1456 	2222
f 362 	1595 	1659
f 1668 	1656 	1667
f 1656 	1658 	1667
f 1659 	354 	362
f 1656 	1668 	1669
f 1657 	1653 	1645
f 1653 	1657 	2685
f 1645 	1653 	1641
f 2621 	2685 	1657
f 1651 	1650 	1671
f 1669 	1568 	1656
f 1504 	1134 	1503
f 1672 	1670 	1649
f 1609 	1673 	1659
f 1587 	1656 	1568
f 1134 	1982 	1503
f 1650 	1655 	1671
f 1503 	1982 	1979
f 1578 	1659 	1674
f 1659 	1673 	1674
f 1672 	2211 	1670
f 1649 	1629 	1672
f 1632 	1617 	1667
f 1578 	1674 	1581
f 1651 	1671 	1610
f 1658 	1632 	1667
f 1666 	1679 	1624
f 1682 	1518 	1678
f 1493 	1487 	1674
f 1666 	1680 	1679
f 1682 	1538 	1518
f 9352 	1538 	9384
f 1638 	1619 	1995
f 1681 	1654 	1782
f 1673 	1493 	1674
f 1498 	1565 	1681
f 592 	1354 	1684
f 1470 	1467 	1684
f 1605 	1673 	1609
f 1664 	1600 	1616
f 1684 	1683 	625
f 592 	1684 	625
f 1604 	1673 	1605
f 1517 	1498 	1681
f 1604 	4089 	1673
f 1622 	766 	1685
f 1565 	1654 	1681
f 4089 	4109 	1673
f 1655 	1686 	1671
f 1682 	1665 	1538
f 1681 	1771 	1690
f 1518 	1677 	1678
f 1676 	1758 	1759
f 1518 	1530 	1677
f 1730 	1758 	1676
f 1690 	1517 	1681
f 1662 	1530 	1625
f 1677 	1530 	1662
f 1865 	1677 	1662
f 1737 	1687 	1689
f 1690 	1582 	1517
f 1620 	1644 	1664
f 1662 	1652 	1874
f 1616 	1620 	1664
f 1662 	1874 	1865
f 1712 	1697 	1696
f 1689 	1687 	1697
f 1644 	1634 	1664
f 1671 	1664 	1610
f 1634 	1626 	1664
f 1691 	1676 	1692
f 1582 	1690 	1695
f 1700 	1457 	1460
f 1626 	1610 	1664
f 1708 	1213 	1154
f 1688 	2004 	1694
f 1701 	1676 	1691
f 1468 	1462 	1703
f 1712 	1696 	1699
f 1621 	1696 	1687
f 1696 	1697 	1687
f 1694 	2004 	1693
f 1698 	1697 	1699
f 1213 	1708 	1162
f 1727 	3420 	1703
f 1703 	3420 	1468
f 1710 	1689 	1697
f 1341 	1711 	1380
f 1710 	1697 	1698
f 1704 	1703 	1462
f 1713 	1700 	1460
f 1711 	1341 	1756
f 1711 	1756 	1714
f 1697 	1712 	1699
f 2010 	1706 	1709
f 1715 	1421 	1367
f 1689 	1710 	1698
f 1366 	1715 	1367
f 1711 	1478 	1380
f 2076 	1675 	1531
f 1711 	1401 	1478
f 2009 	1685 	1693
f 1717 	638 	601
f 1059 	1401 	1711
f 1671 	1686 	1719
f 1717 	898 	1716
f 1720 	1700 	1713
f 1685 	2023 	1622
f 2038 	2023 	1685
f 625 	1683 	1687
f 1685 	2009 	2038
f 1912 	1919 	1686
f 1425 	1523 	1726
f 1715 	1592 	1602
f 1726 	1523 	1940
f 1831 	1940 	1523
f 1366 	1592 	1715
f 638 	1717 	1716
f 1703 	1728 	1727
f 439 	358 	1721
f 1726 	1731 	2033
f 1450 	1447 	1777
f 1490 	1425 	1726
f 1778 	1692 	1676
f 1450 	1777 	1448
f 2033 	1490 	1726
f 1531 	1675 	1715
f 1466 	1404 	1813
f 1475 	1709 	1706
f 1158 	1708 	1705
f 1728 	1704 	1732
f 1482 	1706 	1707
f 1708 	1259 	1162
f 1716 	898 	1745
f 1703 	1704 	1728
f 358 	1507 	1721
f 1736 	1720 	1713
f 625 	1687 	1737
f 2088 	1734 	1733
f 1507 	1707 	1721
f 1503 	1158 	1705
f 874 	625 	1739
f 1739 	1737 	2027
f 2043 	1724 	1723
f 1737 	1739 	625
f 2027 	851 	1739
f 359 	2323 	1744
f 1739 	851 	842
f 1702 	1737 	1698
f 2054 	1688 	1734
f 1689 	1698 	1737
f 1740 	1663 	1575
f 1158 	1259 	1708
f 1736 	1499 	1527
f 1713 	1499 	1736
f 1692 	1778 	1779
f 1575 	1744 	1740
f 1735 	1740 	1744
f 1549 	1736 	1527
f 1729 	2046 	1723
f 1745 	898 	1747
f 1736 	1548 	1720
f 1725 	1877 	1497
f 1088 	2050 	1747
f 1736 	1549 	1548
f 1714 	1756 	1758
f 1714 	1758 	1730
f 1600 	1752 	1800
f 1718 	1808 	1725
f 2005 	2010 	1709
f 1745 	1747 	2050
f 1749 	1732 	6000
f 1707 	1706 	2011
f 1727 	1728 	1751
f 1600 	1800 	1753
f 2010 	2011 	1706
f 1744 	246 	121
f 1799 	1733 	1734
f 1738 	1692 	1762
f 2008 	439 	1721
f 1692 	1779 	1762
f 1553 	1874 	1652
f 1738 	1762 	3262
f 1475 	1448 	1709
f 1582 	1754 	334
f 1768 	648 	1775
f 1749 	1751 	1732
f 1754 	1582 	1755
f 1482 	1475 	1706
f 1732 	1751 	1728
f 1341 	1759 	1756
f 1758 	1756 	1759
f 1723 	2046 	2043
f 1751 	3420 	1727
f 1307 	1763 	1757
f 1539 	1549 	1527
f 1308 	1763 	1307
f 1779 	1769 	1762
f 1768 	1766 	1767
f 1763 	1774 	1772
f 1766 	1847 	1767
f 1768 	1775 	1765
f 1768 	1765 	1766
f 1774 	1718 	1772
f 1391 	1762 	1769
f 4566 	1764 	1751
f 1774 	1808 	1718
f 1750 	1748 	1944
f 1551 	1965 	1722
f 1762 	1391 	3284
f 1764 	2845 	1751
f 1757 	1763 	1772
f 1764 	4566 	4622
f 1847 	1920 	1767
f 1947 	1945 	1746
f 1764 	4622 	4876
f 1746 	1743 	1947
f 1769 	1576 	1391
f 1780 	1077 	1781
f 648 	1716 	1775
f 1768 	1767 	1790
f 3547 	1734 	1688
f 1790 	1786 	1768
f 1783 	1784 	1785
f 764 	3547 	1693
f 1752 	1664 	1917
f 1771 	1782 	1776
f 1695 	1690 	1771
f 1693 	3547 	1694
f 1768 	1786 	648
f 1694 	3547 	1688
f 1759 	1778 	1676
f 1777 	2005 	1709
f 1781 	1788 	1780
f 1807 	1421 	1715
f 1389 	1395 	1781
f 1775 	1716 	1881
f 1781 	1395 	1788
f 1725 	1808 	1787
f 1510 	3430 	1391
f 1421 	1807 	1422
f 1777 	1709 	1448
f 1510 	2073 	3430
f 1791 	1790 	1792
f 1521 	1793 	1603
f 1794 	1795 	1791
f 1681 	1782 	1771
f 1476 	1603 	1793
f 1845 	1682 	1784
f 1551 	1879 	1552
f 1521 	1779 	1778
f 1798 	1794 	1791
f 1877 	1725 	1787
f 1778 	1759 	1521
f 1769 	1779 	1521
f 1741 	1800 	1742
f 1845 	1784 	1783
f 1879 	1551 	1722
f 1771 	1773 	1695
f 1800 	1741 	1743
f 1769 	1521 	1576
f 1800 	1743 	1746
f 1476 	1793 	1341
f 1793 	1759 	1341
f 1782 	1654 	1814
f 1804 	1805 	1798
f 1800 	1746 	1748
f 1759 	1793 	1521
f 1750 	1800 	1748
f 1807 	1715 	1675
f 1798 	1791 	1804
f 1836 	1733 	1799
f 1750 	1753 	1800
f 758 	826 	1806
f 1675 	1992 	1935
f 1791 	1792 	1804
f 1882 	1395 	1825
f 1879 	1722 	1729
f 1810 	2060 	2051
f 1792 	1811 	1804
f 1760 	1810 	2051
f 1767 	1804 	1811
f 1723 	1724 	1836
f 1808 	1774 	1817
f 1985 	2160 	835
f 1726 	1940 	1731
f 826 	835 	1806
f 1811 	1790 	1767
f 1811 	1792 	1790
f 1817 	1787 	1808
f 1809 	1782 	1814
f 1813 	1818 	1466
f 1465 	1812 	1462
f 1813 	2001 	1818
f 1465 	1426 	1915
f 1830 	1809 	1814
f 911 	1819 	1822
f 1818 	1821 	1466
f 1817 	1802 	1787
f 1820 	1830 	1864
f 1559 	1552 	1879
f 1821 	2481 	2461
f 1826 	1819 	912
f 1818 	2481 	1821
f 1826 	3323 	1819
f 1857 	1997 	1826
f 1807 	1675 	1935
f 1828 	3323 	1815
f 2065 	1797 	1796
f 1829 	1828 	915
f 1896 	1802 	1823
f 1398 	1825 	1395
f 2068 	2065 	1796
f 1767 	1920 	1804
f 1829 	3323 	1828
f 1822 	1829 	915
f 1822 	915 	911
f 1825 	1398 	1400
f 1920 	1805 	1804
f 1816 	1815 	3323
f 3323 	1829 	1822
f 3323 	1822 	1819
f 1803 	1801 	2063
f 1654 	1830 	1814
f 1883 	1884 	1940
f 1823 	1802 	1927
f 477 	707 	1796
f 1820 	1809 	1830
f 1785 	1824 	1783
f 1654 	1422 	1830
f 2060 	1810 	1803
f 1833 	1831 	1837
f 1816 	1832 	906
f 1824 	1898 	1783
f 1830 	1422 	1807
f 2063 	1801 	1797
f 1842 	1841 	941
f 1816 	3323 	1832
f 1832 	1842 	941
f 1834 	1887 	1833
f 1833 	1887 	1831
f 1544 	1834 	1833
f 1765 	1847 	1766
f 942 	954 	1835
f 1846 	1835 	954
f 1547 	1837 	9923
f 1846 	1848 	3247
f 1845 	1665 	1682
f 1848 	956 	1841
f 950 	1841 	956
f 1833 	1837 	1545
f 1544 	1833 	1545
f 1841 	1842 	3940
f 1848 	1841 	3940
f 1842 	1832 	3940
f 1840 	1834 	1544
f 1846 	954 	1848
f 956 	1848 	954
f 1281 	1225 	1849
f 3940 	3247 	1848
f 1579 	1557 	1840
f 1544 	1579 	1840
f 1852 	1851 	1859
f 1855 	1852 	1859
f 1400 	1457 	1825
f 1790 	1850 	1786
f 1457 	5852 	1825
f 1836 	1724 	1733
f 1854 	1695 	1773
f 1851 	1852 	979
f 1457 	5853 	5852
f 1856 	1858 	1844
f 1840 	1856 	1844
f 1850 	1790 	1791
f 1281 	1861 	1853
f 1860 	1844 	1858
f 1782 	1809 	1880
f 1855 	979 	1852
f 1863 	2545 	1860
f 982 	979 	1855
f 1866 	2545 	1863
f 1867 	1868 	1788
f 982 	1855 	1857
f 1861 	1281 	1849
f 1862 	2545 	1866
f 1858 	1856 	1554
f 1857 	1855 	1897
f 1859 	1897 	1855
f 1677 	1865 	1785
f 1546 	1863 	1860
f 1864 	1782 	1880
f 1874 	1787 	1802
f 1840 	1557 	1856
f 1788 	1395 	1867
f 1877 	1787 	1874
f 1864 	1776 	1782
f 1871 	1977 	1870
f 1868 	1878 	1788
f 1868 	1867 	1878
f 1554 	1856 	1557
f 1723 	1836 	1879
f 1879 	1836 	1839
f 1860 	1858 	1558
f 1554 	1558 	1858
f 1809 	1820 	1880
f 1010 	1017 	1875
f 1765 	1775 	1988
f 1871 	1870 	1011
f 1789 	1879 	1838
f 1780 	1788 	1878
f 1015 	1873 	1872
f 1839 	1838 	1879
f 1874 	1553 	1877
f 977 	1015 	1872
f 1820 	1864 	1880
f 1871 	1010 	1875
f 1873 	1011 	1870
f 1825 	5850 	1882
f 1881 	1988 	1775
f 1879 	1789 	1827
f 977 	1872 	1851
f 1830 	1902 	1864
f 1723 	1879 	1729
f 1867 	1395 	1882
f 1807 	1905 	1830
f 1873 	1870 	1925
f 1851 	1872 	1859
f 1678 	1677 	1784
f 1017 	942 	1875
f 1835 	1875 	942
f 1977 	1928 	1870
f 1875 	3237 	1871
f 1835 	3237 	1875
f 1784 	1682 	1678
f 1807 	1935 	1905
f 1904 	1876 	1312
f 1887 	1834 	1844
f 1888 	1831 	1887
f 1997 	1857 	1891
f 3323 	1826 	1997
f 1889 	1831 	1888
f 3323 	1997 	1074
f 1940 	1831 	1883
f 1886 	1887 	1844
f 1312 	1876 	1227
f 1840 	1844 	1834
f 1889 	1883 	1831
f 1902 	1830 	1905
f 1795 	1893 	1890
f 1876 	1861 	1849
f 1893 	1795 	1918
f 1948 	1940 	1884
f 1896 	1823 	1824
f 1610 	1626 	1886
f 1876 	1225 	1227
f 1890 	1791 	1795
f 1884 	1883 	1616
f 1785 	1896 	1824
f 1876 	1849 	1225
f 1884 	1616 	1600
f 1937 	1891 	1114
f 1785 	1865 	1896
f 1869 	1853 	1861
f 1437 	1155 	5734
f 1937 	1114 	1249
f 1677 	1785 	1784
f 1562 	1869 	1584
f 1992 	1894 	1986
f 1890 	1893 	1914
f 1896 	1874 	1802
f 1139 	1104 	1895
f 1865 	1874 	1896
f 1869 	1562 	1853
f 1626 	1887 	1886
f 1675 	2076 	1992
f 1898 	1399 	1385
f 1897 	1114 	1891
f 1626 	1634 	1887
f 1824 	1399 	1898
f 1894 	2076 	2082
f 1876 	1869 	1861
f 1850 	1791 	1890
f 1901 	1897 	1859
f 1891 	1857 	1897
f 1634 	1888 	1887
f 1934 	2119 	1843
f 1859 	1899 	1901
f 1898 	1434 	1390
f 1879 	1827 	2509
f 1780 	1878 	5726
f 1900 	1895 	1104
f 2118 	1843 	2119
f 1898 	1385 	1434
f 1889 	1620 	1883
f 1895 	1900 	1859
f 1900 	1899 	1859
f 1616 	1883 	1620
f 1780 	5726 	1077
f 1163 	1139 	1903
f 1753 	1948 	1884
f 1892 	1426 	1429
f 1433 	1892 	1429
f 1884 	1600 	1753
f 1795 	1794 	1918
f 1770 	1777 	1904
f 1895 	1903 	1139
f 1876 	1904 	1869
f 1390 	1417 	1913
f 1907 	1885 	1844
f 1885 	1886 	1844
f 1914 	1911 	1890
f 1910 	1926 	1542
f 1287 	1921 	1286
f 1869 	1904 	1584
f 1912 	2545 	1919
f 1912 	1906 	2545
f 1844 	2545 	1906
f 1907 	1844 	1906
f 1287 	1916 	1921
f 1913 	1845 	1783
f 1908 	2556 	1917
f 1923 	1805 	1920
f 1913 	1783 	1390
f 1783 	1898 	1390
f 1923 	1920 	1924
f 2186 	2181 	1904
f 1927 	1802 	1817
f 1859 	1872 	1895
f 1908 	1664 	1909
f 1457 	1700 	5853
f 1664 	1671 	1909
f 1929 	1171 	1928
f 1817 	1774 	1308
f 1915 	1930 	1465
f 1904 	1658 	1656
f 1864 	1902 	6364
f 1904 	1656 	1587
f 1686 	1906 	1912
f 1920 	1931 	1924
f 1812 	1465 	5878
f 1584 	1904 	1587
f 1774 	1763 	1308
f 1686 	1655 	1906
f 1326 	1927 	1423
f 1906 	1655 	1650
f 1184 	1929 	1916
f 1930 	1915 	5878
f 1933 	1326 	1459
f 1650 	1651 	1907
f 1824 	1823 	1933
f 1907 	1906 	1650
f 1563 	1932 	1974
f 1184 	1171 	1929
f 1853 	1562 	2124
f 5878 	1465 	1930
f 1885 	1907 	1651
f 1977 	1916 	1929
f 1927 	1817 	1423
f 1664 	1908 	1917
f 1326 	1933 	1927
f 1459 	1399 	1824
f 1977 	1929 	1928
f 1925 	1870 	1928
f 1895 	1872 	1903
f 1873 	1903 	1872
f 1903 	1873 	1925
f 1904 	1810 	1760
f 1909 	1671 	1919
f 1933 	1459 	1824
f 1671 	1719 	1919
f 1937 	1997 	1891
f 1542 	1926 	1953
f 1686 	1919 	1719
f 1761 	1904 	1760
f 1823 	1927 	1933
f 1918 	1936 	1914
f 1253 	1938 	1937
f 1749 	6000 	4564
f 1308 	1423 	1817
f 1936 	1923 	1924
f 1761 	1770 	1904
f 1752 	1917 	1976
f 1249 	1253 	1937
f 1904 	2256 	1803
f 1904 	1803 	1810
f 1447 	1904 	1777
f 1732 	1704 	1960
f 1936 	1924 	1914
f 1948 	1949 	1940
f 5975 	1732 	1960
f 1942 	1943 	1222
f 1261 	1222 	1943
f 1451 	1904 	1447
f 5975 	6000 	1732
f 1946 	1261 	1943
f 1922 	1932 	1561
f 1798 	1936 	1918
f 1235 	1238 	1950
f 1924 	1931 	1911
f 1812 	1704 	1462
f 1943 	1997 	1946
f 1951 	1450 	1952
f 1911 	1914 	1924
f 1571 	1570 	1922
f 1944 	1945 	1940
f 1950 	1938 	1235
f 1951 	1447 	1450
f 1997 	1937 	1938
f 1997 	1938 	1950
f 1946 	1997 	1950
f 1222 	1268 	1942
f 1947 	1940 	1945
f 1973 	1975 	2556
f 1956 	1957 	1418
f 1942 	1997 	1943
f 1542 	1953 	1570
f 1949 	1944 	1940
f 1570 	1953 	1922
f 1945 	1944 	1748
f 1893 	1918 	1914
f 1922 	1561 	1571
f 609 	1981 	658
f 658 	1957 	1956
f 658 	1956 	1961
f 658 	1961 	1951
f 1969 	658 	1952
f 1955 	1968 	1952
f 1951 	1952 	658
f 1743 	1971 	1947
f 1923 	1936 	1798
f 1750 	1948 	1753
f 1451 	1951 	1961
f 1798 	1805 	1923
f 1949 	1948 	1750
f 1970 	1958 	1266
f 1949 	1750 	1944
f 1794 	1798 	1918
f 1704 	1812 	1960
f 1773 	1963 	1854
f 1748 	1746 	1945
f 1286 	1921 	1966
f 1507 	658 	1969
f 2031 	1854 	1963
f 1966 	1921 	1977
f 5972 	1960 	1812
f 5972 	5974 	1960
f 1969 	1952 	1968
f 1970 	1966 	2077
f 1482 	1969 	1968
f 1971 	1972 	1940
f 1977 	2077 	1966
f 1563 	1964 	1586
f 1973 	2556 	1972
f 2556 	1940 	1972
f 1920 	1847 	2078
f 1266 	1267 	1970
f 1507 	1969 	1482
f 1975 	1976 	2556
f 1974 	2054 	1964
f 1905 	1935 	1967
f 1970 	1267 	1966
f 1942 	1962 	1997
f 1959 	2077 	1962
f 1958 	1970 	2077
f 1959 	1958 	2077
f 1716 	1745 	1881
f 1917 	2556 	1976
f 1941 	1939 	1128
f 2111 	1128 	1939
f 1741 	1971 	1743
f 1765 	1978 	1847
f 1741 	1972 	1971
f 1128 	1979 	1941
f 1972 	1741 	1973
f 2039 	2 	753
f 1978 	2078 	1847
f 1957 	658 	1981
f 1973 	1741 	1975
f 1997 	1962 	2077
f 1921 	1916 	1977
f 1977 	1871 	3237
f 1846 	3233 	1835
f 1741 	1742 	1975
f 1975 	1742 	1976
f 8507 	1954 	1982
f 1985 	826 	1407
f 1976 	1742 	1800
f 1982 	1954 	1979
f 1976 	1800 	1752
f 1985 	1407 	1989
f 2022 	1987 	1984
f 2556 	2558 	1940
f 1947 	1971 	1940
f 1985 	835 	826
f 1483 	1081 	1534
f 1989 	2021 	1985
f 1890 	1911 	2091
f 1992 	1986 	1983
f 1481 	1989 	1407
f 1731 	1940 	1994
f 1931 	2128 	2091
f 1989 	1488 	1996
f 1909 	2545 	1908
f 1919 	2545 	1909
f 2091 	1911 	1931
f 2079 	1990 	1999
f 1910 	1995 	1993
f 1488 	1989 	1481
f 1993 	1926 	1910
f 1980 	1992 	1983
f 1481 	1997 	1480
f 1988 	1978 	1765
f 2547 	1987 	2049
f 1638 	1995 	1910
f 1618 	1622 	1993
f 1995 	1618 	1993
f 2023 	1993 	1622
f 1992 	1980 	1935
f 2079 	1999 	2238
f 1931 	1920 	2128
f 1638 	1910 	1542
f 2000 	2070 	2058
f 1409 	1905 	1967
f 2001 	2003 	1818
f 1998 	1991 	2166
f 2070 	2000 	2645
f 1967 	1935 	1980
f 1506 	2006 	1479
f 1679 	2170 	1624
f 1479 	2006 	2001
f 1693 	2004 	2009
f 1934 	6432 	2119
f 1941 	1979 	1954
f 2008 	1707 	2011
f 2014 	254 	2013
f 2016 	2003 	2006
f 2013 	254 	2015
f 2017 	254 	2014
f 2018 	254 	2017
f 2058 	254 	2018
f 17 	2012 	254
f 2015 	254 	2012
f 2005 	713 	2010
f 2010 	713 	2011
f 713 	722 	2011
f 1985 	2021 	2007
f 1922 	2038 	2009
f 1721 	1707 	2008
f 1922 	1993 	2023
f 1698 	2019 	1702
f 2071 	2224 	2006
f 2014 	2013 	2022
f 2224 	2225 	2006
f 2023 	2038 	1922
f 1761 	1760 	2051
f 1506 	2071 	2006
f 2003 	2001 	2006
f 2020 	2025 	1934
f 1621 	2170 	1696
f 1953 	1993 	1922
f 2025 	2020 	6654
f 1993 	1953 	1926
f 2029 	2002 	2526
f 2017 	2014 	2022
f 1922 	2009 	2004
f 2024 	2018 	2017
f 2028 	2041 	2026
f 1934 	1843 	2020
f 2031 	1755 	1695
f 2049 	2015 	2012
f 1922 	2004 	2054
f 2049 	2013 	2015
f 2031 	1695 	1854
f 1989 	1996 	2021
f 2054 	1932 	1922
f 2021 	2029 	2007
f 2032 	2027 	2028
f 2033 	1513 	1492
f 2020 	1843 	1663
f 928 	2032 	2028
f 1996 	2029 	2021
f 1796 	707 	2068
f 1663 	1740 	2020
f 2026 	928 	2028
f 4859 	2020 	1740
f 2032 	851 	2027
f 2029 	2526 	2007
f 1737 	2028 	2027
f 2037 	2034 	1513
f 2032 	928 	955
f 1737 	2041 	2028
f 2039 	2049 	2012
f 851 	2032 	955
f 1737 	1702 	2041
f 1984 	2017 	2022
f 2041 	1702 	2019
f 1987 	2022 	2013
f 1984 	2024 	2017
f 1317 	2045 	1324
f 2039 	2012 	27
f 2051 	2057 	1761
f 1941 	1954 	2048
f 2062 	2043 	2046
f 1954 	8516 	2048
f 2055 	1777 	1770
f 2037 	2265 	2277
f 2048 	1939 	1941
f 2005 	1777 	2055
f 2049 	2039 	753
f 1339 	1324 	2045
f 2044 	2053 	2040
f 1770 	1761 	2055
f 2013 	2049 	1987
f 1688 	2054 	2004
f 1761 	2057 	2055
f 2018 	2000 	2058
f 2179 	2366 	2058
f 1088 	1110 	2050
f 2054 	1974 	1932
f 2037 	2277 	2034
f 1110 	2489 	2050
f 2045 	2052 	2056
f 1480 	2059 	2053
f 2055 	707 	2005
f 2051 	2060 	2057
f 2063 	2065 	2057
f 2045 	2064 	2052
f 2063 	2057 	2060
f 2064 	2066 	2052
f 1484 	2059 	1480
f 1734 	2088 	2069
f 2647 	2000 	2018
f 2199 	1939 	2061
f 2053 	2059 	2040
f 2056 	1339 	2045
f 2036 	2199 	9674
f 2055 	2057 	2065
f 2065 	2068 	2055
f 707 	2055 	2068
f 2061 	9674 	2199
f 2033 	1731 	1994
f 2064 	2045 	1317
f 2067 	2037 	1513
f 2067 	1513 	2033
f 234 	236 	254
f 1996 	2053 	2044
f 2036 	9674 	7438
f 2042 	2037 	2067
f 2054 	1965 	1964
f 2053 	1996 	1488
f 1317 	1575 	2064
f 2067 	2033 	1994
f 2061 	1939 	2048
f 2042 	2067 	1994
f 2053 	1488 	1480
f 2066 	1843 	2118
f 2060 	1803 	2063
f 2054 	2069 	1965
f 2062 	1722 	1965
f 2063 	1797 	2065
f 2069 	2054 	1734
f 2094 	2072 	2075
f 2098 	1881 	1745
f 2030 	2094 	2075
f 273 	848 	2047
f 2074 	2078 	1978
f 2059 	1484 	2077
f 1729 	1722 	2062
f 1575 	2066 	2064
f 2080 	2087 	2081
f 1531 	273 	2082
f 2082 	273 	2047
f 2070 	2179 	2058
f 2082 	2076 	1531
f 2062 	2046 	2084
f 2084 	1729 	2062
f 2083 	2087 	2080
f 2046 	1729 	2084
f 1724 	2043 	1733
f 2043 	2088 	1733
f 2086 	1786 	1850
f 2124 	1562 	1574
f 2821 	2813 	2075
f 3442 	2040 	2059
f 2089 	2090 	2072
f 1890 	2086 	1850
f 2088 	2043 	2062
f 1965 	2088 	2062
f 2077 	3442 	2059
f 2069 	2088 	1965
f 2091 	2086 	1890
f 2066 	1663 	1843
f 2207 	2072 	2090
f 2072 	2094 	2089
f 2490 	1647 	1455
f 2056 	2052 	2085
f 2339 	1559 	1879
f 2082 	2047 	2056
f 2029 	1996 	2044
f 2097 	2089 	2094
f 2080 	2081 	2095
f 2056 	2085 	2082
f 1879 	2509 	2339
f 2645 	2917 	2070
f 2078 	2128 	1920
f 2083 	2080 	2095
f 2224 	2095 	2081
f 1663 	2066 	1575
f 2095 	2224 	2071
f 2096 	2040 	2139
f 2044 	2040 	2096
f 1799 	3566 	1836
f 8539 	9406 	1998
f 1745 	2115 	2098
f 2002 	2044 	2096
f 8539 	2089 	2097
f 1881 	2098 	1988
f 2092 	2130 	2093
f 2101 	1492 	1501
f 2029 	2044 	2002
f 1986 	2099 	1983
f 2621 	1647 	2644
f 1986 	2100 	2099
f 2097 	2094 	2030
f 2098 	2074 	1978
f 2085 	2052 	2114
f 2114 	1894 	2085
f 8041 	8058 	2097
f 2082 	2085 	1894
f 2098 	1978 	1988
f 1789 	1838 	2116
f 2076 	1894 	1992
f 1986 	1894 	2100
f 250 	2106 	2112
f 245 	2121 	2106
f 2110 	2120 	2103
f 2107 	2036 	7459
f 2105 	3470 	3474
f 2106 	2104 	2112
f 2109 	1606 	1607
f 2115 	1745 	2050
f 2104 	1789 	2116
f 1827 	1789 	2104
f 2117 	2145 	2078
f 2118 	2119 	2100
f 1623 	2683 	2682
f 2109 	1611 	1606
f 1838 	2123 	2116
f 2114 	2118 	2100
f 1668 	2109 	1669
f 2099 	2100 	2119
f 2104 	2116 	2112
f 2125 	2073 	1627
f 2124 	1669 	2109
f 2074 	2117 	2078
f 2036 	2107 	2113
f 2105 	2073 	2125
f 2109 	1617 	1611
f 2114 	2100 	1894
f 2108 	2105 	2125
f 1667 	2109 	1668
f 2122 	2102 	2103
f 1667 	1617 	2109
f 2066 	2114 	2052
f 2066 	2118 	2114
f 2101 	2120 	2110
f 2098 	2117 	2074
f 2121 	2171 	1827
f 2122 	2103 	2252
f 2621 	1657 	1647
f 2155 	2132 	2128
f 2124 	1568 	1669
f 1234 	1260 	2113
f 2116 	2123 	2112
f 1574 	1568 	2124
f 2135 	2086 	2091
f 2113 	2107 	1234
f 257 	250 	2126
f 1501 	2120 	2101
f 2252 	1514 	2034
f 2107 	2129 	1234
f 2145 	2155 	2128
f 2078 	2145 	2128
f 2123 	2126 	250
f 1248 	1234 	2129
f 2129 	1247 	1248
f 2120 	1501 	1514
f 8 	2130 	13
f 13 	2092 	14
f 2106 	2121 	1827
f 2130 	2092 	13
f 2106 	1827 	2104
f 2135 	2091 	2132
f 2139 	2040 	3442
f 2093 	2130 	2141
f 2133 	2137 	2134
f 2142 	2144 	2143
f 2133 	2134 	2154
f 2148 	2115 	2050
f 2131 	2141 	2130
f 2138 	2087 	2083
f 2136 	2144 	2172
f 2146 	2147 	2131
f 2148 	2098 	2115
f 250 	2112 	2123
f 1838 	1839 	2123
f 2131 	2130 	8
f 2131 	8 	2146
f 2228 	2117 	2148
f 1839 	1836 	2123
f 2117 	2098 	2148
f 2153 	2150 	2200
f 2154 	2151 	1417
f 2153 	260 	2150
f 9202 	2156 	2083
f 2091 	2128 	2132
f 2156 	2138 	2083
f 729 	1796 	1797
f 831 	853 	1803
f 2159 	2156 	2140
f 2150 	2126 	2200
f 2156 	2159 	2138
f 8452 	8399 	2143
f 2158 	2192 	2307
f 87 	2162 	2127
f 1801 	729 	1797
f 2158 	2138 	2159
f 2205 	266 	2157
f 2145 	2271 	2155
f 2158 	2159 	2140
f 266 	5168 	2157
f 2164 	2162 	92
f 266 	2205 	271
f 1386 	1281 	2264
f 2163 	271 	2205
f 2154 	1417 	1434
f 2271 	2279 	2155
f 2162 	2241 	2127
f 2158 	9202 	5675
f 835 	2160 	1806
f 898 	1088 	1747
f 2162 	2164 	2241
f 2121 	2163 	2177
f 1434 	1348 	2154
f 2111 	1260 	1128
f 2102 	2168 	9196
f 1388 	2169 	1904
f 245 	271 	2163
f 2121 	245 	2163
f 1388 	1904 	1312
f 2189 	2019 	2170
f 2172 	2144 	2142
f 2168 	2174 	9196
f 2168 	2183 	2174
f 2167 	2090 	2089
f 2170 	1621 	1624
f 1998 	2166 	2167
f 7848 	2178 	2173
f 2170 	1698 	1699
f 2183 	662 	2165
f 2019 	1698 	2170
f 2174 	2183 	2165
f 2166 	1417 	2151
f 2177 	2205 	2597
f 1998 	2167 	2089
f 1696 	2170 	1699
f 2149 	2172 	2142
f 2188 	2170 	1680
f 2166 	1913 	1417
f 2275 	2180 	2185
f 1680 	2170 	1679
f 1251 	928 	2026
f 2206 	2183 	2168
f 2170 	2188 	2189
f 1845 	2166 	1665
f 2184 	2175 	2172
f 2187 	2126 	2123
f 2161 	2173 	2178
f 2172 	2182 	2184
f 2180 	2204 	2191
f 2182 	2172 	2149
f 2310 	2175 	2184
f 2041 	2189 	2026
f 2190 	2026 	2189
f 1386 	2281 	2282
f 2154 	2134 	2151
f 2154 	1348 	2133
f 2026 	2190 	1251
f 1845 	1913 	2166
f 2158 	687 	2324
f 2190 	2346 	2354
f 2169 	2176 	2281
f 2127 	2241 	2194
f 2191 	2185 	2180
f 2324 	2192 	2158
f 2354 	1251 	2190
f 662 	2183 	2318
f 2195 	2194 	2196
f 2179 	2267 	2197
f 662 	2318 	731
f 2198 	2193 	2222
f 2267 	2185 	2197
f 2199 	2113 	2111
f 2189 	2041 	2019
f 2148 	2050 	2202
f 2036 	2113 	2199
f 2197 	2185 	2405
f 2199 	2111 	1939
f 2198 	2222 	1660
f 2489 	2202 	2050
f 2270 	2181 	2186
f 2187 	2200 	2126
f 2194 	2195 	8362
f 2178 	7830 	7831
f 2191 	2405 	2185
f 2178 	7831 	2160
f 2148 	2202 	2203
f 2244 	2297 	2173
f 2999 	2204 	2991
f 2160 	2161 	2178
f 2485 	2203 	2202
f 2157 	5231 	2594
f 2183 	2206 	2201
f 2157 	2594 	2597
f 2597 	2205 	2157
f 2211 	275 	506
f 1904 	2208 	2256
f 1629 	275 	2211
f 1904 	2181 	2210
f 2163 	2205 	2177
f 1629 	2211 	1672
f 2072 	2213 	2075
f 2072 	2207 	2213
f 1904 	2210 	2208
f 506 	647 	2211
f 2215 	2214 	2496
f 648 	1786 	2211
f 2496 	2491 	2215
f 2914 	2915 	2217
f 1786 	2086 	2211
f 2173 	2161 	2214
f 647 	648 	2211
f 2915 	2916 	2217
f 2216 	2341 	2218
f 2151 	2134 	2207
f 2200 	5637 	5235
f 1904 	2169 	2186
f 2207 	2220 	2221
f 2200 	5235 	2153
f 2207 	2221 	2213
f 2960 	2217 	2981
f 2006 	2225 	2226
f 2217 	2962 	2981
f 2960 	2961 	2217
f 1388 	2227 	2176
f 2134 	2220 	2207
f 2213 	2221 	2235
f 2224 	2231 	2225
f 2958 	2217 	2961
f 2087 	2231 	2224
f 2247 	2173 	2214
f 2958 	2888 	2217
f 2237 	2135 	2132
f 2222 	2193 	2229
f 2169 	1388 	2176
f 2229 	2490 	2222
f 3142 	2217 	3141
f 2132 	2234 	2237
f 3142 	3145 	2217
f 2282 	2227 	2511
f 2231 	2240 	2225
f 2234 	2132 	2155
f 2235 	2220 	2134
f 2134 	2137 	2235
f 2227 	2282 	2176
f 2220 	2235 	2221
f 2135 	2211 	2086
f 2217 	2179 	2070
f 2081 	2087 	2224
f 2217 	2916 	2929
f 2087 	2216 	2218
f 2932 	2217 	2929
f 2267 	2179 	2217
f 2218 	2231 	2087
f 2232 	2233 	2302
f 2167 	2207 	2090
f 2166 	2207 	2167
f 2948 	2240 	2231
f 2211 	2135 	2237
f 2207 	2166 	2151
f 2241 	2164 	2242
f 2242 	2245 	2241
f 9384 	1538 	1991
f 2244 	2173 	2247
f 2246 	2148 	2203
f 2245 	2194 	2241
f 2636 	2745 	2238
f 2233 	2230 	2300
f 1538 	1665 	1991
f 2401 	2400 	2230
f 1665 	2166 	1991
f 2239 	2244 	2248
f 2401 	2233 	2232
f 2250 	2239 	2248
f 2245 	2810 	2811
f 2238 	812 	2636
f 2401 	2230 	2233
f 2117 	2255 	2145
f 2306 	2284 	2180
f 2245 	2196 	2194
f 2122 	2252 	2254
f 2276 	2306 	2180
f 2120 	1514 	2252
f 2245 	2778 	2196
f 2239 	2253 	2244
f 2103 	2120 	2252
f 2215 	2250 	2248
f 2248 	2244 	2247
f 2214 	2248 	2247
f 2261 	1325 	2257
f 2215 	2248 	2214
f 2117 	2228 	2255
f 2184 	2182 	2236
f 2257 	2263 	2261
f 2325 	2257 	1318
f 2267 	2344 	2185
f 2228 	2148 	2313
f 2344 	2275 	2185
f 2325 	2272 	2257
f 2313 	2255 	2228
f 2262 	2259 	2254
f 2262 	2254 	2252
f 2285 	2257 	2272
f 2310 	2184 	2209
f 6946 	3103 	2267
f 2236 	2209 	2184
f 2268 	2252 	2034
f 2148 	2246 	2313
f 2355 	2276 	2275
f 2034 	2277 	2268
f 2265 	2268 	2277
f 2275 	2276 	2180
f 2268 	2262 	2252
f 2155 	2279 	2234
f 2355 	2358 	2276
f 2232 	2302 	2272
f 2255 	2271 	2145
f 2278 	2229 	2193
f 2271 	2255 	2258
f 2249 	2273 	2398
f 2209 	2260 	2280
f 2280 	2310 	2209
f 2249 	2398 	2266
f 2289 	2271 	2258
f 1386 	2264 	2281
f 2293 	2122 	2254
f 2280 	2260 	2290
f 2292 	2295 	2284
f 2223 	2484 	2486
f 2279 	2271 	2321
f 2169 	2264 	2270
f 2260 	3875 	2290
f 2291 	2223 	2486
f 2289 	2258 	2313
f 2293 	2168 	2102
f 2281 	2264 	2169
f 2271 	2326 	2321
f 2263 	2257 	2285
f 2181 	2269 	2210
f 2287 	2291 	2285
f 2283 	2297 	2253
f 2284 	2295 	2180
f 2263 	2285 	2291
f 2293 	2102 	2122
f 2309 	2210 	2269
f 2271 	2289 	2326
f 2206 	2168 	2293
f 2296 	2206 	2293
f 2223 	2291 	2287
f 2296 	2201 	2206
f 92 	333 	2164
f 2356 	2284 	2298
f 2269 	2181 	2270
f 2255 	2313 	2258
f 2288 	2286 	2283
f 2186 	2169 	2270
f 2246 	2333 	2313
f 333 	2299 	2164
f 2293 	2254 	2259
f 2287 	2285 	2302
f 2300 	2287 	2302
f 344 	2299 	333
f 2297 	2244 	2253
f 2302 	2233 	2300
f 2281 	2176 	2282
f 2302 	2285 	2272
f 2234 	2303 	2237
f 2300 	2223 	2287
f 2234 	2308 	2303
f 2306 	2298 	2284
f 2138 	2158 	2307
f 2309 	2269 	1281
f 2173 	2297 	7901
f 1281 	2124 	2309
f 2306 	2356 	2298
f 2307 	2388 	2304
f 2315 	2280 	2305
f 2234 	2279 	2308
f 2307 	2304 	2341
f 2361 	2368 	2309
f 2307 	2341 	2216
f 2309 	2522 	2508
f 2307 	2087 	2138
f 2274 	2347 	2278
f 2307 	2216 	2087
f 2229 	2278 	2347
f 2263 	2479 	2261
f 2379 	2201 	2296
f 2263 	2291 	2479
f 2318 	2201 	2331
f 2356 	2355 	2284
f 2314 	2310 	2315
f 2522 	2309 	2381
f 2317 	7881 	2283
f 2175 	2310 	2314
f 2279 	2321 	2322
f 2201 	2318 	2183
f 2283 	2286 	2317
f 2294 	2251 	7665
f 2309 	2368 	2406
f 2306 	2276 	2358
f 2266 	7670 	2251
f 2272 	2320 	2232
f 2394 	2309 	2124
f 318 	71 	2323
f 2325 	1412 	2320
f 2124 	2330 	2394
f 1318 	1443 	2325
f 2325 	1443 	1412
f 2309 	2406 	2381
f 2136 	2172 	2323
f 2352 	3103 	2319
f 2324 	854 	852
f 2272 	2325 	2320
f 2292 	3334 	2295
f 2327 	2328 	2334
f 2323 	2175 	2314
f 2315 	2305 	2323
f 2329 	2328 	2327
f 2192 	2324 	2307
f 2314 	2315 	2323
f 2388 	2307 	2324
f 2175 	2323 	2172
f 2299 	2338 	2392
f 2322 	2308 	2279
f 344 	349 	2299
f 2330 	2093 	2141
f 2243 	3246 	2319
f 2345 	1744 	2323
f 2280 	2315 	2310
f 2282 	2511 	1386
f 2326 	2289 	2313
f 895 	2318 	2331
f 1483 	1534 	2332
f 2313 	2387 	2326
f 1412 	1483 	2332
f 2243 	3087 	3246
f 2332 	2320 	1412
f 2318 	877 	731
f 2313 	2333 	2387
f 2141 	2421 	2330
f 2273 	2249 	2337
f 877 	2318 	895
f 1177 	1202 	2337
f 2327 	2334 	7887
f 2320 	2332 	2232
f 2338 	334 	1754
f 2332 	1559 	2339
f 2316 	2317 	2286
f 2339 	2509 	2534
f 2309 	2399 	2361
f 2246 	2369 	2333
f 2372 	2340 	2350
f 2338 	2299 	349
f 2335 	2340 	2372
f 334 	2338 	349
f 2332 	2339 	2232
f 2347 	2334 	2884
f 2334 	2376 	2884
f 2189 	2360 	2190
f 2305 	2345 	2323
f 1241 	1245 	2346
f 2334 	2347 	2274
f 2344 	2267 	2352
f 2479 	1438 	1325
f 2305 	2407 	2345
f 3336 	3334 	2344
f 2352 	3336 	2344
f 1735 	1744 	2345
f 2354 	2346 	1245
f 2355 	2356 	2358
f 2350 	2357 	2372
f 2345 	4512 	1735
f 2350 	2348 	2357
f 1754 	4525 	2338
f 2356 	2306 	2358
f 2349 	2296 	2293
f 1231 	2273 	2337
f 2292 	2284 	2355
f 2292 	2355 	3334
f 2275 	3334 	2355
f 1202 	1231 	2337
f 2189 	2188 	2360
f 2352 	2319 	3336
f 2319 	3246 	3336
f 2349 	2293 	2259
f 2346 	2190 	2360
f 2359 	2346 	2360
f 2348 	2350 	2340
f 2371 	2341 	2304
f 2203 	2369 	2246
f 2341 	2371 	2342
f 2374 	254 	2366
f 2372 	6887 	2335
f 2288 	2283 	2253
f 2330 	2421 	2394
f 2365 	2386 	2366
f 2203 	2485 	2369
f 2328 	2376 	2334
f 3153 	2342 	2371
f 2377 	2253 	2239
f 2290 	2899 	2375
f 2402 	3153 	2371
f 2377 	2288 	2253
f 2363 	2375 	2899
f 2366 	2386 	2374
f 2378 	2370 	2430
f 254 	2058 	2366
f 2280 	2290 	2305
f 2377 	2444 	2288
f 2357 	1307 	1757
f 2377 	2239 	2364
f 2331 	2201 	2379
f 2376 	2328 	2353
f 2357 	2348 	1307
f 2378 	2367 	2382
f 1670 	2211 	6546
f 2245 	2242 	2385
f 2385 	2383 	2245
f 2361 	2394 	2421
f 2299 	2385 	2164
f 2384 	2361 	2421
f 2381 	2361 	2384
f 2242 	2164 	2385
f 2378 	2382 	2223
f 2299 	2392 	2385
f 2340 	2335 	2301
f 2376 	2353 	2884
f 2197 	2405 	2365
f 2379 	2296 	2349
f 2308 	2436 	2303
f 2371 	2304 	2388
f 2197 	2365 	2179
f 2388 	2324 	2393
f 2371 	2388 	2396
f 2382 	2484 	2223
f 2388 	2393 	2396
f 2362 	2482 	2367
f 3381 	2374 	2386
f 2394 	2361 	2399
f 2370 	2400 	2401
f 2309 	2394 	2399
f 2386 	2365 	3390
f 2316 	2390 	2317
f 2371 	2396 	2402
f 2288 	2429 	2286
f 2391 	2390 	2429
f 2429 	2316 	2286
f 2443 	2436 	2322
f 7670 	2266 	2398
f 2390 	2316 	2429
f 7725 	7670 	2398
f 2393 	2324 	852
f 2361 	2406 	2368
f 2413 	2404 	2403
f 2321 	2395 	2445
f 2361 	2381 	2406
f 852 	3292 	2393
f 2407 	2305 	2290
f 2410 	2395 	2321
f 2290 	2375 	2407
f 2308 	2322 	2436
f 2401 	2232 	2339
f 2321 	2326 	2410
f 2411 	1331 	1333
f 2387 	2395 	2410
f 2179 	2365 	2366
f 941 	950 	2438
f 2438 	956 	1331
f 2336 	906 	2438
f 2410 	2326 	2387
f 1333 	2419 	2411
f 2429 	2288 	2444
f 2339 	2567 	2401
f 2928 	2413 	2407
f 2391 	2429 	2397
f 2417 	2517 	2416
f 2418 	2523 	2417
f 627 	652 	2414
f 2378 	2400 	2370
f 2131 	2409 	2412
f 2378 	2420 	2400
f 2409 	2131 	2147
f 2300 	2230 	2420
f 2469 	2237 	2303
f 2431 	2407 	2413
f 2223 	2300 	2420
f 2403 	2428 	2413
f 2333 	2389 	2395
f 2419 	2349 	2343
f 652 	643 	2414
f 2421 	2380 	2381
f 2413 	2441 	2431
f 2230 	2400 	2420
f 2423 	2273 	1231
f 2223 	2420 	2378
f 2379 	2349 	2419
f 2450 	2333 	2369
f 2427 	2428 	2403
f 4826 	2428 	2427
f 1247 	2129 	2425
f 2379 	895 	2331
f 2384 	2421 	2381
f 2422 	2397 	2429
f 2735 	2427 	2732
f 2403 	2732 	2427
f 2414 	643 	2424
f 895 	2379 	1320
f 2424 	2416 	2414
f 1320 	2379 	1333
f 2430 	2426 	2446
f 2431 	2428 	4502
f 1333 	2379 	2419
f 1247 	2425 	2423
f 2395 	2387 	2333
f 2425 	2273 	2423
f 642 	1031 	646
f 646 	2562 	2434
f 2343 	2411 	2419
f 2431 	2345 	2407
f 2424 	2437 	2416
f 2425 	2415 	2273
f 2437 	2439 	2440
f 4502 	2345 	2431
f 2430 	2370 	2401
f 2409 	2147 	2435
f 2441 	2428 	2431
f 1331 	2411 	2438
f 1278 	2423 	1231
f 954 	1331 	956
f 2441 	2413 	2428
f 2433 	2432 	2440
f 1486 	1502 	2442
f 2343 	2438 	2411
f 2442 	1502 	1496
f 2445 	2443 	2322
f 2426 	1486 	2442
f 2446 	2426 	2442
f 3038 	2473 	2444
f 4767 	248 	1990
f 6139 	4767 	1990
f 2440 	2439 	2433
f 1495 	2362 	2442
f 2321 	2445 	2322
f 2439 	2434 	2433
f 2378 	2430 	2446
f 2446 	2367 	2378
f 2434 	2439 	645
f 2364 	2444 	2377
f 2450 	2455 	2395
f 645 	646 	2434
f 2442 	2362 	2446
f 2440 	2432 	2460
f 2446 	2362 	2367
f 645 	2424 	643
f 6139 	1990 	2079
f 2146 	2435 	2147
f 6136 	2435 	2146
f 2424 	645 	2439
f 1495 	1515 	2362
f 2424 	2439 	2437
f 330 	283 	2451
f 2450 	2395 	2389
f 2437 	2417 	2416
f 2455 	2445 	2395
f 2458 	2208 	2210
f 2451 	2462 	2477
f 2445 	2455 	7189
f 2460 	2432 	2464
f 2464 	2466 	2460
f 2477 	2462 	2461
f 2481 	2477 	2461
f 2450 	2369 	2373
f 2429 	2456 	2422
f 283 	2462 	2451
f 3038 	2471 	2473
f 2433 	2568 	2432
f 2460 	2466 	2459
f 2467 	2227 	1387
f 1388 	1387 	2227
f 2436 	2469 	2303
f 2466 	2475 	2459
f 2389 	2333 	2450
f 2429 	2444 	2473
f 2471 	2463 	2456
f 2227 	2467 	2511
f 2477 	2476 	2449
f 2450 	2373 	7028
f 2593 	2448 	2470
f 2459 	2440 	2460
f 2450 	7028 	7130
f 2471 	3068 	2463
f 2474 	2480 	2478
f 2456 	2429 	2473
f 2473 	2471 	2456
f 2440 	2459 	2437
f 2362 	1515 	2482
f 2309 	2458 	2210
f 2382 	2367 	2484
f 1297 	2485 	1263
f 2417 	2437 	2459
f 2482 	2484 	2367
f 1300 	2485 	1297
f 2638 	2503 	2458
f 2459 	2418 	2417
f 2481 	1818 	2003
f 2480 	2301 	2312
f 2475 	2418 	2459
f 1263 	2485 	1262
f 2256 	2208 	2458
f 2451 	2477 	2449
f 2489 	1110 	1262
f 2480 	2452 	2453
f 2492 	2373 	2369
f 2238 	2745 	2495
f 2496 	1985 	2007
f 2161 	2160 	2496
f 2499 	2487 	2498
f 1300 	2492 	2485
f 2480 	2453 	2408
f 2496 	2160 	1985
f 2485 	2489 	1262
f 2501 	2498 	2487
f 2369 	2485 	2492
f 2452 	2480 	2474
f 2214 	2161 	2496
f 1300 	1299 	2373
f 2510 	2498 	2501
f 2238 	2495 	2079
f 2373 	2492 	1300
f 2472 	2474 	2468
f 2491 	2496 	2007
f 2202 	2489 	2485
f 2238 	825 	812
f 2486 	2479 	2291
f 2488 	2501 	2487
f 2478 	2468 	2474
f 2494 	2497 	2514
f 2479 	1325 	2261
f 2478 	2465 	2468
f 2458 	2503 	2256
f 2311 	2465 	2478
f 2503 	1803 	2256
f 2487 	2504 	2488
f 2487 	2499 	2504
f 2517 	2504 	2499
f 2480 	2311 	2478
f 1803 	2503 	831
f 2480 	2340 	2301
f 2505 	2506 	2507
f 2480 	2312 	2311
f 2509 	2171 	2539
f 2705 	2452 	2474
f 761 	2498 	2510
f 1827 	2171 	2509
f 2833 	2586 	2497
f 2505 	3101 	2506
f 2507 	2502 	2505
f 2511 	1379 	1386
f 386 	2513 	394
f 2519 	2504 	2517
f 2586 	491 	2514
f 2498 	2416 	2499
f 2514 	491 	398
f 2416 	2498 	2414
f 2539 	2171 	2121
f 2515 	1307 	2348
f 2458 	2309 	2508
f 1423 	2515 	1444
f 1423 	1308 	2515
f 2514 	398 	2513
f 1307 	2515 	1308
f 2512 	2002 	2096
f 2514 	2513 	2494
f 2515 	1378 	1444
f 2711 	2508 	2522
f 2517 	2521 	2519
f 2625 	2512 	2524
f 2515 	2520 	1378
f 2517 	2523 	2521
f 2340 	2480 	2408
f 2096 	2524 	2512
f 2505 	3238 	3180
f 2513 	398 	394
f 2348 	2340 	2527
f 2449 	373 	2451
f 2544 	2491 	2526
f 2340 	2408 	2527
f 2522 	2380 	2421
f 2504 	2519 	1984
f 2544 	2512 	2548
f 2381 	2380 	2522
f 2408 	2453 	2520
f 2522 	2421 	2525
f 2141 	2530 	2421
f 2647 	2521 	2523
f 2544 	2526 	2512
f 2520 	2527 	2408
f 2531 	2532 	2533
f 2530 	2525 	2421
f 2527 	2520 	2515
f 2002 	2512 	2526
f 386 	2494 	2513
f 2647 	2018 	2521
f 2532 	2502 	2516
f 2527 	2515 	2348
f 2491 	2007 	2526
f 2535 	2536 	2537
f 2499 	2416 	2517
f 2538 	2449 	2476
f 2539 	2534 	2509
f 2517 	2417 	2523
f 2529 	373 	2449
f 2530 	2131 	2412
f 2141 	2131 	2530
f 1984 	2488 	2504
f 2339 	2534 	2567
f 2538 	2529 	2449
f 2488 	1987 	2501
f 2536 	2535 	2540
f 2533 	2532 	2516
f 2519 	2521 	2024
f 2476 	2777 	2538
f 2177 	2539 	2121
f 1459 	1326 	2540
f 1987 	2488 	1984
f 2024 	1984 	2519
f 2500 	2493 	2606
f 452 	453 	2545
f 2547 	2501 	1987
f 453 	2553 	2545
f 2547 	753 	761
f 2531 	2533 	3466
f 2545 	9944 	452
f 2556 	1908 	2545
f 2543 	2530 	2412
f 1459 	2551 	1399
f 2409 	2543 	2412
f 2491 	2544 	2552
f 2641 	2550 	2642
f 753 	2547 	2049
f 2548 	2552 	2544
f 2532 	2554 	2502
f 2024 	2521 	2018
f 2582 	2554 	2532
f 2535 	2551 	2540
f 2547 	2510 	2501
f 2502 	2554 	2505
f 2642 	2550 	2549
f 1459 	2540 	2551
f 2607 	2493 	2549
f 2554 	3238 	2505
f 2550 	2607 	2549
f 2547 	761 	2510
f 2548 	2555 	2552
f 2557 	2577 	2556
f 1994 	1940 	2558
f 2545 	2553 	2556
f 761 	627 	2414
f 2498 	761 	2414
f 2554 	3245 	3238
f 1031 	2561 	2562
f 2552 	2250 	2215
f 2518 	2500 	2610
f 2520 	2537 	1378
f 2611 	2610 	2500
f 2500 	2606 	2611
f 2520 	2453 	2537
f 2564 	2187 	2546
f 2552 	2215 	2491
f 1378 	2537 	2536
f 2557 	2556 	2563
f 1647 	2490 	2229
f 2528 	2605 	2607
f 2556 	2553 	2563
f 2597 	2567 	2177
f 2534 	2571 	2567
f 2610 	2754 	2518
f 2644 	1647 	2229
f 2567 	2571 	2539
f 2571 	2534 	2539
f 2572 	2566 	2574
f 2539 	2177 	2567
f 2229 	2541 	2644
f 2580 	2563 	2553
f 1387 	2570 	2467
f 2605 	2528 	2454
f 2574 	2566 	2575
f 1994 	2558 	2563
f 2558 	2556 	2577
f 2575 	2566 	2569
f 2558 	2577 	2563
f 2563 	2577 	2557
f 2562 	646 	1031
f 2568 	2433 	2562
f 5016 	2566 	3635
f 2434 	2562 	2433
f 2579 	453 	511
f 2553 	453 	2579
f 2565 	2432 	2568
f 2576 	2564 	2542
f 2550 	2528 	2607
f 2553 	2579 	2580
f 2572 	2574 	2581
f 2574 	2575 	2581
f 2581 	2575 	2569
f 2582 	2532 	2531
f 2542 	2564 	3722
f 2572 	2582 	2531
f 3722 	2564 	2546
f 2531 	2566 	2572
f 2555 	2585 	2250
f 2531 	3466 	3635
f 2415 	2425 	7451
f 2585 	2239 	2250
f 2514 	2497 	2586
f 2531 	3635 	2566
f 2581 	2582 	2572
f 2425 	2129 	2107
f 491 	2591 	497
f 2555 	2250 	2552
f 2401 	2594 	5556
f 2595 	2403 	2593
f 2585 	2364 	2239
f 491 	2586 	2591
f 2596 	2403 	2595
f 2586 	2838 	2591
f 2732 	2403 	2596
f 2833 	2838 	2586
f 2454 	2448 	2590
f 2594 	2401 	2597
f 2448 	2593 	2590
f 2587 	2589 	2603
f 2593 	2470 	2595
f 2470 	2483 	2595
f 2598 	2601 	2602
f 2600 	3992 	2602
f 2595 	2483 	2447
f 2003 	2016 	2481
f 2585 	2555 	2779
f 2595 	2447 	2596
f 2481 	2016 	2670
f 2599 	2604 	2587
f 2585 	2779 	2584
f 2607 	2404 	2606
f 2614 	2942 	2609
f 2578 	2229 	2347
f 2603 	2589 	2592
f 2612 	2614 	2609
f 2613 	2614 	2612
f 2404 	3005 	2606
f 2403 	2404 	2605
f 2605 	2590 	2403
f 2607 	2605 	2404
f 2593 	2403 	2590
f 2588 	1125 	3420
f 1437 	3420 	1136
f 2603 	3420 	2587
f 2611 	2606 	3005
f 3992 	2614 	2598
f 1125 	1127 	3420
f 1427 	3420 	1437
f 2605 	2454 	2590
f 2475 	2615 	2418
f 2602 	2601 	2612
f 2613 	2612 	2601
f 2609 	2600 	2612
f 2602 	2612 	2600
f 2229 	2578 	2541
f 2777 	2476 	2658
f 2475 	2620 	2615
f 2347 	2739 	2578
f 2606 	2493 	2607
f 2464 	2616 	2466
f 2581 	2617 	2582
f 2559 	2583 	2688
f 2598 	2614 	2617
f 3758 	2617 	2614
f 2476 	2477 	2658
f 2475 	2466 	2620
f 2466 	2626 	2619
f 2624 	2598 	2627
f 2576 	2629 	2564
f 2447 	2483 	2633
f 2619 	2618 	2620
f 2674 	2629 	2576
f 2633 	2470 	2448
f 2524 	2096 	2625
f 2448 	2454 	2633
f 2466 	2619 	2620
f 2635 	2497 	2494
f 2630 	2617 	2631
f 2634 	2617 	2632
f 2137 	2133 	2628
f 2601 	2598 	2623
f 2622 	2623 	2598
f 2598 	2617 	2627
f 2622 	2598 	2624
f 2630 	2627 	2617
f 2634 	2631 	2617
f 2887 	2650 	2615
f 2564 	2629 	2187
f 2597 	2401 	2567
f 2528 	2633 	2454
f 2616 	2626 	2466
f 2528 	2550 	2633
f 2665 	2668 	2616
f 2616 	2464 	2665
f 2432 	2565 	2464
f 2453 	2648 	2537
f 2453 	2452 	2648
f 2643 	2735 	2633
f 2633 	2550 	2643
f 2666 	3730 	2687
f 2470 	2633 	2483
f 2537 	2704 	2646
f 7692 	7687 	2636
f 2635 	2494 	2639
f 2550 	2641 	2643
f 2000 	2647 	2645
f 2649 	2639 	2494
f 2651 	2640 	2200
f 2452 	2705 	2648
f 2654 	2647 	2523
f 3730 	2677 	2674
f 2648 	2704 	2537
f 2655 	2657 	2802
f 386 	2649 	2494
f 2645 	2654 	2650
f 2638 	2458 	2508
f 2187 	2629 	2651
f 2645 	2647 	2654
f 2632 	2617 	2656
f 2617 	2657 	2656
f 2200 	2187 	2651
f 2418 	2615 	2654
f 2644 	2578 	2739
f 2523 	2418 	2654
f 2541 	2578 	2644
f 2641 	2740 	2643
f 2735 	2643 	2740
f 5637 	2200 	2640
f 2625 	2548 	2512
f 2642 	2675 	2742
f 2652 	2600 	2764
f 2666 	2640 	3730
f 2608 	2691 	2663
f 2667 	1379 	2661
f 2599 	3420 	2664
f 2587 	3420 	2599
f 2688 	2583 	2638
f 2664 	3420 	2662
f 2477 	2481 	2670
f 2663 	2628 	2659
f 2662 	3420 	3055
f 2742 	2740 	2642
f 1379 	2671 	2673
f 2108 	2669 	2105
f 2626 	2616 	2668
f 2665 	2464 	2565
f 2669 	2108 	2637
f 2755 	2672 	2679
f 2670 	2658 	2477
f 2651 	2677 	2640
f 2679 	2681 	2659
f 2667 	2671 	1379
f 2630 	2631 	2734
f 2677 	2651 	2629
f 2608 	2663 	2681
f 2667 	2573 	2671
f 2561 	2680 	2562
f 2674 	2677 	2629
f 2568 	2718 	2565
f 2716 	2665 	2565
f 2759 	2637 	2686
f 2681 	2663 	2659
f 2573 	2667 	2661
f 2660 	2573 	2661
f 2637 	2108 	2125
f 2663 	2137 	2628
f 2493 	2642 	2549
f 2690 	2833 	2497
f 2666 	2687 	2689
f 2637 	2125 	2686
f 2635 	2690 	2497
f 2125 	1633 	2682
f 2766 	2632 	2656
f 2686 	2125 	2682
f 2687 	2692 	2689
f 2493 	2500 	2642
f 1125 	2588 	6118
f 2690 	2635 	2639
f 2768 	2657 	2655
f 2500 	2675 	2642
f 2686 	2683 	2722
f 2500 	2676 	2675
f 2006 	2226 	2694
f 2573 	2560 	2671
f 2691 	2854 	2235
f 2686 	2722 	2759
f 2576 	3730 	2674
f 2691 	2235 	2137
f 2683 	2686 	2682
f 2694 	2016 	2006
f 2621 	2721 	2685
f 2693 	6118 	2588
f 2691 	2137 	2663
f 2694 	2707 	2016
f 1653 	2685 	2683
f 2660 	2511 	2467
f 2660 	1379 	2511
f 3904 	2802 	2581
f 2698 	2681 	2679
f 2587 	2604 	2693
f 2617 	2802 	2657
f 2589 	2587 	2693
f 2560 	2559 	2671
f 2748 	2693 	2604
f 2559 	2688 	2673
f 2600 	2609 	2764
f 2592 	2589 	2693
f 2673 	2671 	2559
f 2570 	2660 	2467
f 2700 	2699 	2555
f 2622 	2729 	2623
f 2676 	2500 	2678
f 2570 	2573 	2660
f 2693 	2588 	2592
f 2706 	2684 	2518
f 2555 	2708 	2700
f 2518 	2754 	2706
f 2707 	2670 	2016
f 2500 	2518 	2684
f 2708 	2555 	2625
f 5783 	2695 	2703
f 2500 	2684 	2710
f 2474 	2472 	2705
f 2548 	2625 	2555
f 2704 	2648 	2705
f 2696 	2479 	2697
f 2758 	2658 	2670
f 2625 	2096 	2708
f 2479 	2696 	2351
f 2678 	2500 	2712
f 2772 	2697 	2714
f 1031 	1027 	2730
f 2712 	2500 	2713
f 2758 	2761 	2658
f 2703 	2695 	2714
f 2096 	2139 	2700
f 2638 	2711 	2688
f 2500 	2715 	2713
f 2139 	2152 	2700
f 2711 	2638 	2508
f 2715 	2500 	2710
f 2622 	2746 	2729
f 2700 	2708 	2096
f 2649 	2733 	2639
f 2565 	2718 	2716
f 2714 	2697 	2479
f 2525 	2709 	2522
f 2746 	2622 	2624
f 2530 	2717 	2525
f 2634 	2736 	2631
f 2733 	2702 	2639
f 5783 	2703 	2714
f 2715 	2710 	2752
f 2733 	2649 	2761
f 7658 	2711 	2522
f 6216 	2716 	2718
f 2768 	2655 	2653
f 5596 	2714 	2479
f 2709 	7658 	2522
f 2710 	2684 	2752
f 2704 	2719 	2672
f 2704 	2701 	2719
f 2704 	2672 	2646
f 2702 	2749 	2639
f 7666 	2717 	2543
f 2766 	2656 	2657
f 2713 	2756 	2712
f 2721 	2722 	2685
f 2685 	2722 	2683
f 6196 	2718 	2568
f 2733 	2724 	2702
f 2543 	2717 	2530
f 1271 	2723 	1270
f 2717 	2709 	2525
f 2613 	2601 	2623
f 2720 	2698 	2719
f 7699 	2709 	2717
f 1305 	1270 	2723
f 2723 	1306 	1305
f 2698 	2679 	2719
f 2644 	2727 	2621
f 2730 	2561 	1031
f 2679 	2672 	2719
f 2727 	2721 	2621
f 2730 	1027 	2726
f 2719 	2701 	2720
f 2736 	3758 	2734
f 3845 	1306 	2723
f 2742 	2427 	2740
f 2427 	2742 	2743
f 2735 	2740 	2427
f 2644 	2739 	2727
f 2744 	2681 	2698
f 2727 	2972 	2721
f 3758 	2736 	2738
f 2972 	2722 	2721
f 2447 	2633 	2732
f 2614 	2728 	2729
f 2746 	2614 	2729
f 2613 	2728 	2614
f 2745 	2741 	6417
f 2732 	2633 	2735
f 2747 	2614 	2746
f 2731 	2614 	2747
f 2734 	2614 	2731
f 3758 	2614 	2734
f 2728 	2623 	2729
f 2702 	2724 	2749
f 2624 	2627 	2731
f 2351 	2750 	3975
f 2742 	2675 	2743
f 2743 	2675 	2676
f 2743 	2676 	2737
f 2630 	2734 	2731
f 2749 	2690 	2639
f 2732 	2596 	2447
f 2608 	2681 	2744
f 2641 	2642 	2740
f 2731 	2627 	2630
f 6381 	6399 	1127
f 2678 	2737 	2676
f 2631 	2736 	2734
f 2770 	2781 	2669
f 2751 	2409 	2435
f 2748 	6116 	2693
f 2634 	2738 	2736
f 2751 	2543 	2409
f 2738 	2634 	2632
f 6118 	2693 	6116
f 2766 	2738 	2632
f 7666 	2543 	2751
f 2351 	2776 	2750
f 4646 	4623 	2756
f 2646 	2535 	2537
f 2757 	4646 	2756
f 2672 	2760 	2646
f 2535 	2646 	2760
f 2875 	2761 	2758
f 2746 	2624 	2747
f 2752 	5164 	2757
f 2737 	2756 	4623
f 2730 	2680 	2561
f 2659 	2628 	1345
f 3048 	5164 	2754
f 2754 	2610 	3048
f 2623 	2728 	2613
f 3005 	3048 	2610
f 2670 	2881 	2758
f 6415 	2495 	6417
f 2624 	2731 	2747
f 2628 	2133 	1348
f 2753 	2752 	2684
f 1345 	2628 	1348
f 2754 	2753 	2706
f 2765 	2695 	6480
f 2495 	2745 	6417
f 2891 	2881 	2670
f 2722 	2763 	2759
f 2672 	2755 	2760
f 2678 	2712 	2756
f 2759 	2763 	2770
f 2551 	2535 	2760
f 2757 	2756 	2713
f 2755 	2551 	2760
f 2757 	2713 	2715
f 2765 	2865 	2762
f 6196 	2562 	2680
f 2768 	3758 	2766
f 2766 	3758 	2738
f 2755 	2659 	1345
f 2737 	2678 	2756
f 2770 	2669 	2637
f 2679 	2659 	2755
f 2770 	2637 	2759
f 2733 	2761 	2875
f 2715 	2752 	2757
f 6204 	2748 	2771
f 2706 	2753 	2684
f 2748 	2604 	2771
f 2769 	2768 	2653
f 2404 	3006 	3005
f 2413 	3012 	2404
f 2772 	2696 	2697
f 2752 	2753 	5164
f 2753 	2754 	5164
f 2610 	2611 	3005
f 2766 	2657 	2768
f 2718 	6196 	6216
f 2776 	2835 	2750
f 2529 	2649 	386
f 3006 	2404 	3012
f 2529 	2538 	2649
f 2773 	2696 	2772
f 2778 	2195 	2196
f 5362 	3780 	2769
f 2555 	2699 	2779
f 2761 	2777 	2658
f 2772 	2762 	2773
f 2762 	2772 	2714
f 2538 	2777 	2761
f 2714 	2765 	2762
f 2614 	2783 	2942
f 2764 	2609 	2942
f 2943 	2898 	2942
f 2538 	2761 	2649
f 2771 	2604 	6338
f 2604 	2599 	6338
f 2780 	2782 	3990
f 2782 	2783 	3990
f 2614 	3990 	2783
f 2714 	2695 	2765
f 2351 	2696 	2776
f 2778 	2791 	2788
f 2696 	2773 	2776
f 2786 	3992 	2785
f 2598 	2602 	3992
f 2826 	2824 	2803
f 2652 	2803 	2824
f 2770 	2763 	2781
f 2790 	3992 	2786
f 2790 	2855 	3992
f 2795 	2788 	2791
f 2614 	3992 	3990
f 2786 	2785 	2783
f 2814 	2792 	3008
f 2195 	2788 	2795
f 2785 	2824 	2942
f 2592 	2588 	3420
f 2603 	2592 	3420
f 2563 	2580 	2792
f 2786 	2783 	2782
f 2580 	3532 	2792
f 2783 	2785 	2942
f 2812 	2791 	2778
f 2786 	2782 	2780
f 2786 	2780 	2790
f 2798 	2799 	2800
f 2617 	2581 	2802
f 2763 	2722 	2801
f 2563 	2792 	2814
f 2795 	2219 	2195
f 2795 	2784 	2219
f 2788 	2195 	2778
f 2815 	2042 	1994
f 2825 	2826 	2803
f 2810 	2245 	2862
f 2797 	2787 	2037
f 2804 	2825 	2803
f 2653 	2802 	2805
f 2807 	2805 	2802
f 2653 	2655 	2802
f 2820 	2796 	2789
f 2781 	2763 	2819
f 2765 	6542 	2865
f 2075 	2813 	2030
f 2042 	2797 	2037
f 2839 	2842 	2807
f 2802 	2839 	2807
f 2808 	2827 	2804
f 2806 	2819 	2801
f 2813 	2774 	8553
f 2814 	2787 	2797
f 2769 	2653 	2805
f 2797 	2042 	2814
f 2813 	2822 	2774
f 2042 	2815 	2814
f 2778 	2817 	2812
f 5155 	2798 	2816
f 2807 	2808 	2901
f 2563 	2814 	2815
f 2773 	2835 	2776
f 2817 	2811 	2812
f 2895 	2808 	2804
f 2245 	2817 	2778
f 2800 	2816 	2798
f 2245 	2811 	2817
f 2805 	2900 	2769
f 2815 	1994 	2563
f 2821 	2822 	2813
f 7569 	2794 	4018
f 3362 	2799 	2798
f 2785 	3992 	2652
f 2819 	2806 	2998
f 2600 	2652 	3992
f 2832 	2796 	2820
f 2824 	2785 	2652
f 2793 	2774 	2822
f 2763 	2801 	2819
f 9684 	2775 	2820
f 2825 	2804 	2827
f 2580 	2579 	3532
f 2828 	2830 	3260
f 3539 	3532 	2579
f 9684 	2820 	2789
f 2775 	2946 	2832
f 2831 	2822 	2821
f 2828 	2823 	2830
f 2820 	2775 	2832
f 2798 	1661 	1642
f 1642 	445 	2798
f 2075 	2831 	2821
f 2823 	3891 	2830
f 2809 	2831 	9738
f 2822 	2831 	9806
f 2812 	2828 	2791
f 2739 	2836 	2727
f 1424 	1468 	3420
f 2837 	2802 	2840
f 2843 	2844 	2845
f 2837 	2839 	2802
f 2808 	2807 	2842
f 2827 	2808 	2842
f 7551 	2835 	2773
f 9806 	2793 	2822
f 2828 	3260 	2791
f 2853 	2844 	2843
f 2809 	9806 	2831
f 2841 	2848 	2838
f 2750 	2835 	2834
f 2812 	2811 	2828
f 2152 	3493 	4257
f 2810 	2823 	2828
f 2750 	2834 	2829
f 2841 	2838 	2833
f 2810 	2828 	2811
f 2799 	2861 	2800
f 2853 	2800 	2861
f 4004 	3992 	2855
f 2851 	2584 	2779
f 2847 	2851 	2779
f 2831 	2213 	2854
f 2290 	3875 	3876
f 2854 	2213 	2235
f 2847 	4277 	2851
f 3875 	2260 	3268
f 2225 	2240 	2891
f 2762 	2886 	7551
f 2847 	2699 	2867
f 2845 	2844 	3420
f 7551 	2773 	2762
f 2213 	2831 	2075
f 2699 	2700 	2867
f 2968 	2840 	2856
f 9721 	9726 	2902
f 2699 	2847 	2779
f 2225 	2891 	2226
f 2886 	2762 	2864
f 2861 	2844 	2853
f 2866 	2973 	2767
f 2762 	2865 	2864
f 2800 	2853 	2816
f 4257 	2867 	2152
f 2767 	2869 	2866
f 2700 	2152 	2867
f 2870 	2245 	2383
f 2860 	2863 	2859
f 2847 	2867 	2846
f 2383 	2385 	2870
f 2853 	2843 	2871
f 2865 	6542 	7779
f 2245 	2872 	2862
f 5402 	2871 	2843
f 2873 	2866 	2869
f 2944 	2826 	2825
f 2819 	4288 	2781
f 2912 	2907 	2733
f 2853 	2871 	2816
f 2859 	2863 	2874
f 1764 	2849 	2845
f 2912 	2733 	2875
f 3420 	1751 	2845
f 2245 	2870 	2872
f 2877 	2880 	2879
f 2877 	2879 	2868
f 2857 	2852 	2963
f 2883 	2885 	2882
f 2877 	2882 	2885
f 2880 	2877 	2885
f 2758 	2881 	2875
f 2872 	2982 	3053
f 2873 	2876 	2866
f 2798 	445 	2374
f 2364 	2585 	2584
f 2865 	2886 	2864
f 2891 	2240 	2925
f 2963 	2858 	2857
f 1127 	1125 	6381
f 2739 	2347 	2884
f 7778 	2865 	7779
f 2887 	2615 	2620
f 2884 	2836 	2739
f 2618 	2887 	2620
f 2891 	2694 	2226
f 4021 	2802 	3904
f 2865 	7778 	2886
f 2858 	2856 	4021
f 2856 	2840 	2802
f 2891 	2922 	2881
f 2890 	2618 	2619
f 2897 	2887 	2618
f 2764 	2942 	2898
f 2290 	3876 	2899
f 2943 	2944 	2896
f 2943 	2896 	2898
f 2618 	2890 	2897
f 2900 	5362 	2769
f 2925 	2922 	2891
f 2873 	9721 	2902
f 2903 	2878 	2876
f 2895 	2945 	2901
f 2901 	2950 	2900
f 2889 	2890 	2626
f 2891 	2707 	2694
f 2895 	2803 	2896
f 2903 	2876 	2873
f 2895 	2804 	2803
f 2978 	2878 	2903
f 2889 	3071 	2890
f 2805 	2807 	2900
f 2891 	2670 	2707
f 2890 	2619 	2626
f 2899 	2904 	2909
f 2873 	2902 	2903
f 3876 	2904 	2899
f 2652 	2764 	2898
f 3064 	3285 	2889
f 2898 	2803 	2652
f 2884 	2893 	2836
f 2905 	2818 	2892
f 2803 	2898 	2896
f 2905 	2892 	7792
f 2901 	2900 	2807
f 2901 	2808 	2895
f 2884 	2353 	2893
f 2353 	2910 	2893
f 2906 	2907 	2912
f 2767 	2973 	2908
f 2906 	2724 	2733
f 2967 	4004 	2855
f 2906 	2733 	2907
f 2645 	2913 	2917
f 2899 	2909 	2363
f 2914 	3026 	2915
f 2916 	2915 	3037
f 2905 	7854 	6872
f 3020 	2916 	3037
f 2937 	2934 	2922
f 2922 	2912 	2881
f 2875 	2881 	2912
f 2911 	2905 	6872
f 2937 	2922 	2925
f 2924 	2914 	2217
f 2217 	2888 	2924
f 2920 	2832 	2949
f 2913 	3109 	2917
f 2363 	2926 	2928
f 2920 	2949 	2921
f 2840 	2952 	2837
f 2968 	2856 	2858
f 2909 	2926 	2363
f 2363 	2928 	2375
f 2943 	2942 	2824
f 3043 	2918 	2917
f 2935 	2936 	2933
f 2826 	2944 	2824
f 3026 	2914 	2924
f 2941 	2650 	2887
f 2912 	2922 	2934
f 2931 	2921 	2949
f 2930 	2933 	2936
f 2654 	2615 	2650
f 2941 	2645 	2650
f 2645 	2941 	2913
f 3100 	2910 	2353
f 2945 	2895 	2944
f 2929 	3021 	2932
f 2895 	2896 	2944
f 2925 	3013 	2937
f 2825 	2827 	2945
f 2909 	2940 	2926
f 2893 	2938 	2894
f 2925 	2948 	3013
f 2936 	2935 	3157
f 2939 	2956 	2938
f 2930 	2936 	3157
f 2943 	2824 	2944
f 3666 	3664 	2217
f 2928 	2407 	2375
f 2825 	2945 	2944
f 3100 	2939 	2938
f 2948 	2231 	2218
f 2953 	2945 	2842
f 2947 	2931 	2949
f 2240 	2948 	2925
f 2946 	2927 	2949
f 2947 	2949 	2927
f 2862 	2872 	3053
f 2910 	2938 	2893
f 3073 	3072 	2932
f 2938 	2954 	2894
f 2949 	2832 	2946
f 2952 	5362 	2951
f 2951 	2900 	2950
f 2950 	2901 	2953
f 2953 	2901 	2945
f 2837 	2950 	2839
f 2938 	2956 	2954
f 2951 	2950 	2837
f 2840 	2968 	2952
f 2823 	2810 	2959
f 2933 	2955 	3130
f 2939 	3110 	2956
f 2953 	2842 	2950
f 2839 	2950 	2842
f 2749 	2996 	3097
f 2951 	2837 	2952
f 2827 	2842 	2945
f 2956 	2980 	2954
f 2823 	2959 	3891
f 2956 	3116 	2980
f 2964 	2965 	2070
f 2968 	5362 	2952
f 3194 	3198 	2955
f 3110 	3116 	2956
f 3087 	2888 	2958
f 2954 	3010 	2894
f 2780 	3990 	2967
f 5362 	2900 	2951
f 3548 	776 	1182
f 2971 	5362 	2968
f 2974 	2964 	2070
f 2970 	2908 	2973
f 2965 	3141 	2217
f 2959 	2810 	2862
f 2933 	2976 	2935
f 2790 	2780 	2855
f 2967 	2855 	2780
f 2862 	3053 	2959
f 2217 	2070 	2965
f 2968 	2858 	2971
f 3157 	2935 	2976
f 2989 	2990 	2976
f 2971 	2858 	2963
f 2980 	2806 	2801
f 2906 	2969 	2724
f 4314 	2819 	2998
f 2385 	2392 	2870
f 2975 	2960 	2981
f 2919 	2070 	2918
f 2870 	2982 	2872
f 2070 	2917 	2918
f 2870 	2986 	2982
f 2984 	3025 	2265
f 2722 	2980 	2801
f 2989 	2988 	2990
f 2984 	2037 	2787
f 2980 	2992 	2954
f 2993 	2985 	2983
f 2984 	2265 	2037
f 2994 	2876 	2878
f 2981 	2962 	2966
f 2814 	2984 	2787
f 2976 	2933 	2989
f 2204 	2995 	2987
f 2994 	2878 	2978
f 2966 	2975 	2981
f 2933 	3130 	2989
f 2994 	2978 	2977
f 2204 	3004 	2995
f 2977 	2970 	2994
f 2973 	2994 	2970
f 2996 	3076 	3059
f 2972 	2980 	2722
f 2749 	2724 	2969
f 2217 	3127 	3132
f 3000 	2749 	2969
f 2993 	3001 	2997
f 3001 	3003 	2997
f 2749 	3000 	2996
f 3206 	3157 	2976
f 3002 	2998 	2806
f 2217 	3132 	2962
f 2204 	2999 	3004
f 3006 	3035 	3005
f 3002 	2923 	2998
f 2977 	3128 	2979
f 3007 	2926 	2940
f 2980 	3002 	2806
f 3007 	2928 	2926
f 2876 	2994 	2973
f 3010 	2727 	2836
f 2965 	2999 	2991
f 2985 	2993 	2997
f 2866 	2876 	2973
f 2893 	2894 	3010
f 3008 	3009 	2984
f 3010 	2836 	2893
f 2984 	2814 	3008
f 2992 	3010 	2954
f 2972 	3010 	2992
f 3275 	2983 	3273
f 2972 	2727 	3010
f 2832 	3011 	2796
f 3004 	3023 	2995
f 6969 	3737 	2319
f 2243 	2319 	3737
f 3007 	3006 	3012
f 3028 	2928 	3007
f 3028 	3007 	3012
f 3013 	2218 	2341
f 2832 	2920 	3011
f 3020 	3021 	2916
f 2992 	2980 	2972
f 2259 	2262 	3025
f 3016 	960 	858
f 2995 	3023 	2919
f 3016 	858 	849
f 3026 	2924 	3017
f 3012 	2413 	2928
f 960 	3016 	959
f 2915 	3026 	3031
f 2928 	3028 	3012
f 4150 	3019 	3027
f 2999 	2965 	2964
f 3032 	3033 	3018
f 3034 	3035 	3006
f 2974 	2999 	2964
f 3025 	3093 	3022
f 3018 	3033 	3019
f 2918 	2987 	2919
f 2919 	2987 	2995
f 3019 	3033 	3036
f 3022 	2259 	3025
f 3033 	3032 	3074
f 2268 	2265 	3025
f 2974 	3023 	3004
f 3006 	3007 	3042
f 2888 	3017 	2924
f 3025 	2262 	2268
f 3019 	3036 	3027
f 3013 	2948 	2218
f 3023 	2070 	2919
f 2999 	2974 	3004
f 3038 	2444 	2364
f 3038 	2364 	2584
f 3023 	2974 	2070
f 3041 	2983 	3032
f 2983 	2985 	3032
f 3044 	2471 	3038
f 3223 	3236 	2957
f 3007 	2940 	3045
f 3006 	3042 	3034
f 3097 	2996 	3040
f 3042 	3007 	3045
f 2916 	3021 	2929
f 3043 	3223 	2957
f 3068 	3044 	3024
f 3225 	2957 	3236
f 3032 	3018 	3041
f 2851 	3038 	2584
f 3034 	3042 	3035
f 2987 	3043 	2957
f 3024 	3044 	3038
f 3031 	3037 	2915
f 2912 	2934 	3047
f 3189 	3038 	4523
f 2987 	2957 	2204
f 3017 	3087 	2243
f 3057 	3049 	3048
f 3109 	3211 	2917
f 3090 	2923 	3002
f 2912 	3047 	2906
f 2987 	2918 	3043
f 3057 	3048 	3005
f 3014 	2990 	2988
f 3053 	3054 	2959
f 2243 	3026 	3017
f 3052 	3050 	3055
f 3040 	2996 	3056
f 3055 	3050 	2662
f 3056 	2996 	3059
f 3091 	2923 	3090
f 3058 	3011 	3149
f 3005 	3035 	3973
f 3059 	3060 	3056
f 3149 	3051 	9735
f 3014 	3039 	3375
f 2932 	3021 	3073
f 3005 	3973 	3057
f 3346 	3015 	3030
f 2982 	3067 	3053
f 3067 	3054 	3053
f 3064 	2889 	2668
f 2626 	2668 	2889
f 3071 	2889 	3285
f 3046 	3065 	2903
f 3040 	3056 	3174
f 3044 	3068 	2471
f 2903 	2902 	3046
f 3065 	2978 	2903
f 3036 	3074 	3027
f 3067 	3070 	3054
f 3036 	3033 	3074
f 3070 	3067 	2986
f 3074 	3032 	3544
f 2982 	2986 	3067
f 3014 	2988 	3084
f 3077 	2906 	3047
f 3078 	3069 	3015
f 3077 	3000 	2969
f 3032 	2985 	3544
f 3030 	3015 	3069
f 3910 	2959 	3054
f 2969 	2906 	3077
f 2243 	3021 	3020
f 3069 	3016 	3030
f 3995 	3070 	5207
f 3065 	9764 	9768
f 3100 	2353 	3066
f 3074 	3080 	3027
f 3026 	2243 	3031
f 2796 	3011 	3058
f 3080 	3074 	3081
f 3020 	3037 	2243
f 2897 	2890 	3075
f 3065 	3134 	2978
f 3037 	3031 	2243
f 3075 	2887 	2897
f 3059 	3077 	3047
f 3075 	3079 	2887
f 3737 	3021 	2243
f 3019 	3062 	3082
f 3039 	3078 	3015
f 3059 	3076 	3077
f 3074 	3082 	3062
f 3084 	3039 	3014
f 6969 	2319 	3103
f 3082 	3018 	3019
f 3078 	3039 	3084
f 9768 	2868 	3297
f 3077 	3076 	2996
f 3121 	2887 	3079
f 3077 	2996 	3000
f 3009 	3025 	2984
f 3002 	2980 	3090
f 3009 	3093 	3025
f 3092 	3075 	2890
f 3107 	3121 	3079
f 3062 	3081 	3074
f 3091 	3083 	2923
f 3017 	2888 	3087
f 3071 	3092 	2890
f 3169 	2923 	3083
f 3087 	2958 	3086
f 3074 	3544 	3082
f 3086 	2961 	3088
f 2960 	3088 	2961
f 3088 	2960 	2975
f 3086 	2958 	2961
f 3217 	3089 	3096
f 3040 	3174 	3099
f 3100 	2938 	2910
f 3218 	3029 	3089
f 2352 	2267 	3103
f 3241 	2874 	3029
f 3100 	3066 	3063
f 3051 	3096 	3089
f 2980 	3116 	3090
f 3097 	2690 	2749
f 3097 	3112 	2841
f 2841 	3112 	3113
f 2887 	3121 	3117
f 3111 	8551 	3105
f 3084 	3130 	3078
f 3112 	3099 	3113
f 2941 	2887 	3117
f 3106 	3079 	3075
f 2941 	3117 	2913
f 2833 	2690 	3097
f 2833 	3097 	2841
f 2502 	2507 	3111
f 3115 	3151 	3108
f 3101 	2505 	3180
f 3156 	3151 	3115
f 3117 	3121 	3889
f 2931 	3119 	3120
f 3122 	3115 	3118
f 3100 	3063 	2939
f 2848 	2841 	3113
f 3075 	3092 	3106
f 2939 	3063 	3061
f 3097 	3040 	3112
f 2795 	3122 	3123
f 2939 	3061 	3110
f 3107 	3079 	3106
f 3099 	3174 	3193
f 3117 	3183 	2913
f 3116 	3110 	5298
f 2990 	3206 	2976
f 2795 	3131 	3122
f 3122 	3118 	3123
f 3092 	3071 	3834
f 2931 	3120 	2921
f 3092 	3834 	3106
f 3061 	5298 	3110
f 2920 	2921 	3011
f 3123 	2784 	2795
f 3120 	3011 	2921
f 3099 	3112 	3040
f 2978 	3128 	2977
f 3134 	3128 	2978
f 3078 	3431 	3449
f 3109 	3183 	3098
f 3078 	3449 	3069
f 3134 	3065 	9768
f 3183 	3109 	2913
f 3127 	3126 	3255
f 3124 	3099 	3193
f 3129 	3091 	3090
f 2791 	3260 	3131
f 3859 	3113 	3099
f 3084 	2988 	3130
f 3131 	2795 	2791
f 2934 	3133 	3047
f 3131 	3156 	3122
f 9768 	3094 	3134
f 3098 	2217 	3104
f 3136 	3138 	3139
f 2989 	3130 	2988
f 3139 	2937 	3013
f 3134 	3167 	3128
f 2463 	3068 	3150
f 1176 	3069 	1182
f 2937 	3133 	2934
f 3069 	3548 	1182
f 3133 	3139 	3138
f 2937 	3139 	3133
f 3134 	3181 	3147
f 3153 	3136 	3139
f 3154 	5222 	2457
f 947 	3016 	1176
f 3139 	3013 	3153
f 3016 	3069 	1176
f 3149 	3155 	3051
f 951 	3016 	947
f 3150 	3148 	3202
f 3016 	951 	959
f 2342 	3013 	2341
f 3187 	3145 	3142
f 3149 	3120 	3155
f 2456 	3154 	2457
f 3155 	3096 	3051
f 2463 	3150 	3154
f 2342 	3153 	3013
f 2456 	2463 	3154
f 3115 	3122 	3156
f 3199 	3144 	3085
f 3150 	3068 	3148
f 2991 	3173 	2965
f 3144 	3270 	3140
f 3068 	3024 	3148
f 3098 	3104 	3179
f 3145 	3104 	2217
f 3157 	3161 	3162
f 3168 	3155 	3120
f 3162 	3158 	3157
f 3011 	3120 	3149
f 3183 	3125 	3126
f 3167 	3134 	3147
f 4841 	2930 	3157
f 3164 	2343 	2349
f 3127 	3183 	3126
f 3022 	3164 	2259
f 3024 	3038 	3189
f 3128 	3167 	2979
f 3168 	3120 	3119
f 2349 	2259 	3164
f 3161 	3157 	3160
f 3119 	3114 	3168
f 4521 	4523 	3038
f 3095 	3165 	3163
f 3165 	3095 	9588
f 2204 	2180 	3173
f 2991 	2204 	3173
f 3172 	3091 	3129
f 2295 	3173 	2180
f 3147 	3171 	3167
f 3169 	3083 	3172
f 3083 	3091 	3172
f 3208 	3171 	3147
f 3060 	3059 	3177
f 3264 	3255 	3126
f 3181 	3134 	3094
f 4322 	2923 	3169
f 3059 	3047 	3177
f 3181 	3094 	3196
f 3108 	3178 	3175
f 3094 	3297 	3196
f 3179 	3185 	3184
f 3207 	3220 	3047
f 3182 	3176 	3184
f 3183 	3143 	3125
f 3207 	3047 	3133
f 3060 	3159 	3056
f 3222 	3157 	3256
f 3183 	3135 	3143
f 3204 	3203 	3186
f 3174 	3056 	3159
f 3137 	3135 	3183
f 3137 	3183 	3882
f 3179 	3104 	3185
f 3882 	3183 	3117
f 3024 	3189 	3148
f 3194 	3191 	3158
f 3188 	3155 	3186
f 3158 	3162 	3194
f 3155 	3188 	3096
f 3334 	3176 	2295
f 3186 	3155 	3168
f 3182 	2295 	3176
f 3182 	3187 	2295
f 2217 	3183 	3127
f 2962 	3132 	3227
f 2962 	3227 	2966
f 3085 	3095 	3199
f 3197 	3189 	4557
f 3201 	3003 	3001
f 3159 	3193 	3174
f 3163 	3199 	3095
f 3198 	3160 	3192
f 3173 	2295 	3187
f 3200 	3195 	3202
f 3444 	3440 	3201
f 3194 	3162 	3161
f 3164 	3924 	2343
f 3161 	3160 	3198
f 3182 	3184 	3145
f 3148 	3189 	3197
f 3198 	3194 	3161
f 3141 	3173 	3187
f 3197 	3202 	3148
f 3192 	2955 	3198
f 3201 	3152 	3444
f 3187 	3182 	3145
f 3197 	3205 	3202
f 2955 	3191 	3194
f 3203 	3684 	3686
f 3205 	3200 	3202
f 3187 	3142 	3141
f 3114 	3204 	3168
f 3192 	3230 	2955
f 2955 	3230 	3282
f 3259 	3138 	3136
f 3184 	3185 	3104
f 3143 	3244 	3249
f 3184 	3104 	3145
f 3201 	3001 	3152
f 3186 	3168 	3204
f 3207 	3138 	3259
f 3136 	3153 	3257
f 3141 	2965 	3173
f 3130 	2955 	3282
f 3147 	3181 	3208
f 3137 	3244 	3135
f 3181 	3196 	3208
f 3126 	3239 	3264
f 3133 	3138 	3207
f 3153 	2402 	2396
f 3043 	2917 	3211
f 3219 	3211 	3109
f 3105 	8623 	3210
f 3163 	3166 	3199
f 2863 	3029 	2874
f 3215 	3199 	3166
f 3176 	3211 	3184
f 3086 	3246 	3087
f 3200 	3216 	3195
f 3219 	3179 	3211
f 3220 	3177 	3047
f 3211 	3179 	3184
f 3089 	3217 	3218
f 3043 	3211 	3223
f 3471 	2516 	2502
f 3222 	3256 	3214
f 3108 	3254 	3178
f 3241 	3029 	3218
f 2502 	3224 	3471
f 3223 	3211 	3225
f 3176 	3225 	3211
f 3221 	3216 	3200
f 3108 	3151 	3254
f 3111 	3105 	3224
f 3471 	3224 	3210
f 3219 	3109 	3098
f 3098 	3179 	3219
f 3224 	3105 	3210
f 3225 	3236 	3223
f 3111 	3224 	2502
f 3177 	3220 	3060
f 3176 	3334 	3225
f 3258 	3235 	3233
f 3137 	3243 	3244
f 3217 	3229 	3218
f 3247 	3258 	3233
f 3229 	3217 	3269
f 3269 	3228 	3229
f 3207 	3242 	3220
f 3218 	3229 	3241
f 3244 	3143 	3135
f 3213 	3159 	3248
f 3246 	3255 	3264
f 3248 	3242 	3226
f 3143 	3249 	3239
f 3232 	3526 	3234
f 3188 	3186 	3253
f 2966 	3246 	2975
f 3237 	1835 	3233
f 2966 	3227 	3246
f 3242 	3248 	3220
f 2975 	3246 	3088
f 3125 	3143 	3239
f 3253 	3269 	3217
f 3151 	3240 	3254
f 3192 	3222 	3230
f 3159 	3220 	3248
f 3227 	3255 	3246
f 3220 	3159 	3060
f 3253 	3217 	3096
f 3160 	3222 	3192
f 3526 	3240 	3234
f 3127 	3255 	3132
f 3255 	3227 	3132
f 3292 	3257 	3153
f 4894 	3214 	3256
f 3096 	3188 	3253
f 3254 	3388 	3178
f 3252 	3212 	3210
f 3257 	3259 	3136
f 3302 	3249 	3244
f 3243 	3302 	3244
f 3160 	3157 	3222
f 3157 	3206 	3256
f 3260 	3291 	3131
f 2217 	3098 	3183
f 3125 	3239 	3126
f 3230 	3231 	3282
f 3263 	3253 	3186
f 3203 	3263 	3186
f 3292 	852 	1303
f 3267 	3263 	3250
f 3246 	3086 	3088
f 3281 	3294 	3251
f 2260 	3271 	3268
f 3270 	3268 	3140
f 3207 	1676 	3242
f 3239 	3249 	3246
f 3274 	3276 	3272
f 3292 	1714 	3257
f 3239 	3246 	3264
f 3271 	3140 	3268
f 3207 	1730 	1676
f 1730 	3207 	3259
f 3375 	4894 	3256
f 1738 	3262 	3279
f 3262 	3266 	3279
f 3275 	3305 	3277
f 1691 	1692 	3279
f 3280 	3050 	3052
f 1692 	1738 	3279
f 3279 	1701 	1691
f 3140 	3271 	3144
f 3226 	1701 	3279
f 3248 	3226 	3279
f 3265 	3282 	3231
f 3303 	3283 	3277
f 1676 	3226 	3242
f 1676 	1701 	3226
f 1714 	1730 	3257
f 3131 	3291 	3300
f 1730 	3259 	3257
f 3249 	3302 	3246
f 3272 	3276 	3253
f 3213 	3248 	3279
f 3269 	4850 	3228
f 3263 	3267 	3272
f 3265 	3288 	3282
f 6975 	3285 	3290
f 3287 	3286 	3446
f 3153 	2396 	3292
f 3253 	3276 	3269
f 2830 	3891 	3293
f 3292 	1711 	1714
f 3287 	3446 	1977
f 2396 	2393 	3292
f 3276 	4850 	3269
f 3201 	3261 	3294
f 3272 	3253 	3263
f 3287 	3233 	3235
f 1303 	1711 	3292
f 3294 	3003 	3201
f 3196 	3297 	3335
f 3235 	3286 	3287
f 3287 	1977 	3237
f 3287 	3237 	3233
f 3275 	3273 	3299
f 3293 	3343 	2830
f 2879 	3297 	2868
f 2662 	3298 	6999
f 2880 	2885 	3297
f 3303 	3294 	3281
f 2879 	2880 	3297
f 3280 	3295 	3050
f 3299 	3305 	3275
f 2830 	3343 	3300
f 3050 	3295 	6996
f 3330 	2885 	2883
f 3306 	3330 	2883
f 3303 	3277 	3305
f 3260 	2830 	3291
f 3279 	3266 	3213
f 6996 	3298 	3050
f 3291 	2830 	3300
f 3305 	3299 	2997
f 4258 	3302 	4262
f 2662 	3050 	3298
f 3156 	3131 	3337
f 2997 	3303 	3305
f 4258 	3341 	3302
f 3940 	3323 	3933
f 3307 	3308 	3309
f 3283 	3303 	3281
f 3300 	3337 	3131
f 2438 	2343 	3933
f 3301 	3262 	3284
f 3302 	3338 	3342
f 4997 	4991 	3230
f 3299 	2985 	2997
f 3302 	3342 	3345
f 1762 	3284 	3262
f 3308 	3312 	3310
f 3309 	3308 	3310
f 4023 	3285 	3289
f 3261 	3251 	3294
f 3290 	3285 	3064
f 3315 	3266 	3313
f 3124 	3193 	3955
f 3288 	3265 	3314
f 3295 	3280 	3316
f 3270 	3144 	3199
f 3427 	3052 	3426
f 3266 	3333 	3313
f 3003 	3294 	2997
f 3316 	3280 	3052
f 2997 	3294 	3303
f 3251 	3261 	3478
f 3270 	3199 	3322
f 3265 	3231 	4991
f 3306 	3309 	3310
f 2336 	2438 	3323
f 3940 	1832 	3323
f 3321 	2191 	2204
f 3252 	3251 	3478
f 3322 	3199 	3705
f 1074 	2336 	3323
f 3270 	3322 	3268
f 3266 	3262 	3333
f 3478 	3487 	3252
f 3318 	3314 	3325
f 3322 	3311 	3268
f 2957 	3321 	2204
f 3326 	2579 	886
f 511 	886 	2579
f 3262 	3301 	3333
f 2957 	3225 	3321
f 3321 	3334 	3404
f 3321 	3404 	2191
f 3310 	3324 	3306
f 3481 	3545 	3261
f 3327 	3328 	3326
f 3318 	3331 	3314
f 886 	891 	3328
f 3314 	3522 	3288
f 3327 	886 	3328
f 3225 	3334 	3321
f 3481 	3440 	3809
f 3527 	3522 	3314
f 3301 	3512 	3333
f 3527 	3314 	3331
f 3297 	2885 	3330
f 3210 	8623 	3252
f 4991 	3314 	3265
f 3344 	3335 	3330
f 1187 	1185 	3319
f 3335 	3297 	3330
f 1244 	1151 	3320
f 3514 	1244 	3320
f 3354 	3359 	3336
f 3491 	3514 	3319
f 3151 	3337 	3240
f 3339 	3338 	3302
f 3313 	3356 	3315
f 6003 	6004 	3306
f 3306 	3307 	3309
f 2275 	2344 	3334
f 891 	1244 	3514
f 3340 	3394 	3180
f 3016 	3383 	3377
f 3307 	4882 	3308
f 3246 	3302 	3336
f 3341 	3339 	3302
f 3156 	3337 	3151
f 3206 	2990 	3014
f 3245 	3340 	3180
f 3336 	3302 	3345
f 3374 	3286 	3235
f 3335 	3344 	3196
f 3014 	3375 	3206
f 3324 	3347 	3344
f 3016 	3377 	3346
f 3341 	3387 	3339
f 3180 	3238 	3245
f 3337 	3300 	3343
f 3030 	3016 	3346
f 3201 	3440 	3481
f 3334 	3336 	3447
f 3481 	3261 	3201
f 3306 	3324 	3344
f 4172 	3343 	3293
f 3329 	4097 	3348
f 3374 	3329 	3348
f 3190 	3372 	3350
f 3078 	3425 	3431
f 3336 	3345 	3351
f 3337 	3232 	3234
f 3336 	3351 	3354
f 3337 	3234 	3240
f 3717 	3232 	3337
f 4093 	3315 	3356
f 3357 	3353 	3355
f 3355 	3344 	3347
f 3352 	3358 	3349
f 3344 	3353 	4104
f 1280 	3349 	3358
f 3361 	3336 	3359
f 4103 	4107 	3348
f 3190 	3350 	3450
f 3353 	3357 	4159
f 3827 	3343 	4172
f 3180 	3394 	3365
f 3344 	3355 	3353
f 3360 	3453 	3454
f 3361 	3359 	3395
f 3180 	3365 	8702
f 3629 	3389 	3352
f 3395 	3359 	3396
f 3344 	3330 	3306
f 3338 	3339 	3385
f 3548 	3069 	3364
f 3403 	3371 	3369
f 3363 	3366 	3603
f 3339 	3387 	3385
f 3360 	3390 	3404
f 3342 	3338 	3385
f 3404 	3334 	3360
f 3360 	3362 	3390
f 3360 	2799 	3362
f 3348 	3401 	3374
f 3146 	3372 	3190
f 3396 	3359 	3354
f 3348 	3410 	3401
f 2798 	2374 	3362
f 3258 	3278 	3374
f 3374 	3278 	3329
f 3235 	3258 	3374
f 3342 	3411 	3345
f 3345 	3411 	3351
f 3375 	3383 	4894
f 3163 	3165 	3371
f 3346 	3375 	3015
f 3362 	2374 	3381
f 3370 	3491 	3367
f 3373 	3491 	3370
f 3379 	6516 	3407
f 3316 	3436 	3317
f 3383 	3375 	3377
f 3372 	3379 	3409
f 3387 	3341 	3386
f 3380 	3313 	3333
f 4894 	3383 	1346
f 3386 	3418 	3387
f 3356 	3313 	3380
f 3352 	3389 	3358
f 3375 	3346 	3392
f 3380 	3333 	3391
f 3377 	3375 	3392
f 3372 	3409 	3412
f 3377 	3392 	3346
f 1472 	1346 	3383
f 3362 	3381 	3390
f 3391 	3512 	3422
f 3178 	3388 	3393
f 3689 	3391 	3422
f 3256 	3206 	3375
f 2386 	3390 	3381
f 3358 	3389 	3368
f 3015 	3375 	3039
f 3178 	3393 	3175
f 3365 	3394 	3398
f 3394 	3421 	3398
f 3399 	3397 	3396
f 3396 	3397 	3395
f 3391 	3333 	3512
f 2405 	2191 	3404
f 3404 	2365 	2405
f 3404 	3390 	2365
f 3351 	3396 	3354
f 3411 	3342 	3385
f 3369 	3445 	3480
f 3406 	3443 	3416
f 3414 	3417 	3411
f 2799 	3360 	2861
f 3403 	3166 	3163
f 3415 	3387 	3418
f 3624 	3367 	3368
f 3400 	2947 	3443
f 3413 	3387 	3415
f 3396 	3411 	3417
f 3399 	3396 	3417
f 3411 	3385 	3414
f 3413 	3414 	3385
f 3385 	3387 	3413
f 3400 	2931 	2947
f 3410 	3408 	3419
f 3409 	3379 	3407
f 3413 	3415 	3436
f 3410 	3419 	3401
f 3412 	3350 	3372
f 3436 	3415 	3418
f 3348 	3408 	3410
f 3403 	3215 	3166
f 2844 	3501 	3420
f 4107 	3408 	3348
f 2931 	3400 	3119
f 3698 	3400 	3439
f 3396 	3351 	3411
f 3403 	3163 	3371
f 3439 	3400 	3443
f 10138 	3384 	10140
f 3587 	3426 	3055
f 3055 	3426 	3052
f 3412 	3736 	3350
f 3427 	3426 	3397
f 3427 	3397 	3399
f 3425 	3424 	3431
f 3388 	3384 	3393
f 3416 	2947 	2927
f 3434 	3052 	3437
f 3435 	3052 	3434
f 3437 	3052 	3427
f 3436 	3316 	3435
f 3441 	3317 	3436
f 3284 	1391 	3430
f 4368 	4364 	7618
f 3316 	3052 	3435
f 3435 	3434 	3413
f 3414 	3413 	3434
f 2152 	2139 	3442
f 3435 	3413 	3436
f 3424 	3449 	3431
f 3406 	3439 	3443
f 3417 	3437 	3399
f 3427 	3399 	3437
f 3437 	3417 	3414
f 3437 	3414 	3434
f 3418 	3441 	3436
f 3480 	3445 	3584
f 4358 	3441 	3418
f 3416 	3443 	2947
f 3432 	1280 	1293
f 3349 	1280 	3432
f 3467 	3382 	2908
f 3429 	3428 	3360
f 3442 	1977 	3446
f 3334 	3447 	3429
f 3444 	3152 	8759
f 3810 	3440 	3450
f 8768 	3450 	3440
f 3445 	3615 	3561
f 3442 	2077 	1977
f 3631 	3349 	3432
f 3078 	3130 	3425
f 3282 	3288 	3425
f 8768 	3440 	3444
f 3433 	3636 	3432
f 3698 	3439 	3451
f 3284 	3430 	3301
f 3425 	3130 	3282
f 3451 	3439 	3406
f 3406 	3458 	3451
f 3477 	3442 	3457
f 3459 	3517 	3296
f 3641 	3462 	3212
f 3446 	3457 	3442
f 3463 	3199 	3215
f 3861 	3459 	3296
f 3212 	3462 	3210
f 3861 	3887 	3459
f 3336 	3361 	3447
f 2970 	3467 	2908
f 3403 	3369 	3468
f 2516 	3471 	2533
f 3462 	3466 	3471
f 3471 	3466 	2533
f 3472 	3633 	3469
f 3472 	2979 	3633
f 3462 	3471 	3210
f 3453 	3448 	3556
f 3467 	3472 	3382
f 3474 	2073 	2105
f 3790 	3304 	3405
f 3445 	3561 	3584
f 3378 	3376 	3469
f 3334 	3429 	3360
f 3376 	3472 	3469
f 3455 	3454 	3562
f 3474 	3430 	2073
f 3403 	3468 	3215
f 3476 	3463 	3215
f 3476 	3479 	3463
f 3428 	3492 	3423
f 3273 	2983 	3508
f 3575 	3463 	3479
f 3472 	3376 	3382
f 2970 	2977 	3467
f 3475 	2725 	2723
f 2979 	3472 	3467
f 3477 	2152 	3442
f 3468 	3476 	3215
f 3428 	3429 	3492
f 1271 	3475 	2723
f 3299 	3273 	3508
f 1381 	3475 	1271
f 3448 	3423 	3492
f 2977 	2979 	3467
f 2725 	3475 	4080
f 3473 	3461 	3677
f 3492 	3556 	3448
f 1381 	1438 	3475
f 3423 	3448 	3360
f 3369 	3479 	3468
f 3453 	3360 	3448
f 3430 	3482 	3301
f 3475 	1438 	3665
f 3475 	5681 	5605
f 3556 	3555 	3453
f 3369 	3480 	3479
f 3423 	3360 	3428
f 3476 	3468 	3479
f 3475 	3405 	5681
f 3402 	3475 	3873
f 3474 	3482 	3430
f 3405 	3475 	3402
f 3692 	3465 	3473
f 3301 	3482 	3512
f 3455 	3456 	3360
f 3453 	3555 	3454
f 3016 	1472 	3383
f 3485 	3474 	3470
f 3706 	3588 	3488
f 3533 	3490 	3286
f 3455 	3360 	3454
f 3489 	3451 	3458
f 3490 	3446 	3286
f 3460 	3782 	3465
f 3457 	3446 	3490
f 3515 	3517 	3459
f 3550 	3388 	3254
f 3500 	3515 	3459
f 3478 	3261 	3545
f 3496 	3492 	3429
f 3364 	3488 	3363
f 3496 	3429 	3447
f 3364 	3069 	3488
f 3529 	3457 	3490
f 3495 	3494 	3360
f 3496 	3447 	3531
f 3488 	3366 	3363
f 3360 	3456 	3495
f 2152 	3477 	3493
f 3069 	3449 	3488
f 3449 	3424 	3488
f 3212 	3252 	3487
f 3531 	3538 	3496
f 4401 	3360 	3494
f 3498 	3388 	3550
f 3367 	3491 	3368
f 3550 	3526 	3498
f 3384 	3388 	3498
f 3502 	3420 	3501
f 3457 	3493 	3477
f 3503 	3501 	2861
f 3495 	3621 	3494
f 3212 	3487 	3641
f 3503 	3505 	3501
f 3505 	3511 	3501
f 2861 	3360 	3503
f 2844 	2861 	3501
f 3502 	3511 	3420
f 3498 	3504 	3452
f 3487 	3675 	3681
f 3502 	3501 	3511
f 3491 	3319 	3358
f 3509 	3488 	3424
f 3486 	3452 	3504
f 3675 	3487 	3478
f 3498 	3452 	3384
f 3482 	3516 	3512
f 3320 	3319 	3514
f 3508 	2983 	3041
f 3503 	3360 	4401
f 3517 	3824 	3296
f 3517 	3318 	3824
f 3517 	3331 	3318
f 3510 	3513 	3484
f 3641 	3487 	3681
f 3331 	3517 	3527
f 3513 	3507 	3484
f 3619 	4405 	3506
f 3575 	3479 	3480
f 3567 	305 	3518
f 3484 	3507 	3489
f 3514 	3491 	3578
f 3517 	3515 	3522
f 3018 	3508 	3041
f 3517 	3522 	3527
f 3489 	3507 	3451
f 3533 	3286 	3374
f 3520 	3518 	305
f 3368 	3491 	3358
f 3633 	3483 	3378
f 3018 	3082 	3508
f 3465 	3782 	3473
f 3425 	3288 	3522
f 3232 	3717 	3541
f 3521 	3518 	3524
f 3522 	3424 	3425
f 3621 	3495 	3456
f 3782 	3461 	3473
f 3516 	3579 	3594
f 3482 	3579 	3516
f 3529 	3493 	3457
f 3520 	258 	253
f 253 	3524 	3520
f 3520 	3524 	3518
f 3526 	3232 	3523
f 3533 	3529 	3490
f 3523 	3232 	3541
f 2792 	3851 	3008
f 3531 	3447 	3361
f 3510 	3484 	3536
f 3538 	3531 	3537
f 3397 	3537 	3531
f 3523 	3541 	3525
f 3401 	3543 	3374
f 2579 	3326 	3539
f 3509 	3424 	3522
f 3540 	3535 	3492
f 3552 	3556 	3535
f 3492 	3496 	3540
f 3538 	3540 	3496
f 3395 	3397 	3531
f 3515 	3509 	3522
f 3529 	3533 	3542
f 3543 	3542 	3533
f 3533 	3374 	3543
f 3515 	3708 	3509
f 3401 	3419 	3543
f 3530 	3557 	8587
f 3521 	418 	413
f 3714 	3715 	3521
f 3565 	3539 	3326
f 3590 	3535 	3540
f 3521 	3702 	3714
f 3397 	3426 	3537
f 3538 	3590 	3540
f 3543 	3419 	3546
f 3531 	3361 	3395
f 3696 	3521 	3715
f 2838 	3723 	2591
f 3543 	3546 	3542
f 3528 	3534 	3481
f 3560 	3547 	3548
f 3611 	3518 	3610
f 3534 	3545 	3481
f 3611 	3613 	3518
f 3555 	3556 	3549
f 3547 	1799 	1734
f 3254 	3240 	3550
f 3546 	3738 	3542
f 5059 	3545 	3670
f 3526 	3550 	3240
f 3492 	3535 	3556
f 3551 	3562 	3549
f 3562 	3555 	3549
f 3552 	3549 	3556
f 3600 	3504 	3519
f 3598 	3551 	3549
f 3498 	3519 	3504
f 3599 	3598 	3549
f 3599 	3549 	3552
f 3544 	2985 	3299
f 3519 	3498 	3525
f 3535 	3599 	3552
f 3518 	3558 	3752
f 3602 	3572 	3551
f 3082 	3544 	3508
f 3299 	3508 	3544
f 3555 	3562 	3454
f 3526 	3523 	3498
f 3422 	3512 	3553
f 3518 	3521 	3558
f 3862 	3558 	3521
f 3498 	3523 	3525
f 3516 	3559 	3553
f 3559 	3554 	3553
f 3455 	3562 	3621
f 3551 	3572 	3562
f 3560 	3566 	3547
f 3516 	3594 	3559
f 3621 	3573 	3625
f 3576 	3619 	3574
f 3571 	305 	3568
f 3573 	3621 	3572
f 3547 	3566 	1799
f 3516 	3553 	3512
f 3326 	3328 	3565
f 891 	3565 	3328
f 3729 	1836 	3566
f 3572 	3602 	3573
f 3704 	3575 	3584
f 3482 	3474 	3579
f 891 	3578 	3565
f 3560 	3548 	3603
f 3577 	3619 	3576
f 3575 	3480 	3584
f 3583 	3581 	3554
f 3586 	3055 	3590
f 3567 	3518 	3589
f 3420 	3590 	3055
f 3587 	3055 	3586
f 3582 	3590 	3420
f 3599 	3582 	3420
f 3592 	3565 	3578
f 3557 	3510 	3536
f 3538 	3537 	3586
f 3587 	3586 	3537
f 3559 	3583 	3554
f 3535 	3590 	3582
f 3591 	3634 	3628
f 3578 	3491 	3592
f 3587 	3537 	3426
f 3593 	3510 	3557
f 3538 	3586 	3590
f 1309 	3595 	3596
f 3588 	3591 	3628
f 3420 	3511 	3599
f 3559 	3594 	3583
f 3585 	3593 	3557
f 3530 	3585 	3557
f 3598 	3599 	3511
f 3741 	3600 	3519
f 3603 	3588 	3628
f 3606 	3608 	3497
f 3605 	3602 	3511
f 3600 	3486 	3504
f 3602 	3597 	3511
f 3597 	3598 	3511
f 3604 	3605 	3511
f 3580 	3810 	3609
f 3551 	3598 	3597
f 3706 	3708 	3588
f 3571 	413 	307
f 3617 	3596 	3595
f 3608 	3563 	3497
f 3535 	3582 	3599
f 3588 	3708 	3700
f 3350 	3736 	3609
f 3551 	3597 	3602
f 3569 	3394 	3340
f 3574 	3573 	3604
f 3605 	3604 	3573
f 3577 	3576 	3601
f 3607 	3601 	3576
f 3607 	3576 	3604
f 3574 	3604 	3576
f 3605 	3573 	3602
f 3608 	3614 	3570
f 3485 	3616 	3474
f 3569 	3340 	3245
f 3608 	3570 	3563
f 3617 	3713 	1296
f 3619 	3506 	3499
f 1258 	3617 	1296
f 10194 	3618 	3615
f 3620 	3615 	3618
f 1258 	1309 	3617
f 3614 	3612 	3570
f 3619 	3499 	3625
f 3617 	1309 	3596
f 3366 	3488 	3588
f 3366 	3588 	3603
f 3364 	3363 	3603
f 3574 	3625 	3573
f 3609 	3810 	3350
f 3474 	3616 	3579
f 3364 	3603 	3548
f 10194 	3102 	3618
f 3620 	3618 	3102
f 3645 	3611 	3610
f 3367 	3624 	3626
f 3494 	3621 	3625
f 3620 	3561 	3615
f 3370 	3367 	3626
f 3494 	3625 	3499
f 3542 	3623 	3529
f 3456 	3455 	3621
f 3562 	3572 	3621
f 3616 	3594 	3579
f 3677 	3461 	3649
f 3603 	3628 	3560
f 3607 	3604 	3511
f 3616 	3583 	3594
f 3630 	3677 	3629
f 3643 	3656 	3591
f 3616 	3581 	3583
f 3622 	4311 	3612
f 3758 	3766 	2617
f 3542 	3738 	3623
f 3622 	4328 	4311
f 3624 	3368 	3389
f 3629 	3624 	3389
f 3628 	3634 	3560
f 3627 	3518 	3613
f 3636 	3677 	3631
f 3627 	3589 	3518
f 3432 	3636 	3631
f 3378 	3469 	3633
f 3635 	3466 	3641
f 3634 	3566 	3560
f 3370 	3626 	3373
f 3642 	3614 	3608
f 3644 	3674 	3640
f 3643 	3566 	3634
f 3669 	3632 	3672
f 3462 	3641 	3466
f 3626 	3624 	3649
f 3461 	3373 	3649
f 3641 	3637 	3635
f 3642 	3651 	3612
f 3634 	3653 	3643
f 3629 	3677 	3624
f 3642 	3612 	3614
f 3645 	3654 	3611
f 3626 	3649 	3373
f 3659 	3648 	3650
f 3653 	3656 	3643
f 3612 	3651 	3622
f 3653 	3634 	3656
f 3630 	3629 	3352
f 3352 	3349 	3630
f 3631 	3630 	3349
f 3644 	3640 	3650
f 6357 	3632 	6356
f 3657 	3658 	3660
f 6363 	6356 	3632
f 3651 	4355 	3622
f 3656 	3634 	3591
f 3662 	3627 	3613
f 3483 	3657 	3497
f 3668 	3677 	3636
f 3606 	3497 	3657
f 3681 	3655 	3652
f 3606 	3657 	3660
f 3654 	3662 	3613
f 3642 	3608 	3606
f 3636 	3433 	3668
f 3681 	3652 	3641
f 3668 	3438 	3663
f 3660 	3642 	3606
f 3663 	3677 	3668
f 3611 	3654 	3613
f 3633 	3658 	3657
f 3641 	3652 	3637
f 3657 	3483 	3633
f 2217 	2932 	3666
f 3632 	3669 	6363
f 3633 	3707 	3658
f 3659 	3650 	3667
f 3668 	3433 	3438
f 3654 	3645 	3521
f 3667 	3650 	3640
f 3588 	3671 	3591
f 3671 	3588 	3700
f 3639 	3638 	3748
f 2351 	3975 	3665
f 3633 	2979 	3707
f 3673 	3460 	3683
f 3760 	3647 	3646
f 3545 	3675 	3478
f 3646 	3664 	3761
f 3521 	3662 	3654
f 3806 	3660 	3658
f 3760 	3646 	3761
f 3815 	3669 	3600
f 3649 	3624 	3677
f 3630 	3631 	3677
f 3683 	3692 	3673
f 3679 	3817 	3670
f 3673 	3464 	3460
f 3690 	3464 	3673
f 3518 	3680 	3610
f 3673 	3677 	3690
f 3683 	3460 	3465
f 3675 	3682 	3681
f 3700 	3678 	3676
f 3518 	3752 	3680
f 3561 	3688 	3793
f 4355 	3651 	3642
f 5061 	3681 	3682
f 3422 	3553 	3674
f 3645 	3610 	3680
f 3422 	3674 	3644
f 3561 	3620 	3685
f 3465 	3692 	3683
f 3422 	3644 	3689
f 3663 	3438 	3464
f 3545 	3679 	3670
f 3561 	3685 	3688
f 3648 	3689 	3650
f 6918 	3664 	3646
f 3645 	3680 	3687
f 3665 	1438 	2351
f 3464 	3690 	3663
f 3486 	3600 	3672
f 3650 	3689 	3644
f 6918 	2217 	3664
f 3687 	3680 	3752
f 3545 	5059 	3675
f 3677 	3663 	3690
f 3689 	3380 	3391
f 3679 	3545 	3534
f 3400 	3684 	3114
f 3648 	3380 	3689
f 3682 	3675 	5059
f 3600 	3669 	3672
f 3677 	3673 	3692
f 3554 	3694 	3970
f 3692 	3473 	3677
f 3102 	3787 	3688
f 3102 	3685 	3620
f 3688 	3685 	3102
f 3681 	3661 	3655
f 3400 	3114 	3119
f 3674 	3553 	3554
f 3521 	3696 	3662
f 3698 	3684 	3400
f 3768 	3684 	3698
f 3528 	3817 	3679
f 3676 	3671 	3700
f 3701 	3702 	3521
f 3534 	3528 	3679
f 3704 	3705 	3199
f 3171 	3707 	3167
f 3703 	3617 	3595
f 3704 	3463 	3575
f 3554 	3581 	3694
f 3703 	3732 	3713
f 3704 	3199 	3463
f 3709 	3564 	3569
f 3509 	3708 	3706
f 3521 	413 	3701
f 3581 	4099 	3694
f 3564 	3709 	3710
f 3703 	3713 	3617
f 3708 	3678 	3700
f 6918 	3639 	3697
f 3509 	3706 	3488
f 3708 	3500 	3678
f 3658 	3711 	3712
f 3718 	3716 	3717
f 3708 	3515 	3500
f 3710 	3709 	2617
f 2582 	2617 	3709
f 3721 	3719 	3695
f 3460 	3745 	3782
f 3707 	3711 	3658
f 3695 	3693 	3811
f 3707 	2979 	3167
f 413 	3571 	3701
f 3208 	3711 	3707
f 3717 	3716 	3525
f 3695 	3811 	3721
f 3723 	498 	2591
f 3723 	1313 	498
f 3739 	3712 	3711
f 3541 	3717 	3525
f 3724 	3703 	3595
f 3408 	4107 	4205
f 3171 	3208 	3707
f 3718 	3717 	3337
f 3684 	3204 	3114
f 3699 	3691 	3719
f 3721 	3699 	3719
f 3727 	2542 	3722
f 3729 	3722 	2546
f 3725 	3723 	2838
f 3727 	3722 	3729
f 3723 	3595 	1309
f 3725 	3595 	3723
f 3726 	3580 	3609
f 3729 	3643 	3727
f 3643 	3591 	3727
f 3725 	3724 	3595
f 3702 	3701 	3571
f 3723 	1309 	1313
f 2554 	2582 	3709
f 2576 	2542 	3727
f 3714 	3702 	3568
f 3569 	3245 	3709
f 3519 	3525 	3716
f 3730 	2640 	2677
f 3709 	3245 	2554
f 3568 	3702 	3571
f 3715 	3627 	3696
f 3730 	2576 	3727
f 3724 	3732 	3703
f 3696 	3627 	3662
f 3715 	3714 	3567
f 3727 	3591 	3671
f 3589 	3627 	3715
f 3567 	3589 	3715
f 3770 	3322 	3735
f 4187 	3732 	3724
f 3568 	3567 	3714
f 3735 	3777 	3770
f 3767 	3421 	3394
f 3727 	3671 	3747
f 3204 	3684 	3203
f 3421 	3767 	6642
f 3730 	3727 	3753
f 3753 	3727 	3747
f 3705 	3793 	3751
f 3686 	3822 	3731
f 3753 	6927 	3730
f 3733 	3867 	3872
f 3322 	3705 	3735
f 2187 	2123 	3729
f 3751 	3735 	3705
f 3771 	3738 	3546
f 3408 	4205 	3740
f 3208 	3739 	3711
f 7004 	3103 	6946
f 3729 	2123 	1836
f 3912 	3592 	3782
f 3729 	2546 	2187
f 3744 	3666 	2932
f 3643 	3729 	3566
f 2932 	3072 	3744
f 3741 	3716 	3718
f 3739 	3806 	3712
f 3519 	3716 	3741
f 3718 	3841 	3741
f 3776 	3609 	3736
f 3664 	3666 	3744
f 3433 	3432 	3745
f 3764 	3772 	3747
f 3664 	3750 	3761
f 2768 	2769 	3780
f 3745 	3432 	1293
f 3766 	3710 	2617
f 3638 	3754 	3748
f 1265 	3745 	1293
f 3802 	3751 	3803
f 1360 	7444 	3745
f 3745 	1382 	1360
f 7444 	7449 	3745
f 3793 	3794 	3751
f 1265 	1328 	3745
f 3728 	3733 	3743
f 1328 	1382 	3745
f 3743 	3977 	3746
f 3433 	3745 	3438
f 4140 	3784 	3749
f 3710 	3766 	3767
f 3758 	3767 	3766
f 3740 	3728 	3743
f 4205 	3728 	3740
f 3638 	3647 	3760
f 3419 	3408 	3740
f 3767 	3569 	3564
f 3638 	3760 	3754
f 3676 	3764 	3747
f 3767 	3394 	3569
f 3419 	3740 	3546
f 3710 	3767 	3564
f 3768 	3451 	3507
f 3779 	3743 	3746
f 3747 	3671 	3676
f 3784 	4140 	3735
f 3740 	3743 	3779
f 3698 	3451 	3768
f 3784 	3735 	3751
f 3774 	3757 	3585
f 1375 	3765 	1373
f 1296 	3765 	1272
f 3530 	3755 	3774
f 3771 	3546 	3740
f 3745 	7449 	3789
f 3770 	3778 	3332
f 3747 	3772 	3753
f 3464 	3438 	3745
f 3726 	3609 	3776
f 3745 	3460 	3464
f 3777 	3735 	4140
f 3740 	3779 	3771
f 3750 	3664 	3744
f 3713 	3769 	3765
f 3746 	3801 	3779
f 3755 	3757 	3774
f 3775 	3773 	3764
f 1296 	3713 	3765
f 3773 	3772 	3764
f 3777 	4140 	4149
f 3799 	3768 	3781
f 3772 	6927 	3753
f 3762 	3799 	3781
f 3779 	3800 	3771
f 3757 	3781 	3768
f 3772 	6928 	6927
f 3558 	3870 	3752
f 3757 	3768 	3510
f 3758 	2768 	3780
f 3510 	3593 	3757
f 3803 	3751 	3794
f 3782 	3592 	3491
f 3778 	3770 	3777
f 3593 	3585 	3757
f 3784 	3751 	3749
f 3734 	3726 	3783
f 3768 	3507 	3513
f 3782 	3373 	3461
f 3491 	3373 	3782
f 3783 	3726 	3776
f 3510 	3768 	3513
f 3311 	3322 	3770
f 3786 	3783 	3776
f 3737 	3761 	3750
f 3684 	3768 	3686
f 3332 	3311 	3770
f 3804 	3296 	3824
f 3585 	3530 	3774
f 3783 	5134 	5160
f 3623 	3788 	3785
f 3785 	3788 	3800
f 3785 	4357 	3623
f 4352 	4357 	3785
f 3103 	6971 	6969
f 3789 	3782 	3745
f 5681 	3405 	3304
f 3793 	3705 	3704
f 3776 	3736 	3742
f 3746 	3979 	3813
f 3732 	4248 	4212
f 3793 	3704 	3584
f 3769 	3713 	3732
f 3746 	3813 	3801
f 3688 	3798 	3793
f 3021 	3737 	3073
f 3561 	3793 	3584
f 3738 	3771 	3788
f 3794 	3793 	3798
f 3686 	3768 	3799
f 3800 	3779 	3801
f 4225 	4223 	3782
f 3798 	3688 	3787
f 3794 	3798 	3787
f 3788 	3771 	3800
f 3782 	3789 	4225
f 3737 	3072 	3073
f 3825 	3804 	3824
f 3732 	4187 	4248
f 3796 	3828 	3687
f 3744 	3072 	3737
f 3658 	3712 	3806
f 3765 	3769 	3805
f 3737 	3750 	3744
f 3810 	3809 	3440
f 4212 	3805 	3769
f 3749 	3751 	3802
f 3823 	3697 	3639
f 3769 	3732 	4212
f 3794 	3787 	3803
f 4154 	3803 	3787
f 3853 	3803 	4154
f 3810 	3835 	3809
f 3814 	3811 	3693
f 3756 	3795 	3797
f 3819 	3817 	3528
f 3816 	3808 	3807
f 3812 	3785 	3800
f 3748 	3823 	3639
f 3816 	3807 	3304
f 3759 	3756 	3797
f 3790 	3816 	3304
f 5056 	3670 	3817
f 3697 	3814 	3693
f 3763 	3792 	3795
f 3818 	3822 	3762
f 3765 	7431 	7437
f 3797 	3796 	3752
f 3813 	3812 	3801
f 3819 	3831 	3817
f 3765 	3805 	7431
f 3801 	3812 	3800
f 3831 	5453 	3817
f 3752 	3759 	3797
f 3805 	7461 	7435
f 3823 	3814 	3697
f 3687 	3752 	3796
f 3623 	3738 	3788
f 3686 	3799 	3822
f 3819 	3481 	3809
f 3762 	3822 	3799
f 3763 	3795 	3756
f 3739 	3826 	3806
f 3819 	3528 	3481
f 3829 	3718 	3337
f 3350 	3810 	3450
f 3827 	3829 	3343
f 3343 	3829 	3337
f 7452 	7453 	3789
f 3325 	3830 	3318
f 3820 	3829 	3827
f 4697 	4657 	3826
f 3831 	3726 	3734
f 3821 	3833 	3820
f 3833 	3829 	3820
f 3826 	3739 	4094
f 3789 	7449 	7452
f 2792 	3532 	3851
f 3830 	3824 	3318
f 3924 	3093 	3009
f 5695 	5711 	3830
f 3819 	3835 	3831
f 3819 	3809 	3835
f 3203 	3686 	3935
f 3792 	3828 	3795
f 3924 	3009 	3836
f 3935 	3263 	3203
f 3810 	3580 	3835
f 3796 	3797 	3828
f 3795 	3828 	3797
f 3263 	3935 	3250
f 3009 	3008 	3851
f 3718 	3829 	3841
f 3835 	3580 	3831
f 3824 	3839 	3825
f 3687 	3828 	3645
f 3831 	3580 	3726
f 3825 	3897 	3804
f 3832 	7603 	7604
f 3836 	3009 	3888
f 3344 	4104 	3840
f 4127 	3927 	3832
f 3815 	3600 	3841
f 3888 	3009 	3851
f 3756 	3759 	3869
f 3840 	3196 	3344
f 3600 	3741 	3841
f 3539 	3846 	3880
f 3845 	3843 	1288
f 5711 	3839 	3824
f 1306 	3845 	1288
f 3851 	3880 	3885
f 3824 	3830 	5711
f 4790 	3828 	4788
f 3565 	3846 	3539
f 3840 	3208 	3196
f 3886 	3856 	3667
f 3828 	4790 	4778
f 3532 	3539 	3851
f 3880 	3851 	3539
f 3402 	3873 	3871
f 3402 	3871 	3405
f 3756 	3869 	3763
f 3802 	3803 	3853
f 3475 	3665 	3866
f 3565 	3852 	3846
f 3848 	3855 	3854
f 3500 	3459 	3887
f 3862 	3521 	3645
f 3842 	3243 	3137
f 3859 	2848 	3113
f 3733 	3720 	3867
f 3558 	3862 	3870
f 3725 	2838 	3868
f 3854 	3855 	3843
f 3841 	6556 	6545
f 3865 	3863 	3860
f 3858 	6561 	3833
f 3862 	3922 	3869
f 3869 	3870 	3862
f 3942 	3842 	3838
f 3859 	3868 	2838
f 3829 	3833 	6561
f 3743 	3733 	3872
f 3871 	3808 	3816
f 3841 	3829 	6561
f 3859 	2838 	2848
f 3854 	3843 	3845
f 3869 	3752 	3870
f 3873 	3866 	3864
f 3864 	3932 	3873
f 2904 	3876 	3949
f 3869 	4341 	3763
f 3917 	3919 	2904
f 3107 	3889 	3121
f 3107 	7367 	3889
f 3871 	3816 	3790
f 3311 	3875 	3268
f 3882 	3837 	3838
f 3311 	3332 	3875
f 3475 	3866 	3873
f 3838 	3842 	3882
f 3845 	3883 	3854
f 3852 	3880 	3846
f 3882 	3844 	3837
f 4081 	3854 	3884
f 3882 	3849 	3850
f 3874 	3989 	3881
f 3899 	3865 	3860
f 3985 	3978 	3878
f 3857 	3877 	3856
f 3405 	3871 	3790
f 3881 	3989 	3878
f 3854 	3883 	3884
f 3667 	3959 	3886
f 4031 	4008 	3880
f 3845 	2723 	3883
f 3882 	3850 	3844
f 2723 	2725 	3883
f 3804 	3861 	3296
f 3856 	3886 	4019
f 4714 	4731 	3869
f 3851 	3885 	3888
f 4713 	4714 	3869
f 4019 	3857 	3856
f 3836 	3888 	3885
f 3124 	3859 	3099
f 7689 	7395 	3882
f 3892 	3859 	3124
f 3892 	3868 	3859
f 3137 	3882 	3842
f 3892 	3896 	3868
f 3959 	3667 	3640
f 3117 	3889 	3882
f 3891 	3900 	3293
f 3891 	3894 	3900
f 3862 	3645 	3828
f 3896 	3965 	3868
f 3960 	3293 	3900
f 3896 	3974 	3971
f 3876 	3875 	3949
f 3896 	3892 	3974
f 3905 	3895 	3907
f 3837 	3844 	3947
f 3875 	3332 	3949
f 3895 	3902 	3907
f 3908 	3909 	3897
f 3905 	3907 	3904
f 3837 	3947 	3941
f 3752 	3869 	3759
f 3907 	3913 	3904
f 3939 	3844 	3850
f 4067 	3869 	3967
f 3890 	3902 	3895
f 2959 	3910 	3894
f 3899 	3860 	3906
f 3901 	3906 	3860
f 3951 	3903 	3877
f 3894 	3891 	2959
f 3911 	3912 	4037
f 3911 	3592 	3912
f 3897 	3861 	3804
f 3565 	3911 	3852
f 2904 	3949 	3917
f 3905 	3904 	2581
f 3911 	3565 	3592
f 3904 	3913 	4021
f 5788 	3908 	3839
f 2909 	2904 	3919
f 2909 	3919 	2940
f 3908 	5788 	3916
f 3919 	3973 	2940
f 3825 	3839 	3908
f 3867 	3832 	3927
f 2566 	5016 	3895
f 3922 	3923 	3930
f 3691 	3849 	3882
f 3825 	3908 	3897
f 3917 	3926 	3919
f 3964 	3897 	3909
f 2566 	3895 	3905
f 3022 	3093 	3924
f 3980 	3849 	3691
f 3054 	4073 	3910
f 3164 	3022 	3924
f 2566 	3905 	2569
f 3691 	3699 	3980
f 3923 	3921 	3929
f 3928 	3929 	3921
f 3929 	3930 	3923
f 3869 	3922 	3930
f 2438 	3933 	3323
f 3925 	3915 	3878
f 3915 	3914 	3878
f 3914 	3901 	3878
f 3879 	3878 	3901
f 3860 	3879 	3901
f 3980 	3939 	3849
f 3897 	3964 	3861
f 3233 	1846 	3247
f 3731 	4058 	4011
f 3258 	3933 	2343
f 3923 	3922 	3893
f 2581 	2569 	3905
f 3921 	3923 	3893
f 3913 	3907 	3938
f 3949 	3926 	3917
f 3940 	3933 	3247
f 4996 	3921 	5002
f 3862 	3828 	3922
f 3258 	3247 	3933
f 3893 	3922 	3828
f 3731 	4011 	3935
f 3943 	3936 	3934
f 3867 	3927 	3937
f 3930 	3944 	4713
f 3686 	3731 	3935
f 4182 	3739 	4181
f 3932 	3934 	10297
f 3929 	3944 	3930
f 3924 	3258 	2343
f 3869 	3930 	4713
f 3902 	3890 	3950
f 3951 	4213 	3903
f 3258 	3924 	3278
f 3946 	3952 	3945
f 3924 	4008 	3278
f 3934 	3932 	3943
f 3953 	3250 	3935
f 3951 	4217 	4213
f 4113 	3949 	3332
f 3946 	3950 	3952
f 3954 	3943 	3864
f 3943 	3954 	3936
f 3890 	3952 	3950
f 3864 	3943 	3932
f 3983 	3957 	3958
f 3949 	4105 	4161
f 3866 	3954 	3864
f 3984 	1493 	3957
f 4197 	4181 	3739
f 4033 	3960 	3894
f 3984 	3957 	3983
f 3887 	3964 	3986
f 3894 	3960 	3900
f 3931 	3842 	3942
f 3302 	3243 	3931
f 3887 	3861 	3964
f 4041 	4033 	3894
f 3932 	3871 	3873
f 3959 	3640 	3674
f 3967 	3958 	3957
f 3959 	3970 	3961
f 3967 	3957 	1493
f 3968 	3896 	3971
f 3952 	3890 	3963
f 4197 	3739 	3208
f 3973 	3045 	2940
f 3969 	3963 	3962
f 3972 	3057 	3973
f 3972 	3973 	3919
f 3969 	3962 	3966
f 3959 	3554 	3970
f 4022 	4011 	3267
f 3250 	3953 	4022
f 3267 	3250 	4022
f 3956 	3968 	3971
f 4011 	3274 	3272
f 3674 	3554 	3959
f 3967 	4152 	4156
f 3919 	3926 	3972
f 3926 	3996 	3972
f 3972 	3996 	3057
f 3967 	1673 	4109
f 3243 	3842 	3931
f 3956 	3971 	3974
f 3967 	4109 	4152
f 3952 	3963 	3969
f 3993 	3975 	3976
f 3850 	3849 	3939
f 4702 	4746 	3967
f 3945 	3952 	3969
f 3837 	3941 	3942
f 3743 	3872 	3977
f 3965 	3896 	3968
f 3967 	1493 	1673
f 3942 	3838 	3837
f 4020 	3926 	3949
f 4760 	3958 	3967
f 3967 	4746 	4936
f 3967 	4936 	4760
f 3979 	3746 	3977
f 3892 	3124 	3955
f 3988 	3979 	3977
f 1528 	1493 	3984
f 3902 	3950 	5191
f 3955 	3974 	3892
f 2829 	3975 	2750
f 3054 	3995 	4073
f 3950 	3946 	5191
f 3984 	1537 	1528
f 4044 	4031 	3880
f 3867 	3977 	3872
f 3990 	4034 	2967
f 3947 	3844 	3948
f 3045 	3973 	3042
f 3866 	3665 	3993
f 3973 	3035 	3042
f 3993 	3665 	3975
f 3844 	3939 	3948
f 3993 	3976 	3866
f 3676 	3678 	3998
f 3955 	4002 	3974
f 3974 	4002 	3956
f 3998 	3678 	3986
f 3213 	3266 	4002
f 3999 	4021 	4001
f 3988 	3977 	3867
f 3266 	3315 	4002
f 3937 	3988 	3867
f 4000 	3992 	4004
f 3213 	4002 	3159
f 3887 	3986 	3500
f 4021 	2852 	2857
f 3997 	2852 	4021
f 3987 	3878 	3989
f 3991 	3878 	3987
f 3985 	3878 	3991
f 3981 	3982 	3878
f 3982 	3918 	3878
f 3918 	3920 	3878
f 3920 	3925 	3878
f 3978 	3981 	3878
f 3986 	3678 	3500
f 3836 	3885 	4008
f 3992 	4000 	4001
f 3999 	3997 	4021
f 3992 	4001 	4021
f 3926 	4020 	4006
f 3924 	3836 	4008
f 3986 	4065 	3998
f 5727 	4006 	4003
f 4015 	1560 	1537
f 3885 	3880 	4008
f 7578 	3939 	3980
f 5727 	3996 	4006
f 4002 	3193 	3159
f 1537 	3984 	4015
f 3926 	4006 	3996
f 4065 	4005 	3998
f 3302 	3931 	3942
f 3054 	3070 	3995
f 4001 	4000 	4028
f 3302 	3942 	3941
f 4028 	3999 	4001
f 4002 	3315 	4093
f 4010 	4007 	4110
f 4093 	3956 	4002
f 3983 	3994 	4015
f 5731 	4003 	4063
f 3984 	3983 	4015
f 4011 	4009 	3274
f 5731 	4063 	5739
f 4213 	4007 	7653
f 4015 	1548 	1549
f 4015 	1549 	1560
f 4017 	4063 	4003
f 4038 	3997 	3999
f 3773 	4016 	3772
f 7578 	3302 	3941
f 4017 	4003 	4006
f 3955 	3193 	4002
f 4015 	4012 	1548
f 4006 	4020 	4017
f 4016 	3773 	4018
f 3272 	3267 	4011
f 4018 	2794 	4016
f 4110 	4014 	4010
f 4011 	4058 	4009
f 2857 	2858 	4021
f 2802 	4021 	2856
f 6914 	4016 	2794
f 5362 	3990 	4021
f 3278 	4008 	3329
f 3994 	4012 	4015
f 7601 	4024 	7609
f 3773 	3775 	4018
f 4025 	4024 	7601
f 3949 	4161 	4020
f 4027 	4025 	7601
f 3953 	3935 	4022
f 4011 	4022 	3935
f 3911 	4060 	3852
f 6914 	3772 	4016
f 4110 	3951 	3877
f 4038 	5362 	4026
f 2963 	4026 	5362
f 2971 	2963 	5362
f 4028 	3990 	4038
f 5362 	4038 	3990
f 4018 	3775 	3764
f 4037 	4060 	3911
f 4039 	4023 	4040
f 3992 	4021 	3990
f 4720 	3818 	4605
f 3998 	4047 	3676
f 2852 	3997 	4026
f 4041 	3894 	3910
f 4042 	4023 	4043
f 4026 	2963 	2852
f 3998 	4005 	4047
f 4029 	4028 	4000
f 4043 	4023 	4049
f 4014 	4110 	3877
f 4200 	3960 	4033
f 4014 	3877 	3857
f 4018 	843 	7569
f 4014 	4019 	4057
f 4029 	4000 	4004
f 4029 	4004 	4034
f 4050 	4049 	4023
f 4042 	4040 	4023
f 4036 	4032 	4023
f 4032 	4027 	7601
f 4038 	4026 	3997
f 4014 	4057 	4010
f 4052 	4050 	4023
f 4038 	3999 	4028
f 3960 	4172 	3293
f 2967 	4034 	4004
f 4019 	4014 	3857
f 4172 	3960 	4171
f 4047 	3764 	3676
f 4029 	3990 	4028
f 3990 	4029 	4034
f 4047 	4018 	3764
f 4041 	4083 	4254
f 3959 	4019 	3886
f 4019 	3959 	3961
f 3317 	4074 	4056
f 3852 	4045 	3880
f 4019 	3961 	4057
f 4061 	3317 	4059
f 3954 	3976 	2829
f 4056 	4059 	3317
f 3976 	3975 	2829
f 3954 	3866 	3976
f 3852 	4060 	4045
f 4045 	4060 	4044
f 4060 	4031 	4044
f 4058 	4051 	5136
f 4005 	4065 	10307
f 4066 	7618 	4064
f 4068 	4069 	4007
f 4070 	7618 	4066
f 4072 	3317 	4071
f 3822 	3818 	4077
f 4077 	3818 	4051
f 4010 	4068 	4007
f 4062 	3317 	4061
f 4018 	4047 	847
f 4010 	4057 	4068
f 4073 	3995 	4076
f 4070 	4071 	7618
f 4072 	4074 	3317
f 7618 	4071 	3317
f 3475 	4055 	4075
f 4005 	847 	4047
f 4078 	4068 	4079
f 4051 	4058 	4077
f 4073 	4041 	3910
f 4081 	4080 	4075
f 4058 	3731 	4077
f 4079 	4068 	4057
f 847 	843 	4018
f 3884 	3883 	4080
f 4085 	4083 	4073
f 4081 	3884 	4080
f 4076 	4085 	4073
f 4077 	3731 	3822
f 3880 	4045 	4044
f 4058 	5136 	4087
f 4035 	4082 	4030
f 4084 	4030 	4082
f 4079 	4057 	3961
f 4087 	4013 	4058
f 4050 	4061 	4059
f 4085 	4090 	4083
f 4050 	4052 	4061
f 4079 	4091 	4078
f 3945 	4055 	3946
f 3961 	3970 	4091
f 4041 	4073 	4083
f 4092 	4055 	3945
f 4058 	4013 	4009
f 4053 	4024 	4054
f 3380 	3648 	4093
f 3970 	4099 	4091
f 3648 	3659 	4093
f 4054 	4025 	4064
f 4027 	4064 	4025
f 3356 	3380 	4093
f 4055 	5191 	3946
f 3970 	3694 	4099
f 4064 	4027 	4066
f 4075 	4055 	4092
f 4091 	4079 	3961
f 3826 	4094 	4095
f 4130 	3813 	3979
f 3968 	3956 	4093
f 4072 	4042 	4074
f 4055 	5477 	5239
f 3968 	4093 	3659
f 4055 	5239 	5191
f 4042 	4043 	4074
f 4085 	5801 	4090
f 4030 	4084 	4046
f 4096 	3813 	4130
f 4075 	4092 	4081
f 4048 	4089 	1593
f 3329 	4008 	4097
f 4031 	4097 	4008
f 4046 	4084 	4067
f 4097 	4031 	4060
f 3854 	4081 	4114
f 4053 	7609 	4024
f 4089 	1604 	1593
f 4025 	4054 	4024
f 1661 	4112 	1642
f 4106 	3840 	4104
f 4066 	4027 	4032
f 4037 	4201 	4101
f 4112 	4048 	1642
f 4036 	4070 	4032
f 4066 	4032 	4070
f 4048 	1593 	1642
f 3616 	4099 	3581
f 4201 	4037 	3720
f 329 	316 	4858
f 4070 	4036 	4071
f 4039 	4071 	4036
f 4097 	4060 	4102
f 4040 	4072 	4071
f 4040 	4071 	4039
f 4097 	4102 	4103
f 2725 	4080 	3883
f 4072 	4040 	4042
f 4103 	4102 	4107
f 4056 	4074 	4043
f 4107 	4102 	4101
f 4060 	4037 	4101
f 4101 	4102 	4060
f 4049 	4059 	4056
f 4049 	4056 	4043
f 4059 	4049 	4050
f 4108 	3966 	3847
f 4104 	3860 	4106
f 4062 	4061 	4052
f 3860 	3863 	4106
f 4098 	316 	313
f 3966 	4108 	3969
f 7601 	7669 	4023
f 4007 	4217 	4110
f 3899 	4106 	3865
f 4023 	3071 	3285
f 3847 	3848 	4114
f 4097 	4103 	3348
f 4116 	3724 	3725
f 3847 	4114 	4108
f 4108 	4114 	4092
f 4114 	4081 	4092
f 4007 	4069 	4228
f 3868 	4116 	3725
f 4108 	4092 	3945
f 3777 	4100 	4113
f 3945 	3969 	4108
f 4213 	4217 	4007
f 4156 	4115 	4111
f 3989 	3874 	4120
f 4121 	4122 	402
f 3848 	3854 	4114
f 4126 	4148 	9652
f 3856 	4138 	3667
f 4104 	3878 	3879
f 3777 	4149 	4100
f 3979 	3988 	4130
f 4122 	5274 	296
f 4133 	4132 	4023
f 4132 	4052 	4023
f 4115 	4156 	4123
f 4135 	4133 	4023
f 4122 	296 	403
f 4113 	3778 	3777
f 4136 	4135 	4023
f 4075 	4080 	3475
f 4127 	7604 	4130
f 4122 	4121 	4198
f 4112 	4180 	4123
f 4141 	9652 	4142
f 4143 	4142 	9652
f 7604 	7625 	4130
f 4145 	9652 	4146
f 4106 	3863 	3865
f 403 	402 	4122
f 4130 	7625 	7638
f 4129 	4128 	9652
f 4128 	4126 	9652
f 4147 	9652 	4148
f 9652 	4147 	4146
f 9652 	4145 	4143
f 4139 	4023 	4141
f 9652 	4141 	4023
f 4139 	4136 	4023
f 4130 	3988 	4160
f 4104 	3879 	3860
f 3332 	3778 	4113
f 4112 	4123 	4152
f 4160 	3927 	4127
f 4197 	3208 	3840
f 4118 	4117 	9652
f 4117 	4124 	9652
f 9652 	4124 	4125
f 9652 	4125 	4131
f 4131 	4129 	9652
f 4112 	4152 	4048
f 4134 	4138 	4137
f 4127 	3832 	7604
f 4280 	3853 	4154
f 4243 	4116 	4137
f 4127 	4130 	4160
f 4151 	4156 	4111
f 4154 	3787 	6597
f 4159 	4104 	3353
f 4160 	3988 	3937
f 4159 	3878 	4104
f 4156 	4152 	4123
f 3927 	4160 	3937
f 9441 	4162 	2775
f 4120 	4159 	4251
f 4017 	4020 	4161
f 4161 	4063 	4017
f 375 	329 	4858
f 4163 	2775 	4162
f 4158 	2775 	4157
f 4157 	2775 	4155
f 4164 	4162 	9441
f 4150 	3027 	4165
f 4211 	375 	4858
f 4169 	9441 	4168
f 4211 	378 	375
f 3659 	4134 	4170
f 4152 	4089 	4048
f 4244 	4121 	374
f 4164 	9441 	4175
f 4173 	9441 	4169
f 4134 	4137 	4170
f 3881 	3878 	4159
f 4174 	4144 	4150
f 3659 	3667 	4138
f 3874 	3881 	4159
f 4159 	4120 	3874
f 4178 	4174 	4150
f 3659 	4138 	4134
f 4179 	3317 	4177
f 4180 	4111 	4115
f 4184 	3317 	4179
f 4177 	3317 	4062
f 484 	489 	4183
f 3868 	3965 	4170
f 4186 	3317 	4185
f 4185 	3317 	4184
f 4153 	4183 	489
f 4200 	4176 	4171
f 4150 	4165 	4178
f 4115 	4123 	4180
f 4190 	9441 	4189
f 4192 	9441 	4190
f 4193 	9441 	4192
f 4194 	9441 	4193
f 4172 	4171 	4176
f 4195 	9441 	4194
f 4096 	4130 	4166
f 4116 	4187 	3724
f 4168 	9441 	4195
f 4172 	4176 	3820
f 4202 	4167 	4166
f 3965 	3968 	4170
f 4182 	4191 	3739
f 4189 	9441 	4188
f 3317 	4188 	9441
f 4186 	4188 	3317
f 4170 	4116 	3868
f 4173 	4175 	9441
f 3827 	4172 	3820
f 3659 	4170 	3968
f 1661 	4111 	4180
f 4170 	4137 	4116
f 4112 	1661 	4180
f 4150 	5079 	4287
f 4109 	4089 	4152
f 4202 	4196 	4167
f 4197 	4106 	3899
f 4106 	4197 	3840
f 4182 	3914 	4191
f 4150 	3062 	3019
f 4037 	4204 	3720
f 3906 	3901 	4182
f 4182 	3901 	3914
f 4166 	4130 	4202
f 4201 	4107 	4101
f 4182 	4181 	3906
f 4175 	4131 	4164
f 4171 	3960 	4200
f 4200 	4203 	4176
f 4197 	3899 	4181
f 3867 	3720 	4204
f 4041 	4203 	4200
f 3899 	3906 	4181
f 4033 	4041 	4200
f 4191 	3914 	3915
f 4176 	4203 	4199
f 4151 	3967 	4156
f 4141 	4142 	4188
f 4067 	3967 	4206
f 4142 	4143 	4189
f 4205 	4201 	3720
f 3733 	3728 	4205
f 3720 	3733 	4205
f 4147 	4194 	4193
f 3832 	4204 	4037
f 4209 	4215 	3918
f 4147 	4148 	4194
f 3832 	3867 	4204
f 4275 	4149 	4140
f 4196 	4202 	7638
f 4206 	3967 	4207
f 4201 	4205 	4107
f 3080 	3081 	4165
f 3027 	3080 	4165
f 4275 	4100 	4149
f 4202 	4130 	7638
f 7862 	7894 	4119
f 3967 	4208 	4207
f 4212 	4238 	3805
f 4113 	4100 	4210
f 4210 	4239 	4105
f 3925 	4191 	3915
f 4210 	4105 	3949
f 3920 	3918 	4215
f 4210 	3949 	4113
f 4208 	3967 	4151
f 4129 	4131 	4173
f 4214 	3062 	4150
f 4131 	4125 	4164
f 4117 	4155 	4124
f 4067 	4220 	4046
f 4215 	4218 	3920
f 4220 	4231 	4046
f 4155 	4117 	4157
f 4157 	4118 	4158
f 4219 	4176 	4199
f 4218 	4191 	3925
f 4224 	4226 	4207
f 4162 	4125 	4163
f 3925 	3920 	4218
f 3782 	4223 	3912
f 4155 	4163 	4124
f 3821 	4216 	3833
f 4217 	3951 	4110
f 4214 	4241 	4237
f 4128 	4169 	4168
f 4219 	4216 	3821
f 4129 	4173 	4169
f 4129 	4169 	4128
f 4219 	3821 	3820
f 4175 	4173 	4131
f 4111 	4231 	4224
f 4241 	4227 	4222
f 4132 	4133 	4177
f 4219 	3820 	4176
f 4228 	4229 	4007
f 4133 	4135 	4179
f 4303 	3739 	4191
f 3739 	4303 	4094
f 4135 	4136 	4184
f 4120 	4251 	4249
f 3789 	4230 	4225
f 4185 	4139 	4186
f 4219 	4199 	4356
f 4186 	4139 	4141
f 4186 	4141 	4188
f 7664 	4007 	4229
f 4189 	4188 	4142
f 4229 	4236 	4234
f 4111 	1661 	4231
f 4190 	4189 	4143
f 4220 	4226 	4231
f 7460 	7475 	3789
f 4356 	4199 	4203
f 4192 	4190 	4145
f 4143 	4145 	4190
f 4216 	4219 	4356
f 4145 	4146 	4192
f 4224 	4231 	4226
f 4165 	3081 	4237
f 4148 	4126 	4195
f 4210 	4317 	4239
f 4212 	4248 	4238
f 4480 	4477 	4231
f 4236 	4229 	4228
f 4249 	4235 	4120
f 4233 	4235 	4249
f 4118 	4157 	4117
f 4877 	4236 	4228
f 4161 	4105 	4239
f 3805 	4238 	7461
f 378 	4211 	4242
f 4159 	3357 	4251
f 4119 	4158 	4118
f 4046 	4231 	4030
f 3903 	4243 	4137
f 4244 	378 	4242
f 4985 	4234 	4236
f 4241 	4240 	4165
f 4124 	4163 	4125
f 4237 	4241 	4165
f 4248 	4243 	3903
f 7664 	4229 	4234
f 4203 	4254 	4246
f 4168 	4195 	4126
f 4138 	3877 	4137
f 4168 	4126 	4128
f 4235 	4233 	3987
f 3903 	4137 	3877
f 4208 	4111 	4224
f 4235 	3987 	3989
f 374 	378 	4244
f 4224 	4207 	4208
f 4233 	3991 	3987
f 4162 	4164 	4125
f 4116 	4243 	4187
f 4165 	4240 	4245
f 4206 	4220 	4067
f 4062 	4052 	4132
f 4177 	4062 	4132
f 4207 	4226 	4206
f 4179 	4177 	4133
f 4120 	4235 	3989
f 7672 	7664 	4234
f 4208 	4151 	4111
f 4184 	4179 	4135
f 4203 	4041 	4254
f 4242 	4266 	4244
f 4220 	4206 	4226
f 4185 	4184 	4136
f 4233 	3985 	3991
f 4185 	4136 	4139
f 2669 	3470 	2105
f 4300 	4245 	4247
f 3470 	2669 	3485
f 4246 	4375 	4370
f 4252 	3485 	2669
f 4193 	4192 	4146
f 4187 	4243 	4248
f 2781 	4255 	2669
f 4147 	4193 	4146
f 4252 	4298 	3485
f 4195 	4194 	4148
f 4252 	2669 	4255
f 4255 	4298 	4252
f 2798 	4253 	1661
f 4290 	4255 	2781
f 4251 	3355 	4249
f 4211 	4551 	4242
f 3832 	4223 	4271
f 3355 	3347 	4249
f 3832 	4037 	3912
f 3357 	3355 	4251
f 4223 	3832 	3912
f 4249 	3347 	4296
f 4231 	1661 	4253
f 4257 	3493 	4357
f 4240 	4241 	4222
f 4256 	4198 	4121
f 4247 	4245 	4232
f 4121 	4244 	4256
f 3856 	3877 	4138
f 4257 	2846 	2867
f 4222 	4245 	4240
f 4222 	4221 	4245
f 4245 	4221 	4232
f 4435 	4339 	2846
f 4266 	4256 	4244
f 3062 	4237 	3081
f 4214 	4227 	4241
f 4271 	4225 	4230
f 3978 	4260 	4259
f 3981 	3978 	4259
f 4153 	4270 	4183
f 4183 	4270 	4940
f 4271 	4223 	4225
f 4232 	4287 	4247
f 3985 	4233 	4260
f 3903 	7593 	4238
f 4435 	2846 	4351
f 4233 	4249 	4260
f 3903 	4238 	4248
f 4295 	4274 	4275
f 3985 	4260 	3978
f 4263 	4272 	4346
f 4257 	4351 	2846
f 4295 	4308 	4274
f 4347 	4265 	4263
f 4209 	3918 	3982
f 4308 	4309 	4274
f 4263 	4346 	4347
f 4260 	4249 	4259
f 4249 	4278 	4259
f 4400 	4269 	4268
f 3982 	3981 	4278
f 3981 	4259 	4278
f 2846 	4277 	2847
f 4278 	4209 	3982
f 3062 	4214 	4237
f 4275 	4274 	4210
f 4282 	4283 	4286
f 2846 	4339 	4277
f 4283 	4284 	4285
f 4100 	4275 	4210
f 4285 	4286 	4283
f 6593 	6608 	4280
f 8003 	8032 	4273
f 4289 	4247 	4287
f 4275 	3802 	4280
f 4288 	4290 	2781
f 4249 	4209 	4278
f 3749 	3802 	4275
f 3853 	4280 	3802
f 4295 	4275 	4280
f 4275 	4140 	3749
f 4290 	4302 	4305
f 4290 	4305 	4255
f 4279 	4283 	4282
f 4221 	4222 	4150
f 4214 	4150 	4227
f 4261 	4231 	4253
f 4227 	4150 	4222
f 3485 	4299 	3616
f 4232 	4221 	4150
f 4216 	3858 	3833
f 4247 	4289 	4300
f 3493 	3529 	4357
f 4290 	4288 	4302
f 4303 	4306 	4094
f 7098 	7066 	4283
f 4293 	4354 	4297
f 4216 	4356 	3858
f 4279 	4282 	4281
f 7098 	4283 	4279
f 4297 	4354 	4344
f 4303 	4191 	4218
f 4150 	4287 	4232
f 4304 	4595 	4264
f 4303 	4218 	4215
f 4255 	4305 	4298
f 4303 	4215 	4209
f 4301 	3858 	4356
f 7001 	7043 	4285
f 4296 	4303 	4249
f 3485 	4298 	4299
f 4253 	4587 	4593
f 4253 	4593 	4261
f 4249 	4303 	4209
f 4258 	4262 	4325
f 4298 	4374 	4299
f 8027 	8028 	4281
f 4303 	5197 	4306
f 4298 	4305 	4374
f 5216 	4150 	4144
f 4293 	4369 	4354
f 4274 	4309 	6647
f 4268 	4269 	4601
f 4293 	4292 	4369
f 4299 	4383 	3616
f 4264 	4601 	4269
f 4306 	5197 	4095
f 4792 	3616 	4383
f 4094 	4306 	4095
f 4245 	4300 	4307
f 4264 	4595 	4608
f 4165 	4245 	4307
f 4288 	4313 	4500
f 4307 	4178 	4165
f 4601 	4264 	4608
f 4307 	4174 	4178
f 2819 	4314 	4288
f 4288 	4314 	4313
f 4307 	4310 	4174
f 4279 	4319 	4321
f 4291 	4262 	3302
f 3302 	4265 	4291
f 4330 	4312 	4317
f 3441 	4358 	3317
f 2923 	4322 	2998
f 4279 	4281 	4319
f 3386 	3341 	4258
f 4325 	4326 	4337
f 4343 	4335 	4326
f 4262 	4326 	4325
f 4326 	4262 	4291
f 4322 	4313 	4314
f 4327 	4330 	6688
f 4320 	4211 	4086
f 4327 	4312 	4330
f 4291 	4343 	4326
f 4322 	4314 	2998
f 4328 	4324 	4311
f 4325 	3386 	4258
f 4274 	4330 	4210
f 4321 	4319 	8010
f 4316 	4334 	4315
f 4366 	8010 	4319
f 4323 	4315 	4334
f 4336 	4332 	4329
f 3418 	3386 	4331
f 3893 	3828 	4778
f 4337 	4326 	4335
f 4331 	4325 	4337
f 4325 	4331 	3386
f 4333 	4335 	4343
f 4347 	4333 	4343
f 4210 	4330 	4317
f 4340 	4341 	3869
f 4358 	3418 	4331
f 4362 	4361 	4333
f 4333 	4361 	4335
f 4324 	4381 	4316
f 4336 	4329 	4144
f 4344 	4318 	4294
f 4344 	4294 	4297
f 4343 	4291 	4347
f 4086 	4318 	4344
f 4301 	4370 	4342
f 4281 	8028 	4338
f 4344 	4320 	4086
f 3869 	4082 	4340
f 4355 	4328 	3622
f 4277 	4339 	4496
f 4272 	4345 	4346
f 4084 	4082 	3869
f 4174 	4336 	4144
f 4344 	4354 	4320
f 4440 	4447 	4345
f 4350 	4346 	4348
f 4333 	4347 	4350
f 4346 	4350 	4347
f 4345 	4348 	4346
f 3869 	4067 	4084
f 4362 	4333 	4350
f 4348 	4362 	4350
f 4267 	4345 	4272
f 4353 	4351 	4352
f 4351 	4357 	4352
f 3529 	3623 	4357
f 4291 	4265 	4347
f 4356 	4203 	4246
f 4281 	4338 	4349
f 4352 	4391 	4353
f 3826 	4355 	3806
f 3660 	3806 	4355
f 4349 	4319 	4281
f 7845 	7847 	4359
f 4349 	4366 	4319
f 4370 	4356 	4246
f 4364 	4361 	7847
f 4361 	4362 	7847
f 4362 	4359 	7847
f 7847 	7618 	4364
f 4370 	4301 	4356
f 4357 	4351 	4257
f 4335 	4361 	4364
f 4371 	4379 	4332
f 4348 	4359 	4362
f 4360 	4367 	4340
f 4332 	4336 	4371
f 4337 	4368 	4331
f 4358 	4331 	4368
f 4335 	4364 	4368
f 4335 	4368 	4337
f 4082 	4035 	4360
f 4340 	4082 	4360
f 4367 	4341 	4340
f 3642 	3660 	4355
f 3763 	4341 	4367
f 4369 	4320 	4354
f 4318 	4086 	4088
f 4231 	3828 	4030
f 4375 	4472 	4475
f 4381 	4324 	4328
f 4328 	4355 	4381
f 4373 	4372 	4378
f 3828 	4360 	4035
f 3828 	4035 	4030
f 4383 	4299 	4374
f 4316 	4381 	4365
f 4374 	4792 	4383
f 4404 	4378 	4372
f 3828 	3792 	4367
f 5078 	4318 	4088
f 4381 	4355 	4365
f 6758 	4375 	4384
f 4365 	4363 	4316
f 3828 	4367 	4360
f 4373 	8079 	4372
f 4316 	4363 	4334
f 4231 	4857 	4827
f 4375 	4475 	4384
f 4366 	4386 	8062
f 4276 	4388 	4294
f 3792 	3763 	4367
f 4292 	4395 	4385
f 4293 	4395 	4292
f 4440 	4267 	4273
f 4353 	4391 	4390
f 4366 	4349 	4386
f 4294 	4388 	4297
f 4174 	4310 	4371
f 4371 	4336 	4174
f 4297 	4388 	4293
f 170 	159 	4389
f 4396 	4407 	4398
f 4373 	4378 	4394
f 4417 	4392 	4161
f 4398 	4407 	4403
f 4388 	4395 	4293
f 4397 	4239 	4317
f 3494 	3499 	4401
f 4390 	4402 	4353
f 159 	4399 	4389
f 3506 	4405 	4401
f 4332 	4396 	4329
f 54 	9970 	4426
f 4397 	4417 	4239
f 9970 	137 	4426
f 4394 	4378 	4404
f 4401 	3499 	3506
f 4338 	4394 	4404
f 164 	4389 	3791
f 4338 	4404 	4408
f 4426 	159 	54
f 4386 	4349 	4338
f 4405 	4410 	4401
f 4454 	4411 	4402
f 4408 	4413 	4338
f 4406 	4407 	4396
f 170 	4389 	164
f 4410 	4412 	4401
f 4415 	4353 	4411
f 4323 	4484 	4485
f 4161 	4239 	4417
f 4405 	4507 	4410
f 4413 	4386 	4338
f 4402 	4411 	4353
f 4392 	4417 	4421
f 4406 	4396 	4332
f 4411 	4439 	4415
f 4391 	4352 	3785
f 4323 	4485 	4414
f 4063 	4392 	5813
f 4391 	3812 	4390
f 4401 	4412 	4419
f 4063 	4161 	4392
f 4391 	3785 	3812
f 4421 	4417 	4397
f 4392 	4421 	4397
f 4405 	3619 	4507
f 4422 	4416 	4418
f 4427 	4246 	4254
f 4423 	4302 	4288
f 2930 	4398 	4403
f 4231 	4477 	4462
f 4420 	4422 	4418
f 2930 	4841 	4398
f 4288 	4500 	4423
f 4305 	4302 	4425
f 4419 	4409 	4401
f 4374 	4305 	4425
f 4351 	4353 	4435
f 4419 	4412 	4508
f 4408 	8052 	4413
f 4418 	4424 	4420
f 4302 	4423 	4442
f 4427 	4254 	4083
f 4419 	4508 	4509
f 4302 	4442 	4425
f 4083 	4429 	4427
f 4426 	4399 	159
f 4430 	4472 	4427
f 4382 	4409 	4509
f 2930 	4403 	2933
f 4400 	4428 	4636
f 4638 	4636 	4428
f 4409 	4419 	4509
f 4798 	4425 	4829
f 4400 	4636 	4639
f 4429 	4430 	4427
f 4433 	4408 	4404
f 4396 	4398 	4844
f 4429 	4434 	4430
f 4433 	4404 	4372
f 4496 	4339 	4435
f 4433 	4372 	4432
f 5915 	4495 	4430
f 8153 	4433 	4432
f 4332 	4379 	4406
f 4435 	4353 	4415
f 4376 	4464 	8078
f 4434 	4438 	4430
f 2955 	4403 	3191
f 4420 	4431 	4422
f 5915 	4430 	4438
f 182 	218 	4437
f 2955 	2933 	4403
f 4090 	4438 	4083
f 4345 	4267 	4440
f 4415 	4439 	4436
f 4083 	4438 	4429
f 4521 	4496 	4435
f 4446 	182 	4437
f 4415 	4436 	4435
f 4418 	4441 	4424
f 4429 	4438 	4434
f 4246 	4427 	4472
f 4432 	4372 	4481
f 4472 	4375 	4246
f 4447 	4440 	4445
f 4431 	4420 	4506
f 4348 	4345 	4447
f 4440 	8080 	4445
f 4444 	4445 	8080
f 4437 	4517 	4446
f 4231 	4261 	4480
f 4443 	4471 	4487
f 4428 	4400 	4268
f 4442 	4829 	4425
f 4489 	4445 	4444
f 4489 	4444 	4487
f 4443 	4487 	4444
f 4480 	4261 	4304
f 4544 	4431 	4452
f 4312 	6680 	6793
f 4312 	6793 	4455
f 4456 	4507 	3577
f 4397 	4312 	4455
f 4329 	4516 	4505
f 4397 	4317 	4312
f 4458 	4507 	4456
f 4467 	4509 	4457
f 4478 	4329 	4396
f 4397 	4455 	4449
f 4458 	4504 	4460
f 4483 	4402 	4390
f 4460 	4504 	4501
f 4460 	4501 	4457
f 4463 	4517 	3791
f 4464 	4376 	4377
f 4389 	4463 	3791
f 4454 	4848 	4411
f 4380 	4464 	4377
f 4467 	4464 	4380
f 4509 	4467 	4382
f 4466 	4469 	4465
f 4399 	4463 	4389
f 4703 	4603 	9602
f 3812 	3813 	4459
f 4443 	8078 	4471
f 4475 	6805 	4384
f 4476 	4465 	4469
f 4470 	4471 	4464
f 4464 	4467 	4470
f 4473 	4470 	4467
f 4539 	4452 	4461
f 4096 	4459 	3813
f 4457 	4473 	4467
f 4453 	4539 	4461
f 4471 	4470 	4497
f 4471 	4497 	4498
f 4399 	4474 	4463
f 4539 	4453 	1486
f 4471 	4498 	4487
f 4472 	4430 	4475
f 3812 	4459 	4390
f 4479 	4432 	4481
f 4473 	4497 	4470
f 4468 	4479 	4481
f 4501 	4473 	4457
f 4430 	4492 	4475
f 4382 	4467 	4380
f 4459 	4483 	4390
f 4481 	4448 	4468
f 4402 	4483 	4454
f 4492 	6830 	4475
f 4445 	4489 	4490
f 4482 	4484 	4323
f 4475 	6830 	6805
f 4514 	4557 	3189
f 4476 	4466 	4465
f 4447 	4445 	4490
f 4447 	4490 	4491
f 4482 	4323 	4334
f 4487 	8264 	4489
f 4477 	4671 	4462
f 4348 	4447 	4359
f 4491 	4359 	4447
f 4492 	4430 	4495
f 8262 	7845 	4490
f 4490 	4489 	8262
f 4469 	4466 	4462
f 4521 	3038 	2851
f 4494 	4456 	3601
f 4456 	3577 	3601
f 4304 	4264 	4480
f 3607 	3511 	3601
f 3601 	8114 	4494
f 4400 	4480 	4269
f 4264 	4269 	4480
f 4400 	4639 	4480
f 4499 	4497 	4473
f 4478 	4752 	4488
f 4473 	4501 	4499
f 1486 	4453 	4510
f 4501 	8114 	4499
f 4456 	4494 	4503
f 4456 	4503 	4458
f 1494 	1496 	4510
f 4458 	4503 	4504
f 4485 	4387 	4414
f 4503 	4494 	8114
f 4668 	4387 	4485
f 4510 	4453 	4461
f 4504 	4503 	8114
f 4480 	4639 	4673
f 4668 	4538 	4387
f 4372 	8814 	4481
f 4506 	4420 	4493
f 4505 	4768 	4486
f 8079 	8814 	4372
f 4522 	1494 	4510
f 4479 	8163 	4432
f 4522 	4493 	1494
f 3625 	3574 	3619
f 4507 	3619 	3577
f 4458 	4460 	4509
f 4460 	4457 	4509
f 4509 	4508 	4458
f 4507 	4458 	4508
f 8163 	4479 	4468
f 4329 	4505 	4486
f 4508 	4412 	4410
f 4859 	4512 	4502
f 1502 	1486 	4510
f 4512 	2345 	4502
f 4828 	4329 	4486
f 4508 	4410 	4507
f 1502 	4510 	1496
f 4516 	4329 	4488
f 4448 	4515 	4468
f 3189 	4511 	4514
f 3505 	8093 	3511
f 8093 	3505 	3503
f 4446 	4474 	4426
f 4685 	4519 	4520
f 2392 	2338 	4534
f 4506 	4461 	4452
f 4594 	4517 	4437
f 4501 	4504 	8114
f 8114 	3601 	3511
f 8114 	3511 	8093
f 4506 	4522 	4461
f 4478 	4488 	4329
f 4466 	4476 	4520
f 4493 	4522 	4506
f 4446 	4517 	4474
f 4510 	4461 	4522
f 4526 	4527 	4515
f 3791 	4517 	3755
f 4488 	4752 	4516
f 4452 	4431 	4506
f 4524 	4550 	4528
f 1754 	1755 	4525
f 1512 	1494 	4493
f 4517 	3757 	3755
f 4493 	4420 	4424
f 4424 	4531 	4493
f 4424 	4441 	4531
f 4474 	4517 	4463
f 4277 	4521 	2851
f 1512 	4493 	4531
f 4496 	4521 	4277
f 4517 	3818 	3762
f 1740 	1735 	4512
f 4517 	3762 	3781
f 4512 	4859 	1740
f 4517 	3781 	3757
f 4474 	4399 	4426
f 4532 	4873 	4535
f 4532 	4808 	4873
f 4523 	4603 	4537
f 4534 	4852 	2870
f 4550 	4533 	4528
f 2870 	2392 	4534
f 4537 	3189 	4523
f 2338 	4852 	4534
f 4537 	4511 	3189
f 4826 	2427 	4825
f 4448 	4526 	4515
f 4825 	2427 	4780
f 4783 	4825 	4780
f 4787 	4825 	4785
f 3172 	4540 	3169
f 4539 	4242 	4544
f 4451 	4579 	4529
f 3209 	4568 	4545
f 4526 	4450 	4451
f 4529 	4530 	4451
f 4542 	195 	4543
f 4526 	4451 	4530
f 1486 	5491 	4539
f 4539 	4266 	4242
f 201 	195 	4542
f 4524 	4548 	4550
f 198 	4543 	195
f 4387 	4538 	4543
f 4540 	4322 	3169
f 4530 	4556 	4526
f 4538 	4542 	4543
f 4545 	4581 	4540
f 4369 	4544 	4551
f 4545 	4540 	3172
f 4552 	4542 	4538
f 4526 	4448 	4450
f 4553 	4544 	4369
f 4540 	4313 	4322
f 4553 	4369 	4292
f 4557 	3205 	3197
f 4416 	4553 	4292
f 4526 	4556 	4527
f 4641 	4558 	4542
f 4416 	4422 	4553
f 4422 	4431 	4553
f 4385 	4418 	4416
f 4641 	4627 	4558
f 4416 	4292 	4385
f 4547 	4560 	4546
f 4451 	8827 	4579
f 4550 	4562 	4554
f 4514 	4511 	4559
f 4555 	4554 	4562
f 4450 	8827 	4451
f 4514 	4559 	4557
f 4630 	201 	4558
f 4387 	4543 	198
f 4431 	4544 	4553
f 4542 	4558 	201
f 4550 	4554 	4561
f 4549 	4546 	4624
f 3205 	4557 	3200
f 4371 	4310 	5265
f 4550 	4567 	4562
f 4371 	5275 	4565
f 4624 	4546 	4560
f 4551 	4320 	4369
f 5265 	5278 	4371
f 4626 	4624 	4560
f 4550 	4548 	4718
f 4371 	5278 	5275
f 4550 	4718 	4567
f 4544 	4452 	4539
f 4547 	4626 	4560
f 4574 	218 	4575
f 4566 	1749 	4564
f 4211 	4320 	4551
f 4242 	4551 	4544
f 4546 	4549 	4578
f 4566 	1751 	1749
f 4549 	4563 	4578
f 4559 	4569 	4557
f 4546 	4578 	4547
f 4612 	4529 	4579
f 4612 	4572 	4570
f 4577 	4605 	4596
f 4575 	4577 	4596
f 4529 	4612 	4570
f 4581 	4545 	4568
f 4585 	4253 	4250
f 4573 	4575 	221
f 4547 	4578 	4620
f 4253 	4585 	4586
f 4587 	4586 	4584
f 4586 	4585 	4584
f 3209 	6471 	4568
f 4539 	5491 	4266
f 4586 	4587 	4253
f 4568 	4726 	4581
f 4717 	4588 	4571
f 4584 	4585 	4250
f 4442 	4423 	4618
f 4574 	4575 	4594
f 4304 	4593 	4595
f 4575 	4596 	4594
f 4642 	4570 	4572
f 4750 	4580 	4597
f 4594 	4437 	4574
f 4584 	4591 	4601
f 4601 	4608 	4584
f 4584 	4608 	4595
f 4584 	4595 	4593
f 4584 	4593 	4587
f 4437 	218 	4574
f 4621 	4645 	4565
f 4621 	4565 	4583
f 4261 	4593 	4304
f 4435 	4436 	4603
f 4621 	4583 	4582
f 4603 	4521 	4435
f 4594 	4596 	4517
f 4523 	4521 	4603
f 4577 	4573 	4605
f 4268 	4601 	4591
f 8827 	9328 	4579
f 4423 	4607 	4618
f 4571 	4605 	4573
f 4582 	4583 	5281
f 4588 	4605 	4571
f 4607 	4423 	4500
f 4605 	4517 	4596
f 4605 	4588 	4719
f 4720 	4605 	4719
f 4313 	4607 	4500
f 4313 	4540 	4607
f 4611 	4607 	4540
f 4616 	4716 	4597
f 4605 	3818 	4517
f 4550 	4612 	4533
f 4540 	4581 	4611
f 4612 	4550 	4576
f 4573 	4577 	4615
f 4573 	4615 	4575
f 4575 	4615 	4577
f 4612 	4576 	4572
f 4581 	4726 	4611
f 4575 	218 	119
f 221 	4575 	119
f 4610 	4613 	4617
f 4618 	4619 	4442
f 4579 	8923 	4612
f 4566 	4564 	4622
f 4550 	4561 	4576
f 4629 	2427 	4626
f 4622 	4564 	4881
f 4617 	4628 	4610
f 4624 	4626 	2427
f 4780 	2427 	4620
f 4629 	4620 	2427
f 4611 	4705 	4607
f 4627 	4647 	4630
f 4705 	4637 	4607
f 4623 	4624 	2737
f 2743 	2737 	4624
f 2427 	2743 	4624
f 4563 	4549 	4623
f 4705 	4611 	4634
f 4630 	4625 	242
f 4563 	4623 	4590
f 4549 	4624 	4623
f 4607 	4637 	4618
f 4635 	4638 	4428
f 4618 	4637 	4619
f 9344 	4529 	9286
f 4542 	4552 	4641
f 4638 	4686 	4636
f 4633 	5439 	4635
f 4635 	4686 	4638
f 4629 	4626 	4547
f 4620 	4629 	4547
f 4627 	4698 	4699
f 4428 	4393 	4635
f 4393 	4633 	4635
f 4885 	4640 	4887
f 4552 	4698 	4641
f 4572 	4576 	4642
f 4616 	4597 	4580
f 4698 	4627 	4641
f 4630 	4558 	4627
f 4554 	4555 	4642
f 4685 	4686 	4519
f 4576 	4554 	4642
f 4646 	2757 	4644
f 4617 	4659 	4628
f 4653 	4659 	4617
f 4592 	4590 	4646
f 4673 	4671 	4477
f 4643 	4589 	4602
f 4644 	4643 	4602
f 4647 	4625 	4630
f 4598 	4644 	4602
f 4646 	4644 	4592
f 4644 	4598 	4614
f 4647 	4627 	4795
f 4670 	4476 	4469
f 4576 	4561 	4554
f 4644 	4614 	4592
f 4795 	4625 	4647
f 350 	4640 	4763
f 4646 	4590 	4623
f 4569 	4648 	4557
f 4610 	4616 	4580
f 4684 	4513 	4518
f 4758 	4763 	4640
f 4662 	4729 	4650
f 4569 	4559 	4666
f 4627 	4699 	4795
f 4689 	5431 	4513
f 4513 	4684 	4689
f 4666 	4648 	4569
f 4648 	4666 	3221
f 4709 	4632 	4650
f 4658 	4661 	4650
f 3826 	4657 	4363
f 4536 	4541 	4683
f 4730 	4736 	4655
f 4660 	4658 	4811
f 4541 	4693 	4683
f 4661 	4658 	4660
f 4365 	4355 	3826
f 4660 	4804 	4658
f 4519 	4686 	4541
f 3826 	4363 	4365
f 3200 	4557 	4648
f 4477 	4480 	4673
f 4694 	4696 	4649
f 4632 	4662 	4649
f 4694 	4649 	4662
f 4363 	4663 	4482
f 4648 	3221 	3200
f 4656 	4665 	4918
f 4462 	4671 	4680
f 4650 	4694 	4662
f 4363 	4482 	4334
f 4098 	4712 	4711
f 4670 	4685 	4520
f 316 	4098 	4711
f 4672 	4538 	4668
f 4632 	4649 	4650
f 4712 	4098 	4667
f 4658 	4632 	4660
f 4670 	4520 	4476
f 4672 	4552 	4538
f 4814 	4658 	4661
f 4511 	4666 	4559
f 4709 	4650 	4661
f 4670 	4636 	4685
f 4680 	4636 	4670
f 4680 	4671 	4636
f 4639 	4671 	4673
f 4658 	4935 	4661
f 4667 	4086 	4211
f 4484 	4668 	4485
f 4935 	4658 	4814
f 4666 	4678 	4723
f 4613 	4651 	4617
f 4654 	4677 	4652
f 4666 	4723 	4669
f 4088 	4086 	4667
f 4672 	4679 	4552
f 4651 	4653 	4617
f 4678 	4666 	4511
f 4659 	4675 	4628
f 4639 	4636 	4671
f 4462 	4680 	4469
f 4678 	4511 	4537
f 4664 	4676 	4748
f 4680 	4670 	4469
f 4667 	5183 	4750
f 4682 	4663 	4363
f 4681 	4726 	4568
f 4589 	4730 	4655
f 4683 	4684 	4518
f 9178 	4651 	4613
f 4657 	4682 	4363
f 4628 	4675 	4631
f 4592 	4614 	4655
f 4657 	4668 	4682
f 4614 	4598 	4655
f 4733 	4726 	4681
f 4734 	4724 	4582
f 4656 	4652 	4677
f 4484 	4682 	4668
f 4655 	4590 	4592
f 4688 	4791 	4755
f 4657 	4672 	4668
f 4690 	3221 	7707
f 4683 	4518 	4536
f 4484 	4482 	4663
f 4691 	4688 	4640
f 4662 	4687 	4729
f 4686 	4693 	4541
f 4484 	4663 	4682
f 4655 	4602 	4589
f 4632 	4649 	4687
f 7707 	3221 	4666
f 4662 	4632 	4687
f 4697 	4672 	4657
f 4725 	4677 	4654
f 4676 	4692 	4748
f 4679 	4672 	4697
f 4655 	4736 	4692
f 4552 	4679 	4698
f 4692 	4736 	4748
f 4683 	4635 	4684
f 4693 	4635 	4683
f 4686 	4635 	4693
f 4685 	4636 	4686
f 4698 	4679 	4697
f 4684 	4635 	4689
f 4655 	4598 	4602
f 4697 	3826 	4095
f 4696 	4694 	4650
f 4578 	4563 	4655
f 4371 	4565 	4645
f 4563 	4590 	4655
f 4640 	4885 	4691
f 4704 	4649 	4371
f 4982 	4656 	4927
f 3958 	4760 	3983
f 4758 	4640 	4688
f 4371 	4645 	4704
f 4692 	4783 	4655
f 4656 	4982 	4993
f 4783 	4692 	4785
f 4804 	4632 	4658
f 4436 	9602 	4603
f 4665 	4916 	4918
f 4632 	4371 	4649
f 4703 	4537 	4603
f 4537 	4703 	4701
f 4700 	4702 	3967
f 4678 	4537 	4701
f 4697 	4795 	4698
f 4704 	4687 	4649
f 4697 	4799 	4795
f 4706 	4660 	4811
f 4600 	4597 	4716
f 4664 	4787 	4676
f 4634 	4749 	4705
f 4600 	4716 	4695
f 4709 	4661 	4660
f 4709 	4660 	4706
f 4709 	4706 	4710
f 4631 	4695 	4628
f 4789 	4787 	4664
f 4700 	3869 	4731
f 4706 	4804 	4660
f 4610 	4628 	4695
f 4716 	4610 	4695
f 4616 	4610 	4716
f 4649 	4704 	4650
f 4632 	4706 	4660
f 4667 	4211 	4712
f 4632 	4709 	4710
f 4705 	5036 	4637
f 4661 	4709 	4814
f 4717 	4810 	4720
f 4710 	4709 	4935
f 4661 	4935 	4709
f 4719 	4588 	4717
f 4719 	4717 	4720
f 4721 	4562 	4567
f 4707 	4715 	4708
f 4707 	4677 	4715
f 4722 	4721 	4567
f 4645 	4621 	4724
f 4723 	4678 	4701
f 4827 	4702 	4700
f 4742 	4802 	4801
f 4677 	4725 	4715
f 4724 	4621 	4582
f 4704 	4649 	4696
f 4696 	4650 	4704
f 4805 	4730 	4589
f 4717 	4571 	4573
f 4725 	4652 	4757
f 103 	4625 	4735
f 4733 	4739 	4726
f 4722 	4567 	4718
f 4727 	4745 	4737
f 4794 	4722 	4718
f 4645 	4729 	4704
f 4740 	4741 	4664
f 4726 	4634 	4611
f 4722 	4738 	4721
f 4802 	4742 	4743
f 4664 	4743 	4742
f 5154 	5149 	4718
f 4652 	4725 	4654
f 4757 	4761 	4725
f 4664 	4741 	4743
f 4687 	4704 	4729
f 4728 	8147 	4733
f 4734 	4729 	4724
f 4774 	4794 	4718
f 4726 	4751 	4634
f 4729 	4645 	4724
f 4748 	4740 	4664
f 4747 	4775 	4717
f 4742 	4674 	4664
f 4751 	4726 	4739
f 4759 	4765 	4524
f 4756 	4532 	4486
f 4750 	4533 	4612
f 4752 	4478 	4753
f 4751 	4749 	4634
f 4533 	4750 	4759
f 4773 	4751 	4739
f 4759 	4524 	4528
f 4688 	4755 	4758
f 4773 	4739 	7753
f 4760 	4762 	3983
f 4533 	4759 	4528
f 4742 	4801 	4674
f 4751 	5065 	4749
f 4727 	5150 	4763
f 4764 	4516 	4752
f 4755 	4763 	4758
f 4755 	4745 	4763
f 4754 	4735 	4818
f 4406 	4379 	4753
f 4750 	5183 	4765
f 4750 	4765 	4759
f 4597 	4600 	4750
f 4740 	4748 	4803
f 4768 	4756 	4486
f 4727 	4763 	4745
f 4747 	4767 	4769
f 3994 	4957 	4012
f 4747 	10260 	4767
f 4767 	10260 	248
f 7753 	4739 	4733
f 4762 	3994 	3983
f 4769 	4767 	4775
f 4748 	4736 	4806
f 4767 	4824 	4775
f 4747 	4769 	4775
f 4505 	4764 	4768
f 4717 	4775 	4810
f 4379 	4752 	4753
f 4877 	4228 	4069
f 4777 	4809 	4766
f 4764 	4752 	4379
f 4783 	4785 	4825
f 274 	4754 	4784
f 4379 	4768 	4764
f 4781 	4825 	4789
f 4756 	4379 	4804
f 4877 	4069 	4068
f 274 	269 	4754
f 4787 	4789 	4825
f 4379 	4371 	4804
f 4757 	4772 	4761
f 4780 	4620 	4578
f 4099 	4792 	4091
f 4379 	4756 	4768
f 4780 	4578 	4655
f 4692 	4676 	4785
f 4807 	4770 	4772
f 4778 	4779 	3893
f 4784 	4754 	4818
f 4505 	4516 	4764
f 4792 	4078 	4091
f 4674 	4801 	4781
f 4819 	4797 	4774
f 4737 	4791 	5192
f 4745 	4791 	4737
f 4780 	4655 	4783
f 4099 	3616 	4792
f 4632 	4804 	4371
f 4794 	4796 	4738
f 4785 	4676 	4787
f 4753 	4963 	4406
f 4697 	4095 	4833
f 4798 	4782 	4786
f 4789 	4664 	4781
f 4755 	4791 	4745
f 4794 	4797 	4796
f 4674 	4781 	4664
f 4953 	5007 	4791
f 4697 	4833 	4799
f 4829 	4782 	4798
f 4756 	4804 	4532
f 4713 	4744 	4779
f 4776 	4771 	4793
f 4425 	4798 	4374
f 4779 	4778 	4714
f 4797 	4794 	4774
f 4793 	4791 	4815
f 4772 	4757 	4807
f 4983 	4953 	4791
f 4794 	4738 	4722
f 4804 	4808 	4532
f 4713 	4779 	4714
f 4802 	5186 	4801
f 4781 	4801 	4825
f 4698 	4795 	4699
f 4731 	4788 	4700
f 4078 	4877 	4068
f 4731 	4790 	4788
f 4786 	4891 	4877
f 4806 	4805 	5186
f 4805 	4643 	5164
f 4644 	5164 	4643
f 3818 	4720 	4810
f 4706 	4811 	4812
f 4790 	4714 	4778
f 4877 	4078 	4786
f 4815 	4776 	4793
f 4811 	4814 	4812
f 4710 	4812 	4814
f 4710 	4814 	4709
f 4770 	4807 	4813
f 4740 	4802 	4741
f 4710 	4706 	4812
f 4740 	4803 	4802
f 4706 	4812 	4804
f 4815 	4791 	4816
f 4735 	4625 	4795
f 4714 	4790 	4731
f 4710 	4935 	4812
f 4818 	4735 	4795
f 4770 	4813 	4777
f 3869 	4700 	3967
f 4643 	4805 	4589
f 4812 	4706 	4632
f 4812 	4632 	4710
f 4799 	4818 	4795
f 4816 	4817 	4820
f 4806 	4803 	4748
f 4792 	4786 	4078
f 4374 	4798 	4786
f 4802 	4743 	4741
f 4374 	4786 	4792
f 4822 	4820 	4817
f 4814 	4811 	4935
f 4805 	4806 	4736
f 4650 	4837 	4658
f 4730 	4805 	4736
f 4824 	4810 	4775
f 4843 	4826 	4825
f 4823 	4766 	4809
f 4817 	5013 	4822
f 4803 	4806 	5186
f 4532 	4535 	4828
f 4797 	4819 	4821
f 4051 	4810 	4824
f 4828 	4486 	4532
f 4809 	4777 	4813
f 4829 	4831 	4782
f 4826 	4502 	2428
f 4826 	4839 	4502
f 4832 	4831 	4829
f 4830 	4815 	4820
f 4872 	4828 	4535
f 4810 	4051 	3818
f 4828 	4872 	3848
f 3847 	4828 	3848
f 5177 	4843 	5186
f 4836 	4924 	4832
f 4776 	4815 	4830
f 4833 	4834 	4799
f 3828 	4231 	4827
f 5164 	5186 	4805
f 5164 	4644 	2757
f 4802 	4803 	5186
f 4825 	4801 	5186
f 4816 	4820 	4815
f 3828 	4827 	4788
f 4818 	4799 	4834
f 4827 	5005 	4746
f 4837 	4650 	4729
f 4700 	4788 	4827
f 5007 	4816 	4791
f 4782 	4831 	4930
f 4827 	4746 	4702
f 4231 	4462 	4857
f 4836 	4832 	4442
f 4847 	4838 	4835
f 4640 	4840 	4851
f 4442 	4619 	4836
f 4821 	4819 	4838
f 4826 	4843 	4839
f 9706 	4821 	4838
f 4842 	4840 	493
f 4825 	5186 	4843
f 4857 	4466 	4520
f 9719 	9706 	4838
f 4442 	4832 	4829
f 4819 	5230 	4838
f 4478 	4396 	4844
f 4843 	4909 	4839
f 4846 	4454 	4483
f 5323 	4909 	4843
f 4846 	4848 	4454
f 6186 	5136 	4051
f 4849 	4839 	4909
f 4844 	4398 	4865
f 4502 	4849 	4913
f 4857 	4520 	4519
f 4847 	5244 	5246
f 4849 	4502 	4839
f 4766 	4823 	4800
f 4167 	4459 	4166
f 4459 	4096 	4166
f 4853 	4838 	4847
f 3157 	3158 	4841
f 4851 	4840 	4842
f 4915 	4841 	3191
f 3276 	4862 	4850
f 4847 	4854 	4853
f 4962 	4862 	3276
f 3274 	4962 	3276
f 4779 	4744 	5002
f 3944 	4744 	4713
f 4841 	3158 	3191
f 4855 	3228 	4850
f 4874 	4852 	2338
f 3229 	3228 	4855
f 4167 	4875 	4459
f 4403 	4407 	4915
f 4711 	4211 	4858
f 4711 	4712 	4211
f 316 	4711 	4858
f 4862 	4855 	4850
f 4841 	4865 	4398
f 4863 	4859 	4502
f 4541 	4857 	4519
f 4841 	4915 	4865
f 4862 	4937 	4855
f 4856 	4848 	4846
f 4868 	4867 	4866
f 4536 	4857 	4541
f 4864 	4866 	4860
f 4800 	6013 	6014
f 4863 	4869 	4859
f 4478 	4844 	4865
f 4861 	4856 	4846
f 4462 	4466 	4857
f 4866 	4864 	4868
f 4766 	4732 	4871
f 3274 	4964 	4962
f 4874 	4870 	4888
f 4846 	4483 	4875
f 4875 	4483 	4459
f 4873 	4872 	4535
f 4800 	6096 	4732
f 4886 	4860 	4866
f 4167 	4196 	4875
f 4861 	4846 	4875
f 4800 	4732 	4766
f 2035 	4870 	2031
f 4861 	4875 	4196
f 4870 	4874 	4525
f 2031 	4525 	1755
f 3324 	3310 	4879
f 4878 	4879 	3310
f 4870 	4525 	2031
f 4872 	4873 	4894
f 4871 	4732 	5271
f 4878 	4882 	4879
f 4525 	4874 	2338
f 4872 	3855 	3848
f 4869 	2020 	4859
f 3312 	4878 	3310
f 4878 	3308 	4882
f 3312 	3308 	4878
f 4782 	4891 	4786
f 4640 	4851 	4890
f 4876 	4622 	4881
f 4889 	3222 	3214
f 4851 	4911 	4890
f 4886 	4892 	4860
f 4874 	4888 	4852
f 3230 	3222 	4889
f 4896 	4897 	4880
f 3214 	4900 	4889
f 4896 	4930 	4897
f 4886 	4895 	4892
f 4640 	4890 	4887
f 8756 	8754 	4893
f 4860 	4892 	4864
f 4903 	4691 	4885
f 3214 	4894 	4900
f 4870 	4899 	4888
f 4873 	4900 	4894
f 4782 	4930 	4896
f 4854 	4904 	4853
f 4883 	4901 	4898
f 4901 	4883 	5098
f 4906 	4905 	4564
f 3855 	4872 	4894
f 4883 	5099 	5098
f 4988 	4907 	4908
f 3324 	4879 	4907
f 3324 	4907 	4988
f 4879 	4882 	4907
f 4688 	4691 	4903
f 4012 	7818 	1548
f 4891 	4782 	4896
f 3855 	4894 	3843
f 1283 	4894 	1346
f 4894 	1288 	3843
f 4880 	4985 	4896
f 4894 	1291 	1288
f 1283 	1291 	4894
f 458 	8816 	4920
f 4791 	4890 	4911
f 4909 	4913 	4849
f 3944 	3929 	4912
f 4985 	4891 	4896
f 4910 	4913 	4909
f 3191 	4403 	4915
f 3944 	4912 	4744
f 8327 	9966 	7795
f 4917 	9966 	4848
f 4406 	4963 	4407
f 7797 	4917 	4856
f 4856 	4917 	4848
f 4887 	4903 	4885
f 4915 	4407 	4963
f 4861 	4196 	7631
f 4791 	4903 	4890
f 4913 	4910 	4863
f 4890 	4903 	4887
f 4941 	4918 	4916
f 4863 	4910 	9574
f 4862 	4962 	4919
f 4913 	4863 	4502
f 2870 	4923 	5094
f 4935 	4804 	4812
f 4929 	4927 	4656
f 4842 	4926 	4851
f 4924 	4930 	4832
f 4884 	4921 	4907
f 4921 	4922 	4907
f 4882 	4884 	4907
f 4925 	4907 	4922
f 4842 	4183 	4926
f 5002 	4744 	4912
f 4926 	4911 	4851
f 4832 	4930 	4831
f 4899 	5395 	4923
f 4907 	4925 	4908
f 4933 	4935 	4928
f 4966 	4893 	4919
f 4902 	4919 	4893
f 5094 	4992 	2870
f 4924 	4836 	4932
f 4656 	4918 	4929
f 465 	461 	4938
f 4939 	4934 	4938
f 4938 	4934 	4895
f 4862 	4919 	4937
f 4895 	4934 	4892
f 2870 	4992 	2986
f 4937 	4919 	4902
f 4932 	4942 	4944
f 4941 	4943 	4929
f 4938 	4886 	4866
f 4928 	4935 	4837
f 4926 	4183 	4940
f 5053 	4931 	4936
f 4945 	4941 	4916
f 4886 	4938 	4895
f 4946 	4947 	4948
f 4918 	4941 	4929
f 5691 	5688 	4928
f 4938 	458 	4920
f 4947 	4949 	4950
f 4760 	4936 	4931
f 4932 	4944 	4924
f 4811 	4837 	4935
f 4658 	4837 	4811
f 4944 	4930 	4924
f 4931 	4951 	4762
f 4930 	4952 	4897
f 4762 	4760 	4931
f 4804 	4935 	4808
f 5042 	4296 	3347
f 4954 	4955 	4956
f 4930 	4944 	4952
f 3324 	4988 	5103
f 4942 	7807 	4970
f 4715 	4941 	4945
f 4928 	4991 	4958
f 4954 	4956 	4947
f 4903 	4791 	4688
f 4929 	4943 	4927
f 4935 	4933 	4981
f 4942 	4970 	4944
f 4961 	4927 	4943
f 4951 	4967 	4762
f 4958 	4981 	4960
f 4963 	4865 	4915
f 3994 	4762 	4967
f 4950 	4954 	4947
f 4936 	4974 	4973
f 4708 	4715 	4945
f 4948 	4965 	4946
f 4963 	4478 	4865
f 4956 	4948 	4947
f 4715 	4943 	4941
f 4963 	4753 	4478
f 4983 	4791 	4911
f 4948 	4956 	4965
f 4957 	3994 	4967
f 4983 	4911 	4926
f 4943 	4715 	4961
f 4976 	4961 	4715
f 4919 	4962 	4966
f 4964 	4966 	4962
f 4715 	4725 	5021
f 5054 	4967 	4951
f 4951 	4931 	5053
f 5053 	4936 	4973
f 4942 	5030 	7807
f 5017 	5012 	4969
f 559 	608 	4971
f 4893 	4972 	6085
f 596 	559 	4971
f 4973 	4974 	4975
f 5020 	4944 	4970
f 5012 	4968 	4969
f 4982 	4961 	4976
f 4928 	4958 	4960
f 5008 	4976 	4715
f 4960 	4981 	4933
f 4938 	4977 	4939
f 4746 	4974 	4975
f 4960 	4933 	4928
f 4981 	4808 	4935
f 5688 	4980 	4928
f 4936 	4746 	4975
f 4952 	4944 	5020
f 5012 	4953 	4983
f 5064 	5066 	4974
f 4978 	4938 	4920
f 4977 	4938 	4978
f 4928 	4980 	4991
f 4934 	4977 	4978
f 4984 	4986 	4983
f 4927 	4961 	4982
f 4980 	3325 	4991
f 4939 	4977 	4934
f 4975 	4974 	4936
f 4954 	4950 	5069
f 4877 	4891 	4985
f 4980 	3830 	3325
f 4715 	5021 	5008
f 3325 	3314 	4991
f 4965 	4989 	4946
f 4897 	4987 	4990
f 4952 	4987 	4897
f 4956 	4989 	4965
f 4990 	4880 	4897
f 5064 	4974 	4746
f 4904 	4854 	4995
f 4880 	4990 	4994
f 4904 	4995 	5000
f 4997 	4981 	4991
f 4827 	5033 	5005
f 4986 	4999 	4983
f 5001 	4998 	4988
f 5001 	4988 	4908
f 4982 	5003 	4993
f 4968 	5004 	5118
f 4880 	4994 	4985
f 4877 	4985 	4236
f 5006 	4904 	5000
f 4987 	4952 	5020
f 5000 	4959 	4971
f 5026 	4656 	4993
f 4991 	4981 	4958
f 4999 	5004 	4968
f 5002 	3893 	4779
f 4985 	4994 	4234
f 5006 	5000 	4971
f 4997 	3230 	4889
f 4986 	5004 	4999
f 5006 	4971 	608
f 4997 	4889 	4900
f 6055 	4988 	4979
f 5064 	4746 	5005
f 4981 	4997 	4900
f 4998 	4979 	4988
f 7672 	4234 	4994
f 5112 	4986 	4984
f 4981 	4900 	4873
f 5010 	4946 	4989
f 4981 	4873 	4808
f 5000 	4995 	4959
f 7841 	4994 	4990
f 4853 	4904 	5006
f 4853 	5006 	4845
f 3231 	3230 	4991
f 3893 	5002 	3921
f 4966 	5052 	4893
f 4992 	4946 	5010
f 4912 	4996 	5002
f 5052 	4972 	4893
f 8322 	4976 	5008
f 5006 	623 	4845
f 5001 	4908 	6076
f 4854 	4847 	4995
f 5012 	4983 	4999
f 4998 	5001 	4979
f 6076 	6053 	5001
f 4978 	4920 	4914
f 4992 	5010 	2986
f 8776 	4978 	4914
f 4999 	4968 	5012
f 5010 	4989 	5015
f 7841 	7672 	4994
f 5010 	5018 	5198
f 5013 	4817 	5017
f 5010 	5198 	2986
f 5009 	5021 	4883
f 5018 	5010 	5024
f 4817 	4816 	5017
f 5025 	5024 	5010
f 5015 	5025 	5010
f 5016 	5019 	5023
f 5020 	4970 	7880
f 5022 	5050 	5073
f 4932 	4836 	4619
f 5022 	4972 	5050
f 5013 	5017 	4969
f 5026 	4652 	4656
f 4942 	4932 	5029
f 5017 	4953 	5012
f 5007 	4953 	5017
f 5029 	5030 	4942
f 5017 	4816 	5007
f 5031 	5032 	5028
f 4956 	4955 	5035
f 5023 	5019 	3652
f 5029 	5036 	5030
f 5035 	4989 	4956
f 4619 	5029 	4932
f 5009 	5008 	5021
f 4619 	4637 	5029
f 5029 	4637 	5036
f 5028 	5032 	4524
f 5036 	5037 	5030
f 5037 	5038 	5030
f 5035 	5015 	4989
f 336 	5044 	4524
f 4876 	807 	5575
f 336 	5032 	5031
f 3890 	3895 	5016
f 304 	336 	5031
f 5014 	3963 	5040
f 5023 	5014 	5040
f 4524 	5032 	336
f 5016 	5023 	5040
f 4876 	798 	807
f 5040 	3890 	5016
f 350 	5044 	336
f 3913 	3938 	4021
f 4876 	73 	5
f 3324 	5042 	3347
f 4718 	5044 	5045
f 4857 	5033 	4827
f 4876 	4881 	5027
f 4718 	4548 	5044
f 4949 	4947 	5046
f 5037 	5036 	4705
f 3637 	5016 	3635
f 5048 	5049 	5046
f 5016 	3637 	5019
f 3929 	3928 	5047
f 5049 	4949 	5046
f 350 	5051 	5044
f 3929 	5047 	4912
f 3652 	5019 	3637
f 5046 	5043 	5048
f 5042 	3324 	5103
f 4972 	5052 	5050
f 4951 	5053 	5054
f 5063 	3655 	3661
f 4524 	5044 	4548
f 3652 	3655 	5023
f 5051 	5055 	5044
f 5037 	5065 	5038
f 5057 	5073 	5050
f 5055 	5051 	350
f 5045 	5044 	5055
f 5056 	5059 	3670
f 4964 	5057 	5050
f 5050 	5052 	4964
f 4946 	5046 	4947
f 5043 	5067 	5048
f 5023 	3655 	5063
f 4705 	5065 	5037
f 5023 	5063 	5014
f 5065 	4705 	4749
f 5049 	5069 	4949
f 5063 	3661 	5061
f 5069 	4950 	4949
f 5065 	4751 	4773
f 4954 	5069 	5070
f 3681 	5061 	3661
f 4667 	5068 	4088
f 5052 	4966 	4964
f 4667 	5060 	5068
f 5067 	5035 	5070
f 5145 	4667 	304
f 5035 	4954 	5070
f 5035 	4955 	4954
f 5048 	5067 	5070
f 5070 	5069 	5048
f 5145 	304 	5031
f 9953 	5072 	2329
f 5053 	4974 	5066
f 5056 	3817 	5093
f 4975 	4974 	5053
f 5059 	5056 	5089
f 5053 	4973 	4975
f 4667 	4600 	5060
f 5063 	3962 	5014
f 5057 	5077 	5073
f 5078 	5081 	5082
f 5080 	3921 	4996
f 5081 	4631 	4675
f 5076 	5102 	5072
f 5077 	5085 	5073
f 5081 	5086 	5082
f 10208 	3921 	5080
f 5061 	5079 	5063
f 5081 	4675 	5087
f 5077 	5083 	5085
f 5079 	3682 	5059
f 5049 	5048 	5069
f 4287 	5079 	4289
f 5089 	4289 	5079
f 5087 	5086 	5081
f 4150 	5216 	5079
f 5043 	5074 	5067
f 5089 	4300 	4289
f 5041 	6406 	6366
f 4606 	1512 	5424
f 2397 	2422 	5090
f 4294 	5082 	5086
f 5079 	5059 	5089
f 5041 	6405 	6406
f 4294 	5086 	4276
f 5057 	5226 	5077
f 4294 	4318 	5082
f 5082 	4318 	5078
f 2457 	5222 	5092
f 5046 	4946 	5094
f 5094 	4946 	4992
f 2422 	5092 	5090
f 5093 	5089 	5056
f 5096 	5088 	5005
f 2422 	2456 	5092
f 5093 	5097 	5089
f 5033 	5096 	5005
f 4822 	5100 	4820
f 5061 	3682 	5079
f 1536 	5088 	5096
f 5097 	4300 	5089
f 5098 	5101 	4901
f 5097 	4307 	4300
f 5075 	5102 	5076
f 4912 	5047 	4996
f 5047 	5080 	4996
f 5078 	4088 	5068
f 5106 	5015 	5035
f 5060 	5078 	5068
f 5107 	4695 	5078
f 5064 	5005 	5088
f 5108 	5095 	5428
f 5107 	5123 	4695
f 4957 	4967 	5109
f 5107 	5078 	5060
f 5060 	5123 	5107
f 87 	5111 	5109
f 5025 	5015 	5106
f 5067 	5106 	5035
f 4883 	5105 	5099
f 5108 	5042 	5095
f 5098 	5099 	5113
f 5042 	5103 	5095
f 5200 	5075 	5110
f 5123 	4600 	4695
f 5118 	5004 	5112
f 5105 	5113 	5099
f 5117 	5138 	5116
f 5004 	4986 	5112
f 5060 	4600 	5123
f 8181 	8179 	5117
f 5121 	5142 	5117
f 5018 	5024 	5124
f 5105 	5304 	5113
f 5124 	5114 	5018
f 5113 	5101 	5098
f 4695 	5081 	5078
f 5058 	4901 	5101
f 5024 	5025 	5124
f 4695 	4631 	5081
f 4009 	4013 	5127
f 5025 	5106 	5124
f 5090 	5092 	5128
f 5160 	5159 	5104
f 5101 	5071 	5058
f 5104 	5166 	5160
f 4009 	5127 	5146
f 78 	5129 	2136
f 4725 	4761 	5172
f 5027 	78 	4876
f 5130 	5229 	4800
f 5127 	4013 	4087
f 5226 	4964 	3274
f 5092 	5135 	5128
f 4823 	5130 	4800
f 5223 	5226 	3274
f 4823 	4809 	5130
f 5011 	5191 	5132
f 5234 	5074 	5043
f 8096 	4957 	5109
f 5131 	5133 	5132
f 4757 	5026 	5130
f 7919 	4957 	8096
f 5132 	5169 	5131
f 5112 	5126 	5118
f 7919 	4012 	4957
f 5130 	4809 	4813
f 4604 	4606 	5424
f 5026 	4757 	4652
f 5234 	5043 	5046
f 5130 	4813 	4807
f 4881 	7932 	5027
f 5141 	6330 	4609
f 4757 	5130 	4807
f 5424 	4675 	4659
f 5084 	6334 	5141
f 4087 	5136 	5127
f 5119 	5140 	5538
f 5117 	5137 	5138
f 5138 	5139 	5116
f 6334 	6330 	5141
f 5117 	5142 	5137
f 4524 	4765 	5143
f 5223 	3274 	4009
f 5143 	5028 	4524
f 5027 	7932 	5144
f 5135 	5140 	5120
f 5135 	5120 	5128
f 5132 	5133 	5011
f 5172 	4761 	4772
f 5125 	5127 	5136
f 5138 	5027 	5139
f 5139 	5027 	5144
f 5140 	5119 	5120
f 5142 	5121 	5129
f 5013 	4969 	6419
f 5145 	5028 	5143
f 78 	5027 	5137
f 5137 	5142 	78
f 5138 	5137 	5027
f 5125 	5146 	5127
f 5129 	78 	5142
f 5149 	5150 	5148
f 5297 	5249 	4009
f 5131 	5011 	5133
f 5110 	5152 	5153
f 5122 	5125 	5136
f 5149 	5154 	5150
f 3783 	5166 	3734
f 5125 	5162 	5146
f 3783 	5160 	5166
f 5253 	5114 	5124
f 5206 	5157 	620
f 5136 	6186 	5122
f 350 	4763 	5150
f 2798 	5155 	5156
f 3734 	5166 	3831
f 7 	5152 	10166
f 5134 	5159 	5160
f 5158 	7 	40
f 5154 	4718 	5045
f 5156 	5161 	2798
f 40 	5170 	5158
f 5163 	4250 	2798
f 5158 	5152 	7
f 5158 	5165 	5153
f 5031 	5028 	5145
f 4253 	2798 	4250
f 5021 	5167 	4883
f 5158 	5153 	5152
f 5154 	5055 	5150
f 5170 	5165 	5158
f 5165 	5268 	5153
f 5167 	5105 	4883
f 3049 	5164 	3048
f 5150 	5055 	350
f 5045 	5055 	5154
f 2798 	5161 	5163
f 5170 	40 	35
f 5176 	5177 	5175
f 5173 	5115 	5227
f 5115 	5173 	5169
f 5132 	5115 	5169
f 266 	578 	5168
f 5178 	5177 	5176
f 2816 	5180 	5155
f 5178 	5176 	5175
f 5178 	5175 	5174
f 5179 	692 	5252
f 5184 	621 	5185
f 5143 	4765 	5183
f 4095 	5197 	5182
f 207 	5170 	35
f 5175 	5177 	5186
f 5187 	5175 	5186
f 4750 	4600 	4667
f 5180 	2816 	5151
f 4667 	5190 	5183
f 10166 	5152 	5075
f 4770 	5172 	4772
f 5152 	5110 	5075
f 5190 	4667 	5145
f 5190 	5145 	5143
f 5184 	624 	621
f 5357 	5356 	5156
f 5175 	5187 	5174
f 5156 	5155 	5357
f 5190 	5143 	5183
f 5166 	5448 	5453
f 5180 	5353 	5155
f 5187 	5186 	5194
f 5172 	5167 	5021
f 3938 	5191 	5011
f 5195 	2329 	5072
f 5021 	4725 	5172
f 5042 	5215 	4296
f 4584 	4250 	5163
f 5194 	5186 	5345
f 2328 	2329 	5195
f 2328 	5195 	2353
f 5179 	5252 	5193
f 5345 	5187 	5194
f 5353 	5180 	5354
f 4303 	5181 	5197
f 5172 	4777 	4766
f 3907 	5191 	3938
f 5072 	5102 	5195
f 5336 	5345 	5186
f 5195 	3066 	2353
f 4766 	4871 	5172
f 5364 	5151 	2816
f 5172 	4770 	4777
f 5198 	3070 	2986
f 5195 	5102 	3066
f 5196 	5172 	5199
f 5236 	5181 	4303
f 3066 	5102 	5200
f 5075 	5200 	5102
f 4727 	5192 	5148
f 675 	5179 	5193
f 5018 	5114 	5198
f 3962 	3963 	5014
f 5214 	4791 	5221
f 5164 	5208 	5186
f 4296 	5236 	4303
f 5164 	3049 	5208
f 5216 	3962 	5063
f 5200 	5205 	3063
f 5208 	3049 	3057
f 3063 	3066 	5200
f 5224 	4774 	5214
f 5040 	3963 	3890
f 5191 	3907 	3902
f 5149 	5148 	5192
f 5181 	5182 	5197
f 4727 	4737 	5192
f 5150 	4727 	5148
f 5200 	5110 	5213
f 5213 	5205 	5200
f 5204 	5198 	5114
f 5192 	4791 	5214
f 5204 	5207 	5198
f 4296 	5215 	5236
f 5198 	5207 	3070
f 5079 	5216 	5063
f 5214 	5149 	5192
f 5157 	5206 	5210
f 5108 	5215 	5042
f 5168 	578 	5210
f 5231 	5168 	5210
f 5218 	5538 	5140
f 5219 	4307 	5097
f 5199 	5266 	5196
f 4774 	5149 	5214
f 5105 	5167 	5196
f 5196 	5167 	5172
f 4774 	4718 	5149
f 4310 	4307 	5219
f 578 	5157 	5210
f 5266 	5199 	5172
f 4923 	2870 	4852
f 5224 	5214 	5221
f 5172 	4871 	5266
f 5135 	5092 	5222
f 2456 	2457 	5092
f 5237 	5094 	4923
f 4852 	4888 	4923
f 5239 	5303 	5227
f 5221 	4791 	4793
f 4888 	4899 	4923
f 5523 	5616 	5225
f 5077 	5223 	5220
f 5222 	5218 	5135
f 5223 	5077 	5226
f 5218 	5140 	5135
f 4771 	5221 	4793
f 5221 	5240 	5224
f 5538 	5218 	5228
f 5226 	5057 	4964
f 4774 	5224 	5230
f 5228 	5543 	5538
f 5168 	5231 	2157
f 5151 	5209 	5180
f 5106 	5067 	5232
f 4009 	5249 	5223
f 4774 	5230 	4819
f 5202 	5201 	5370
f 5222 	3154 	5228
f 5222 	5228 	5218
f 5221 	4771 	5240
f 5026 	5229 	5248
f 5115 	5132 	5191
f 5130 	5248 	5229
f 5191 	5239 	5115
f 5240 	5241 	5224
f 5231 	5556 	2594
f 5237 	5046 	5094
f 5408 	5412 	5041
f 5311 	5239 	5477
f 5280 	5234 	5301
f 5209 	5202 	5370
f 4776 	4830 	5245
f 5227 	5115 	5239
f 5377 	5203 	5217
f 5244 	5240 	5245
f 5046 	5237 	5234
f 5236 	5243 	5189
f 5235 	5242 	2153
f 5209 	5370 	5379
f 5245 	5246 	5244
f 5235 	5247 	5242
f 5181 	5236 	5189
f 5217 	4591 	5380
f 5114 	5253 	5263
f 5124 	5106 	5232
f 5026 	5248 	5130
f 5220 	5223 	5249
f 4830 	6311 	5245
f 5251 	5124 	5232
f 5241 	5244 	4847
f 5282 	5202 	5254
f 5241 	4847 	4835
f 5253 	5124 	5251
f 5254 	5202 	5209
f 5247 	5571 	5252
f 5255 	5105 	5266
f 5232 	5256 	5251
f 5254 	5209 	5151
f 5257 	5258 	5259
f 5196 	5266 	5105
f 5307 	5105 	5255
f 5240 	5244 	5241
f 4838 	5230 	4835
f 5249 	5260 	5220
f 3962 	5216 	5295
f 5256 	5267 	5251
f 5252 	5250 	5247
f 5240 	4776 	5245
f 4591 	5217 	4268
f 5224 	4835 	5230
f 5250 	5242 	5247
f 5590 	5591 	5212
f 5260 	5261 	5220
f 5241 	4835 	5224
f 5699 	5324 	675
f 5217 	5203 	4393
f 5193 	5699 	675
f 5240 	4771 	4776
f 5285 	4393 	5203
f 5267 	5253 	5251
f 5217 	4428 	4268
f 5699 	5193 	5252
f 5258 	5443 	5259
f 5083 	5220 	5262
f 5282 	5201 	5202
f 5262 	5220 	5261
f 5408 	5041 	5225
f 5153 	5213 	5110
f 5282 	5203 	5201
f 5257 	5259 	5276
f 5360 	4153 	442
f 5256 	5292 	5267
f 5220 	5083 	5077
f 700 	5269 	5264
f 4393 	4428 	5217
f 5219 	5265 	4310
f 5424 	4659 	4653
f 5215 	5270 	5236
f 5268 	5238 	5213
f 5259 	5383 	5276
f 5147 	5255 	5266
f 5275 	4583 	4565
f 5232 	5280 	5293
f 5292 	5256 	5232
f 5275 	5281 	4583
f 5153 	5268 	5213
f 5273 	5236 	5270
f 5285 	5203 	5282
f 6575 	6577 	5272
f 703 	5277 	5269
f 5563 	5276 	5268
f 5273 	5317 	5236
f 5108 	5428 	5270
f 5270 	5215 	5108
f 5563 	5268 	5165
f 5324 	5277 	616
f 5426 	5278 	5265
f 4633 	4393 	5419
f 296 	5274 	5185
f 5067 	5074 	5280
f 5285 	5419 	4393
f 5269 	700 	703
f 5232 	5067 	5280
f 5276 	5279 	5257
f 5280 	5074 	5234
f 5301 	5302 	5280
f 5284 	5285 	5282
f 5185 	5283 	5291
f 5243 	5290 	5189
f 5232 	5293 	5292
f 5216 	4144 	5295
f 5294 	5284 	5282
f 5286 	5283 	4198
f 5282 	5482 	5296
f 5293 	5425 	5292
f 5283 	5274 	4198
f 4329 	5295 	4144
f 5282 	5296 	5294
f 4198 	5274 	4122
f 5297 	4009 	5146
f 5185 	5274 	5283
f 5299 	5289 	3116
f 5260 	5249 	5297
f 5284 	5437 	5433
f 5146 	5162 	5297
f 3116 	5298 	5299
f 4198 	4256 	5286
f 5305 	5162 	5125
f 5304 	5101 	5113
f 5239 	5311 	5303
f 5304 	5105 	5307
f 5309 	5310 	5304
f 5308 	5392 	5264
f 5307 	5309 	5304
f 5304 	5071 	5101
f 5306 	5234 	5237
f 3061 	5312 	5298
f 5306 	5395 	5301
f 5304 	5212 	5071
f 5335 	5303 	5544
f 5297 	5162 	5260
f 5306 	5301 	5234
f 5431 	5442 	5288
f 5264 	5269 	5308
f 3063 	5312 	3061
f 5277 	5308 	5269
f 5334 	5308 	5277
f 5302 	5293 	5280
f 5298 	5312 	5299
f 4513 	5431 	5313
f 5302 	5417 	5293
f 4923 	5395 	5237
f 5292 	5316 	5267
f 5316 	5263 	5253
f 5316 	5253 	5267
f 5318 	5147 	5266
f 5319 	5314 	5320
f 5243 	5236 	5317
f 5426 	5265 	5219
f 5314 	5338 	5320
f 5317 	5290 	5243
f 5281 	5275 	4729
f 5147 	5318 	5330
f 4909 	5323 	5321
f 5322 	5290 	5317
f 5281 	4729 	5287
f 5315 	5299 	5312
f 5320 	5324 	5319
f 5381 	5299 	5315
f 5266 	4871 	5318
f 5187 	5321 	5323
f 5405 	5338 	5314
f 4871 	5271 	5318
f 5329 	3150 	3202
f 4843 	5177 	5323
f 5277 	5324 	5320
f 5330 	5328 	5147
f 5323 	5177 	5332
f 5329 	3154 	3150
f 5332 	5174 	5187
f 5440 	5284 	5294
f 5329 	3202 	3195
f 5332 	5177 	5178
f 5303 	5476 	5544
f 5318 	5271 	5272
f 5318 	5272 	5330
f 5566 	5261 	5331
f 5329 	5228 	3154
f 5507 	5482 	5282
f 5340 	5289 	5327
f 5320 	5338 	5334
f 5187 	5323 	5332
f 5255 	5147 	5328
f 5171 	5331 	5305
f 5332 	5178 	5174
f 5171 	5705 	5331
f 5338 	5405 	5333
f 5227 	5303 	5335
f 5320 	5334 	5277
f 5326 	5403 	5342
f 5284 	5433 	5285
f 5285 	5433 	5419
f 5171 	6403 	5705
f 5367 	5321 	5382
f 5335 	5337 	5342
f 5566 	5331 	5339
f 5284 	5440 	5437
f 5173 	5227 	5342
f 5345 	5382 	5321
f 5326 	5342 	5337
f 5227 	5335 	5342
f 3116 	5289 	5340
f 5208 	5336 	5186
f 5333 	5334 	5338
f 5737 	5325 	5322
f 5294 	5296 	5439
f 5339 	5718 	5566
f 5162 	5305 	5331
f 5321 	5187 	5345
f 5340 	3090 	3116
f 5331 	5260 	5162
f 5331 	5261 	5260
f 5431 	5288 	5313
f 5296 	5288 	5442
f 5382 	5345 	5336
f 5104 	5159 	5347
f 5329 	6412 	5228
f 5255 	5343 	5307
f 5343 	5309 	5307
f 5347 	5233 	5104
f 5114 	5263 	5348
f 5324 	616 	685
f 5347 	5300 	5233
f 685 	675 	5324
f 5349 	5341 	5328
f 5114 	5348 	5204
f 5347 	5344 	5300
f 5208 	5350 	5336
f 5282 	5451 	5507
f 5346 	5349 	5328
f 5347 	5413 	5344
f 5340 	3129 	3090
f 5353 	5354 	4584
f 5355 	5356 	4584
f 5356 	5357 	4584
f 5353 	4584 	5357
f 5361 	5022 	5351
f 5349 	5352 	5341
f 5356 	5355 	5161
f 5022 	5361 	6098
f 700 	5264 	5360
f 5349 	5346 	5352
f 5155 	5353 	5357
f 5369 	5340 	5327
f 5208 	5358 	5350
f 5211 	5358 	5208
f 5351 	5022 	5073
f 5348 	5384 	5204
f 5341 	5352 	5343
f 3063 	5205 	5359
f 5161 	5355 	5163
f 3938 	5011 	4021
f 5011 	5131 	4021
f 5356 	5161 	5156
f 5255 	5328 	5343
f 5341 	5343 	5328
f 5213 	5359 	5205
f 5343 	5421 	5309
f 5355 	4584 	5163
f 3063 	5359 	5312
f 5363 	5346 	5328
f 5359 	5315 	5312
f 5366 	5327 	5289
f 5328 	5330 	5363
f 5365 	5095 	5034
f 5346 	5375 	5352
f 5299 	5366 	5289
f 2816 	2871 	5364
f 5368 	5367 	5358
f 5501 	5497 	5368
f 5350 	5358 	5367
f 442 	700 	5360
f 5131 	5169 	5362
f 5367 	5368 	5497
f 5169 	5387 	5362
f 5370 	5201 	5372
f 5371 	5940 	5388
f 3129 	5340 	5369
f 5330 	5272 	5363
f 5390 	5351 	5456
f 5366 	5410 	5327
f 5372 	5201 	5203
f 5360 	5373 	5376
f 5375 	5343 	5352
f 5372 	5203 	5377
f 5410 	5369 	5327
f 5390 	5361 	5351
f 5374 	5368 	5358
f 5388 	5373 	5371
f 5354 	5378 	4584
f 5378 	5379 	4584
f 5379 	5370 	4584
f 5370 	5372 	4584
f 5372 	5377 	4584
f 5380 	4584 	5377
f 4591 	4584 	5380
f 5350 	5367 	5336
f 5272 	6804 	5363
f 5381 	5366 	5299
f 5362 	4021 	5131
f 5382 	5336 	5367
f 3786 	5134 	3783
f 5381 	5315 	5383
f 8843 	5134 	3786
f 5378 	5209 	5379
f 5377 	5217 	5380
f 5381 	5415 	5366
f 5360 	5376 	4153
f 5180 	5209 	5378
f 5387 	3780 	5362
f 5180 	5378 	5354
f 5315 	5359 	5383
f 5365 	5386 	5427
f 5388 	4153 	5376
f 5388 	5940 	4270
f 5259 	5443 	5383
f 5388 	4270 	4153
f 5364 	5389 	5254
f 5369 	5435 	3129
f 5254 	5151 	5364
f 5390 	5393 	5510
f 5308 	5334 	5392
f 5391 	5212 	5304
f 5333 	5392 	5334
f 1764 	5399 	2849
f 5268 	5397 	5238
f 5396 	5940 	5371
f 5391 	5304 	5310
f 5134 	5398 	5159
f 5383 	5359 	5397
f 5396 	5371 	5373
f 5392 	5360 	5264
f 5397 	5276 	5383
f 3786 	6667 	8843
f 5301 	5395 	5394
f 5376 	5373 	5388
f 5394 	5302 	5301
f 5392 	5396 	5373
f 5268 	5276 	5397
f 5395 	5306 	5237
f 5310 	5400 	5391
f 5392 	5373 	5360
f 5238 	5397 	5359
f 5402 	5399 	5401
f 5424 	9837 	4868
f 5392 	5333 	5405
f 5359 	5213 	5238
f 5173 	5342 	8856
f 5085 	5351 	5073
f 5407 	5457 	5083
f 2845 	5402 	2843
f 2845 	2849 	5402
f 5405 	5396 	5392
f 5410 	5411 	5369
f 5402 	2849 	5399
f 5410 	5415 	5411
f 5409 	5838 	5405
f 5083 	5406 	5407
f 5394 	5414 	5302
f 5471 	5389 	5364
f 5364 	2871 	5402
f 5347 	5398 	5413
f 5402 	5401 	5364
f 5413 	8916 	5344
f 5347 	5159 	5398
f 5369 	5411 	5418
f 5421 	5310 	5309
f 5485 	5700 	5404
f 5410 	5366 	5415
f 5411 	5415 	5447
f 5420 	5422 	5314
f 5083 	5262 	5406
f 5316 	5423 	5404
f 5447 	6445 	5411
f 4868 	4864 	5424
f 5414 	5417 	5302
f 5423 	5316 	5292
f 5451 	5282 	5254
f 7292 	5412 	5385
f 5423 	5292 	5425
f 5417 	5425 	5293
f 5429 	5093 	3817
f 5423 	5425 	5417
f 5405 	5314 	5422
f 5219 	5097 	5432
f 5427 	5428 	5365
f 5426 	5219 	5434
f 5414 	5462 	5417
f 5270 	5428 	5436
f 3172 	3129 	5435
f 5432 	5434 	5219
f 5867 	5430 	5865
f 5270 	5436 	5438
f 5412 	7292 	7294
f 5430 	5475 	5474
f 5440 	5294 	5439
f 5439 	5296 	5442
f 5422 	5409 	5405
f 5093 	5429 	5432
f 5453 	5429 	3817
f 5884 	5886 	5416
f 5429 	5448 	5432
f 5443 	5415 	5381
f 5436 	5473 	5438
f 5444 	5445 	5446
f 5422 	5420 	5918
f 5381 	5383 	5443
f 5093 	5432 	5097
f 5473 	5436 	5427
f 5441 	5414 	5394
f 5104 	5448 	5166
f 5918 	5409 	5422
f 5424 	1512 	4441
f 5886 	5420 	5416
f 4633 	5419 	5439
f 5442 	4635 	5439
f 5431 	4635 	5442
f 4689 	4635 	5431
f 5231 	5210 	5555
f 9206 	9205 	5424
f 5427 	5436 	5428
f 5440 	5439 	5433
f 5437 	5440 	5433
f 5450 	5448 	5233
f 5404 	5423 	5468
f 5419 	5433 	5439
f 5424 	4653 	4651
f 5450 	5432 	5448
f 5491 	1486 	2426
f 5446 	5343 	5375
f 9021 	9024 	5424
f 5443 	5447 	5415
f 5104 	5233 	5448
f 9021 	5424 	9205
f 5443 	5258 	5447
f 5365 	5428 	5095
f 5555 	5210 	5206
f 5446 	5375 	5449
f 9030 	5424 	9024
f 5446 	5449 	5444
f 5166 	5453 	3831
f 5188 	5466 	5206
f 5444 	5480 	5445
f 5455 	5426 	5434
f 5394 	5395 	5454
f 5454 	5441 	5394
f 5434 	5450 	5455
f 4418 	5424 	4441
f 5453 	5448 	5429
f 5389 	5451 	5254
f 4395 	4388 	5424
f 5424 	4418 	4385
f 5424 	4388 	4276
f 5529 	1515 	1511
f 5529 	2482 	1515
f 4395 	5424 	4385
f 5434 	5432 	5450
f 5457 	5351 	5085
f 5417 	5459 	5423
f 5414 	5461 	5462
f 4545 	3172 	5435
f 5086 	5424 	4276
f 5085 	5083 	5457
f 5424 	5086 	5087
f 1764 	5489 	5487
f 5441 	5576 	5461
f 5457 	5456 	5351
f 5529 	2479 	2486
f 5424 	5087 	4675
f 5471 	5460 	5452
f 5310 	5465 	5400
f 5457 	5479 	5456
f 5310 	5421 	5465
f 4055 	5513 	5477
f 5505 	193 	5463
f 5424 	5509 	5511
f 5399 	1764 	5467
f 5474 	5475 	5865
f 5393 	5390 	5456
f 5441 	5461 	5414
f 5511 	5039 	5424
f 5467 	1764 	5460
f 4828 	3847 	3966
f 5465 	5430 	5400
f 4828 	3966 	3962
f 5468 	5472 	5404
f 5430 	5474 	5865
f 5399 	5471 	5401
f 5471 	5364 	5401
f 5471 	5452 	5451
f 5473 	5427 	5470
f 5459 	5468 	5423
f 5389 	5471 	5451
f 5476 	5303 	5311
f 5399 	5467 	5471
f 5476 	5311 	5477
f 5471 	5467 	5460
f 5462 	5459 	5417
f 5091 	5084 	5424
f 5464 	5463 	193
f 5478 	5446 	5445
f 5445 	5480 	5478
f 5576 	5462 	5461
f 5421 	5343 	5446
f 5421 	5446 	5465
f 5465 	5446 	5478
f 5456 	5479 	5393
f 5424 	5039 	5062
f 5477 	5513 	5476
f 5469 	5488 	5572
f 5478 	5430 	5465
f 3962 	5295 	4828
f 5424 	4609 	4604
f 5296 	5482 	5288
f 5295 	4329 	4828
f 5484 	5455 	5450
f 5480 	5483 	5478
f 4513 	5313 	5482
f 5424 	5084 	5141
f 5482 	5313 	5288
f 5484 	5450 	5233
f 5464 	162 	5481
f 5424 	5062 	5091
f 5499 	4513 	5482
f 5475 	5430 	5478
f 5482 	5507 	5503
f 5438 	5473 	5486
f 5478 	5483 	5475
f 5509 	5424 	4864
f 5316 	5404 	5700
f 4582 	5281 	5287
f 5498 	5291 	5283
f 5981 	5486 	5473
f 5283 	5491 	5498
f 5700 	5384 	5348
f 5287 	4734 	4582
f 5316 	5700 	5263
f 5300 	5484 	5233
f 5981 	5683 	5486
f 5486 	5683 	5640
f 7954 	7982 	5483
f 4910 	4909 	5321
f 5481 	5490 	5464
f 5488 	5469 	5463
f 5488 	5464 	5490
f 5424 	5141 	4609
f 5463 	5464 	5488
f 5489 	5534 	5502
f 5491 	4256 	4266
f 5287 	4729 	4734
f 5286 	4256 	5491
f 5819 	5563 	5165
f 5496 	5668 	5321
f 4729 	5278 	5426
f 5460 	1764 	5487
f 5496 	5321 	5367
f 5493 	5494 	9098
f 5491 	5188 	5498
f 5278 	4729 	5275
f 5367 	5497 	5496
f 5493 	5554 	5494
f 5498 	5188 	5184
f 4729 	5512 	4837
f 5495 	5457 	5407
f 5185 	5498 	5184
f 5495 	5479 	5457
f 5498 	5185 	5291
f 5494 	5672 	5675
f 5455 	5484 	5504
f 5506 	5507 	5451
f 4892 	4934 	5509
f 5508 	4901 	9081
f 5504 	4729 	5426
f 4934 	5530 	5509
f 5504 	5512 	4729
f 5452 	5506 	5451
f 5452 	5460 	5506
f 2430 	5491 	2426
f 4864 	4892 	5509
f 5502 	5503 	5507
f 5476 	5513 	5514
f 5393 	5515 	5510
f 2401 	5491 	2430
f 5479 	5518 	5393
f 5502 	5507 	5506
f 4901 	5058 	5517
f 5489 	5533 	5534
f 8794 	6305 	5515
f 5609 	5514 	5513
f 5509 	5530 	5511
f 5245 	5519 	5246
f 5491 	2401 	5555
f 5487 	5489 	5502
f 5515 	5953 	8794
f 5466 	5491 	5555
f 5502 	5506 	5487
f 5466 	5188 	5491
f 5454 	5552 	5441
f 5506 	5460 	5487
f 5454 	5562 	5552
f 5519 	4847 	5246
f 4898 	4901 	5508
f 5393 	5518 	5515
f 5469 	5505 	5463
f 5499 	5482 	5503
f 5441 	5552 	5576
f 5523 	5225 	5041
f 5469 	5521 	5520
f 4055 	5609 	5513
f 5469 	5572 	5754
f 5754 	5752 	5521
f 4899 	5562 	5395
f 5521 	5469 	5754
f 5521 	5752 	5500
f 5404 	5472 	5527
f 5504 	5484 	5531
f 2486 	2484 	5529
f 5512 	5504 	5531
f 5533 	5536 	5534
f 5531 	5691 	5512
f 5529 	2484 	2482
f 5537 	5459 	5462
f 5530 	5539 	5511
f 5489 	1764 	5533
f 5041 	9434 	9413
f 5529 	5526 	5458
f 5537 	5462 	5541
f 5041 	7690 	9430
f 5527 	5472 	5583
f 5537 	5468 	5459
f 5041 	9430 	9434
f 5543 	5540 	5538
f 5562 	5454 	5395
f 5511 	5539 	5039
f 5119 	5538 	5481
f 4513 	5545 	4518
f 4536 	4518 	5545
f 1511 	1512 	5529
f 5337 	5335 	5544
f 1512 	4606 	5529
f 5481 	5538 	5490
f 4513 	5499 	5545
f 5468 	5537 	10002
f 5543 	5228 	6439
f 5503 	5545 	5499
f 5544 	5476 	5569
f 5529 	4606 	5808
f 5337 	5544 	5547
f 5550 	5523 	5041
f 5569 	5547 	5544
f 5548 	5534 	5536
f 5543 	5532 	5540
f 5534 	5548 	5551
f 5532 	5543 	6439
f 6458 	5526 	6451
f 6414 	5532 	6412
f 5547 	5326 	5337
f 4934 	4978 	5530
f 5041 	9171 	5550
f 5526 	5528 	6451
f 5547 	5403 	5326
f 5518 	5479 	5524
f 5551 	5503 	5534
f 5551 	5545 	5503
f 5555 	5556 	5231
f 4899 	9965 	5562
f 5534 	5503 	5502
f 5517 	5058 	5554
f 5517 	5554 	5493
f 5560 	5581 	5484
f 5556 	5555 	2401
f 5561 	5616 	5558
f 5557 	4959 	5549
f 5206 	5466 	5555
f 5495 	5492 	5535
f 5300 	5344 	5560
f 5533 	1764 	5536
f 5535 	5542 	5495
f 5536 	1764 	4876
f 5552 	5562 	9977
f 5484 	5300 	5560
f 711 	706 	5561
f 5033 	5545 	5096
f 5563 	5279 	5276
f 5569 	5476 	5514
f 5564 	5570 	5565
f 5545 	4857 	4536
f 5566 	5262 	5261
f 5570 	5571 	5574
f 5569 	5514 	5573
f 6311 	4995 	5567
f 5545 	5033 	4857
f 4876 	5575 	5536
f 5575 	807 	800
f 5573 	5547 	5569
f 5488 	5490 	5578
f 800 	5577 	5575
f 5406 	5262 	5566
f 5572 	5488 	5578
f 5568 	5559 	5558
f 5575 	5577 	5536
f 5570 	5574 	5565
f 5568 	5558 	5523
f 4959 	4995 	6311
f 5096 	5545 	5579
f 5523 	5550 	5568
f 5538 	5578 	5490
f 5523 	5558 	5616
f 5540 	5572 	5578
f 4959 	6311 	5549
f 5538 	5540 	5578
f 5531 	5484 	5582
f 5652 	5406 	5566
f 4995 	5519 	5567
f 5566 	5651 	5678
f 5579 	5585 	363
f 5580 	5554 	5058
f 5582 	5484 	5581
f 5551 	5548 	5577
f 5577 	5585 	5551
f 5545 	5551 	5579
f 5585 	800 	815
f 5586 	5581 	5560
f 5519 	4995 	4847
f 5058 	5071 	5580
f 5581 	5587 	5582
f 8776 	5530 	4978
f 5586 	5587 	5581
f 5571 	5247 	5235
f 5472 	10002 	5583
f 5588 	5270 	5438
f 5585 	5577 	800
f 5548 	5536 	5577
f 5588 	5273 	5270
f 5551 	5585 	5579
f 5472 	5468 	10002
f 5212 	5591 	5599
f 5595 	5462 	5576
f 5737 	5588 	5589
f 5579 	363 	5096
f 9998 	5595 	5576
f 5458 	5596 	5529
f 5596 	2479 	5529
f 5462 	5595 	10017
f 5447 	5258 	5679
f 5610 	5611 	5613
f 5615 	5613 	5611
f 5614 	2859 	5612
f 5606 	5612 	2859
f 5462 	10017 	5541
f 5608 	5609 	5605
f 5616 	5607 	5225
f 5613 	9120 	5610
f 5617 	2859 	5614
f 5605 	5602 	5608
f 5408 	5225 	5604
f 5618 	2859 	5617
f 5607 	5604 	5225
f 9998 	10017 	5595
f 5407 	5406 	5652
f 9125 	5611 	5610
f 5616 	5561 	5607
f 5527 	5485 	5404
f 4910 	5321 	10077
f 706 	5607 	5561
f 5623 	5624 	2860
f 5611 	5116 	5615
f 5139 	5615 	5116
f 2860 	5624 	5626
f 8063 	8074 	5139
f 5139 	8074 	5615
f 5744 	5713 	5620
f 9140 	5116 	9153
f 5580 	5071 	5599
f 10096 	5666 	5630
f 5632 	2860 	5631
f 5071 	5212 	5599
f 5682 	2860 	5636
f 5635 	2860 	5633
f 3807 	5625 	5681
f 1098 	5639 	1101
f 5641 	5685 	5638
f 5681 	3304 	3807
f 5643 	5685 	5641
f 5591 	5590 	5774
f 5438 	5486 	5640
f 5645 	5685 	5643
f 5532 	5642 	5572
f 5640 	5588 	5438
f 5634 	5646 	5639
f 5647 	5685 	5645
f 5622 	5609 	5608
f 5648 	5685 	5647
f 5644 	5630 	5501
f 5540 	5532 	5572
f 5649 	5685 	5648
f 5713 	5609 	5622
f 2666 	5637 	2640
f 5592 	5685 	5650
f 5620 	5713 	5622
f 5745 	5580 	5599
f 3808 	5625 	3807
f 5771 	5622 	5625
f 5798 	5590 	5212
f 5407 	5652 	5495
f 5771 	5772 	5622
f 2666 	2689 	5637
f 5659 	5638 	5685
f 5657 	5659 	5685
f 5554 	5672 	5494
f 5661 	5639 	5658
f 5565 	5574 	5660
f 3808 	3898 	5625
f 5602 	5625 	5622
f 5651 	5816 	5492
f 5667 	5682 	5665
f 5571 	5235 	5637
f 5602 	5622 	5608
f 5669 	5682 	5667
f 5637 	5670 	5571
f 5671 	5682 	5669
f 5666 	5668 	5496
f 5673 	5682 	5671
f 5666 	5496 	5497
f 5674 	5682 	5673
f 5676 	5682 	5674
f 5497 	5630 	5666
f 5501 	5630 	5497
f 5660 	5574 	5670
f 5514 	5609 	5573
f 5651 	5652 	5678
f 5677 	5682 	5676
f 5653 	5682 	5677
f 5654 	5682 	5653
f 3475 	5605 	5609
f 5694 	5679 	5258
f 5663 	5665 	5682
f 5636 	5663 	5682
f 5635 	5636 	2860
f 5574 	5571 	5670
f 5672 	5680 	5675
f 5681 	5625 	5602
f 5554 	5580 	5680
f 5681 	5602 	5605
f 5652 	5566 	5678
f 5685 	5682 	5655
f 5656 	5685 	5655
f 5656 	5657 	5685
f 5654 	5655 	5682
f 2692 	5660 	5670
f 5649 	5650 	5685
f 5554 	5680 	5672
f 5634 	1149 	5664
f 2689 	2692 	5670
f 5594 	2859 	5593
f 5597 	2859 	5594
f 5598 	2859 	5597
f 5600 	2859 	5598
f 5601 	2859 	5600
f 5603 	2859 	5601
f 5593 	2859 	5592
f 5661 	1101 	5639
f 3475 	5609 	4055
f 5637 	2689 	5670
f 5683 	5686 	5589
f 5685 	5592 	2859
f 5603 	5606 	2859
f 5619 	2860 	5618
f 5623 	2860 	5619
f 5627 	2860 	5626
f 5628 	2860 	5627
f 5629 	2860 	5628
f 5629 	5631 	2860
f 5632 	5633 	2860
f 2859 	5618 	2860
f 1101 	5661 	6141
f 5527 	10089 	5703
f 5704 	5527 	5703
f 5683 	5589 	5640
f 10089 	5583 	5584
f 5634 	5692 	5646
f 5646 	5693 	5639
f 3830 	5688 	5695
f 5692 	5696 	5646
f 5527 	5583 	10089
f 5696 	5693 	5646
f 5694 	5553 	5679
f 5589 	5686 	5821
f 5696 	5698 	5693
f 5689 	5701 	5690
f 6001 	5690 	5701
f 5485 	5527 	5704
f 5531 	5695 	5691
f 5693 	5658 	5639
f 5717 	5553 	5694
f 5697 	5701 	5689
f 5695 	5688 	5691
f 5485 	5710 	5700
f 5683 	5821 	5686
f 5691 	4928 	4837
f 5700 	5348 	5263
f 5694 	5257 	5279
f 5640 	5589 	5588
f 4837 	5512 	5691
f 5694 	5258 	5257
f 5522 	5687 	5416
f 5651 	5492 	5652
f 5688 	3830 	4980
f 5652 	5492 	5495
f 5702 	5706 	655
f 5339 	5331 	5705
f 5695 	5531 	5719
f 5704 	5710 	5485
f 655 	5706 	2165
f 5516 	5687 	5522
f 5684 	5708 	5621
f 5558 	5559 	5702
f 5706 	5702 	5559
f 5558 	5702 	5561
f 5695 	5719 	5722
f 5703 	6071 	5704
f 5553 	5936 	5679
f 5719 	5531 	5729
f 5561 	5702 	711
f 5711 	5721 	3839
f 5702 	654 	711
f 5573 	5609 	5713
f 10089 	603 	5703
f 5714 	5571 	5570
f 5744 	5573 	5713
f 5712 	1867 	5707
f 5571 	5714 	5699
f 3057 	5716 	5208
f 5712 	1878 	1867
f 4921 	4884 	8946
f 5564 	5714 	5570
f 4922 	4921 	8946
f 5680 	687 	2158
f 5721 	5711 	5695
f 5850 	5709 	1882
f 5743 	5717 	5563
f 1882 	5707 	1867
f 5721 	5695 	5722
f 5717 	5694 	5279
f 5680 	2158 	5675
f 1882 	5709 	5707
f 5563 	5717 	5279
f 5723 	5722 	5719
f 5720 	5699 	5714
f 5712 	5726 	1878
f 719 	687 	5680
f 5876 	5687 	5720
f 5621 	5708 	5662
f 5735 	5716 	5727
f 5680 	5745 	719
f 5781 	5803 	5725
f 5725 	5566 	5718
f 5564 	5720 	5714
f 5211 	5716 	5735
f 5599 	5733 	5745
f 5720 	5687 	5699
f 5731 	5727 	4003
f 5705 	5718 	5339
f 5729 	5531 	5582
f 5252 	5571 	5699
f 5582 	5587 	5729
f 5724 	5727 	5731
f 5599 	5591 	5733
f 5719 	5729 	5723
f 5742 	5753 	5325
f 5736 	1437 	5734
f 5730 	5684 	5732
f 5687 	5516 	5699
f 5708 	5684 	5730
f 5735 	5727 	5724
f 5587 	5586 	5729
f 5758 	1433 	1437
f 5739 	5751 	5731
f 5737 	5317 	5273
f 5607 	5779 	5604
f 5741 	5564 	5738
f 5724 	5731 	5751
f 5588 	5737 	5273
f 5818 	5604 	5779
f 5564 	5565 	5738
f 5589 	5764 	5742
f 5211 	5208 	5716
f 5741 	5720 	5564
f 5723 	5721 	5722
f 5743 	5563 	5829
f 3996 	5727 	5716
f 5553 	5717 	5743
f 5743 	5930 	5553
f 3996 	5716 	3057
f 5744 	5547 	5573
f 5591 	5774 	5733
f 5565 	5660 	5738
f 5737 	5322 	5317
f 5747 	5796 	5750
f 5742 	5325 	5589
f 5789 	5790 	5207
f 5589 	5325 	5737
f 5738 	5746 	5741
f 5580 	5745 	5680
f 5207 	5204 	5789
f 706 	758 	5779
f 5750 	9085 	5747
f 5779 	758 	5839
f 5664 	1077 	5726
f 9055 	9085 	5750
f 5572 	5642 	5763
f 5607 	706 	5779
f 5207 	5790 	3995
f 6022 	6076 	5740
f 9509 	5586 	5560
f 5754 	5572 	5763
f 5749 	5755 	5748
f 5756 	5733 	5774
f 5763 	5752 	5754
f 5738 	5755 	5746
f 5746 	5755 	5741
f 5766 	5761 	5758
f 5749 	5884 	5755
f 5745 	5756 	765
f 1433 	5758 	5761
f 5762 	5776 	5767
f 5749 	5901 	5884
f 5758 	1437 	5736
f 5733 	5756 	5745
f 5764 	5769 	5742
f 5766 	5758 	5736
f 746 	743 	5756
f 5358 	5211 	5782
f 765 	5756 	743
f 5884 	5741 	5755
f 5756 	5774 	746
f 5773 	5374 	5782
f 5767 	5728 	5762
f 5769 	5753 	5742
f 5775 	5765 	5763
f 1892 	5761 	5757
f 5772 	5620 	5622
f 5767 	5776 	5770
f 5374 	5773 	5780
f 1892 	1433 	5761
f 5642 	5775 	5763
f 5759 	5773 	5751
f 5726 	5777 	5664
f 5760 	5773 	5759
f 5772 	9551 	5620
f 5755 	5738 	6936
f 5726 	5778 	5777
f 5776 	5805 	5770
f 5642 	5532 	5775
f 5625 	5768 	5771
f 5532 	6414 	5775
f 5748 	5755 	6933
f 5726 	5812 	5778
f 5773 	5760 	5780
f 5839 	758 	5909
f 5724 	5751 	5773
f 5777 	5634 	5664
f 5715 	5781 	5718
f 5724 	5773 	5735
f 5718 	5781 	5725
f 5625 	3898 	5768
f 5211 	5735 	5782
f 5782 	5735 	5773
f 6483 	6480 	5596
f 6483 	5596 	5458
f 5786 	5787 	5785
f 5374 	5358 	5782
f 780 	746 	5774
f 5784 	5786 	5785
f 5721 	5723 	5788
f 5596 	5783 	2714
f 3839 	5721 	5788
f 5749 	5748 	6522
f 4076 	3995 	5790
f 5730 	6135 	6154
f 5788 	9616 	10249
f 5795 	9630 	5788
f 5384 	5789 	5204
f 5400 	5430 	5837
f 5787 	5796 	5747
f 5794 	5542 	5793
f 5790 	5789 	5797
f 9630 	9616 	5788
f 5212 	5391 	5798
f 5795 	5788 	5723
f 5723 	5729 	5795
f 5790 	5797 	5800
f 5790 	5800 	5801
f 5740 	5750 	5796
f 5736 	5791 	5820
f 4076 	5801 	4085
f 5283 	5286 	5491
f 5535 	5793 	5542
f 5426 	5455 	5504
f 5792 	5791 	5736
f 5790 	5801 	4076
f 5736 	5734 	5792
f 5408 	5604 	5818
f 5856 	5800 	5797
f 5692 	5634 	5777
f 5844 	5797 	5789
f 5400 	5851 	5391
f 5816 	5793 	5535
f 5763 	5799 	5752
f 5535 	5492 	5816
f 5765 	5799 	5763
f 5828 	5770 	5805
f 5765 	5802 	5799
f 5391 	5851 	5798
f 5803 	5566 	5725
f 6214 	6224 	5807
f 5809 	5566 	5803
f 5814 	5528 	5526
f 5804 	5807 	7936
f 7935 	7936 	5807
f 5526 	5529 	5814
f 6145 	5804 	6148
f 7936 	6248 	5804
f 5867 	5837 	5430
f 4606 	5806 	5808
f 5809 	5651 	5566
f 5812 	5712 	5707
f 5707 	5912 	5812
f 5784 	5785 	5815
f 5812 	5726 	5712
f 5529 	5808 	5814
f 5799 	6205 	5500
f 5809 	5793 	5816
f 5799 	5500 	5752
f 5784 	5815 	5810
f 5814 	5808 	5859
f 1196 	5817 	1181
f 5651 	5809 	5816
f 4063 	5813 	5739
f 5813 	5811 	5739
f 5170 	207 	5819
f 5759 	5751 	5811
f 5824 	5819 	207
f 5811 	5751 	5739
f 5820 	5761 	5766
f 5814 	6451 	5528
f 5815 	5785 	9103
f 5170 	5819 	5165
f 5822 	5761 	5820
f 5825 	5516 	5522
f 5800 	4090 	5801
f 5822 	5757 	5761
f 5314 	5319 	5825
f 5817 	1214 	1181
f 5824 	5563 	5819
f 5791 	5822 	5820
f 5825 	5319 	5516
f 5856 	5826 	5800
f 5824 	5829 	5563
f 5805 	5836 	5828
f 5825 	5420 	5314
f 5826 	4090 	5800
f 5823 	5851 	780
f 5824 	5840 	5829
f 6090 	5589 	5821
f 4090 	5832 	5833
f 5825 	5522 	5416
f 5757 	5822 	5834
f 5416 	5420 	5825
f 5590 	5823 	5774
f 5324 	5516 	5319
f 5798 	5823 	5590
f 5324 	5699 	5516
f 5826 	5832 	4090
f 1279 	5830 	5831
f 243 	5824 	207
f 5792 	5822 	5791
f 5831 	1216 	1279
f 5794 	5546 	5542
f 5826 	5871 	5832
f 5793 	5835 	5794
f 5846 	9814 	5828
f 5836 	5846 	5828
f 5920 	5832 	5871
f 5809 	5835 	5793
f 5736 	5820 	5766
f 5803 	5835 	5809
f 5824 	243 	5840
f 5812 	5912 	5913
f 5843 	5841 	5926
f 5844 	5384 	5700
f 5840 	5845 	5829
f 5789 	5384 	5844
f 5709 	5847 	5707
f 5408 	5839 	5412
f 5847 	5709 	5848
f 5847 	5912 	5707
f 5408 	5818 	5839
f 5412 	5839 	5385
f 5903 	5840 	5874
f 5848 	5709 	5850
f 5882 	5849 	5830
f 5850 	5852 	5848
f 5851 	5823 	5798
f 5844 	5856 	5797
f 5918 	5841 	5838
f 5830 	5849 	5831
f 5844 	5860 	5856
f 5851 	5400 	5837
f 1224 	1214 	5817
f 5817 	5827 	1224
f 5810 	5815 	5854
f 5858 	6165 	259
f 1292 	1224 	5827
f 5810 	5854 	5870
f 5814 	5859 	6451
f 5851 	5837 	792
f 5781 	5715 	5857
f 5810 	5870 	6142
f 792 	780 	5851
f 5859 	5808 	6567
f 5861 	6152 	3102
f 5864 	5505 	5469
f 5520 	5858 	5864
f 5867 	5855 	5837
f 5843 	5868 	5841
f 270 	5505 	5864
f 5811 	5862 	5759
f 1825 	5852 	5850
f 5858 	259 	5864
f 5769 	5866 	5863
f 5856 	5871 	5826
f 5769 	5764 	5866
f 5505 	270 	193
f 5855 	5873 	5869
f 5863 	5894 	6531
f 1892 	5757 	5872
f 5867 	5873 	5855
f 5856 	5860 	5871
f 5868 	5996 	5841
f 5860 	5875 	5871
f 5872 	1426 	1892
f 6123 	5866 	5764
f 5881 	5781 	5877
f 5870 	5854 	5880
f 5883 	5905 	5874
f 5416 	5876 	5884
f 5781 	5857 	5877
f 5483 	5885 	5475
f 5885 	5865 	5475
f 5879 	5878 	5887
f 5879 	5887 	5888
f 6044 	5875 	5860
f 340 	5883 	5874
f 5741 	5876 	5720
f 5983 	5875 	6044
f 1915 	1426 	5872
f 337 	5874 	5840
f 5483 	7982 	5885
f 5876 	5416 	5687
f 6002 	5830 	5891
f 5500 	6165 	5858
f 5823 	780 	5774
f 5858 	5520 	5521
f 5803 	5781 	5881
f 8805 	5881 	5877
f 5521 	5500 	5858
f 5864 	5469 	5520
f 7502 	5893 	5827
f 5835 	5803 	5881
f 5741 	5884 	5876
f 5880 	5908 	5919
f 5863 	5866 	5894
f 5888 	5887 	5896
f 5899 	1915 	5872
f 5895 	5827 	5893
f 5887 	5878 	5899
f 5899 	5878 	1915
f 5897 	5880 	5919
f 758 	1806 	5909
f 5895 	1292 	5827
f 5813 	5892 	5811
f 5896 	5887 	5899
f 5896 	5899 	5872
f 5896 	5822 	5888
f 5779 	5839 	5818
f 5880 	6168 	6169
f 5840 	5903 	5845
f 5902 	792 	5855
f 5888 	5979 	5879
f 5902 	1660 	792
f 5910 	5884 	5901
f 5896 	5872 	5834
f 5892 	5813 	5900
f 5822 	5896 	5834
f 5855 	792 	5837
f 5813 	5907 	5900
f 5813 	4392 	5907
f 7304 	7299 	5917
f 5386 	5906 	5427
f 5902 	5855 	5869
f 5931 	5470 	5906
f 4397 	5907 	4392
f 5903 	5874 	5956
f 5931 	5977 	5470
f 5906 	5470 	5427
f 5933 	7040 	5911
f 5834 	5872 	5757
f 5470 	5977 	5473
f 4397 	4449 	5907
f 5473 	5977 	5981
f 5845 	5903 	5956
f 1241 	2346 	7040
f 5884 	5910 	5886
f 5833 	4438 	4090
f 5909 	1806 	7833
f 5914 	5778 	5812
f 5917 	5916 	5911
f 5913 	5914 	5812
f 5918 	5838 	5409
f 5913 	5912 	5923
f 5920 	5833 	5832
f 5902 	2198 	1660
f 5914 	5924 	5925
f 5886 	5918 	5420
f 5778 	5914 	5925
f 4438 	5833 	5920
f 5902 	5869 	2198
f 5926 	5918 	5886
f 5920 	5915 	4438
f 5920 	5928 	5915
f 5926 	5841 	5918
f 5925 	5777 	5778
f 5920 	5960 	5961
f 5914 	5913 	5924
f 5920 	5961 	5928
f 5926 	5932 	5843
f 5932 	5868 	5843
f 5916 	5922 	5911
f 306 	5883 	572
f 5515 	5518 	5953
f 5926 	5886 	5910
f 5925 	5692 	5777
f 5921 	5904 	5911
f 5911 	5922 	5921
f 5923 	5912 	5847
f 5968 	5743 	5829
f 1241 	5904 	1236
f 6823 	5926 	5910
f 6181 	6174 	5931
f 5829 	5845 	5968
f 1241 	7040 	5933
f 5934 	5935 	4495
f 5933 	5911 	5904
f 1241 	5933 	5904
f 5930 	5936 	5553
f 5910 	5901 	6826
f 5901 	6524 	6826
f 6841 	4495 	5935
f 5931 	5906 	5386
f 4732 	5938 	5271
f 5932 	5926 	6823
f 5951 	6005 	5930
f 5915 	5934 	4495
f 5940 	5942 	5943
f 5939 	5944 	5937
f 5928 	5934 	5915
f 5934 	5928 	5935
f 5937 	5944 	1301
f 4270 	5940 	5943
f 6009 	5931 	5955
f 1299 	1301 	5944
f 5936 	5447 	5679
f 5396 	5405 	5940
f 5913 	5925 	5924
f 5936 	5930 	6005
f 5853 	5949 	5852
f 5964 	5970 	5940
f 5980 	5940 	5970
f 5966 	5937 	1292
f 5948 	5900 	5952
f 5950 	5848 	5949
f 5952 	4449 	5948
f 5952 	5900 	5907
f 5943 	4940 	4270
f 5952 	5907 	4449
f 5943 	4926 	4940
f 5949 	5848 	5852
f 5923 	5954 	5913
f 5943 	4984 	4983
f 5943 	5985 	4984
f 5950 	5949 	6019
f 7447 	1299 	5944
f 4926 	5943 	4983
f 5956 	5874 	5905
f 5950 	6019 	5923
f 1279 	5921 	5830
f 5871 	5875 	5960
f 5923 	6019 	5958
f 5875 	5983 	5960
f 5983 	5961 	5960
f 5958 	5954 	5923
f 5904 	5921 	1279
f 5923 	5847 	5950
f 5271 	5938 	5947
f 5940 	5405 	5964
f 5904 	1279 	1236
f 5956 	5987 	5845
f 1301 	1292 	5937
f 5847 	5848 	5950
f 5405 	5970 	5964
f 5949 	5853 	6019
f 5518 	5965 	5953
f 5966 	1292 	5895
f 5937 	5966 	5939
f 5939 	5966 	5967
f 5987 	5930 	5968
f 5968 	5930 	5743
f 5960 	5920 	5871
f 5955 	6234 	6275
f 5939 	5967 	6444
f 1960 	5974 	5975
f 6444 	6448 	5939
f 5970 	5405 	5838
f 5927 	6515 	6512
f 5976 	6051 	5862
f 5862 	5811 	5892
f 5892 	5976 	5862
f 6515 	5927 	5973
f 5929 	5927 	6512
f 5969 	5939 	6448
f 5983 	5963 	5961
f 5830 	6401 	5891
f 5972 	5878 	5879
f 5942 	5940 	5980
f 1812 	5878 	5972
f 5830 	5921 	6401
f 5986 	5985 	5943
f 5981 	6072 	5988
f 5975 	5974 	5972
f 5981 	5988 	5989
f 5990 	5963 	5983
f 5979 	5978 	5972
f 5978 	5975 	5972
f 5683 	5981 	5989
f 5968 	5845 	5987
f 5990 	6856 	5963
f 5978 	6008 	5975
f 5979 	5972 	5879
f 5963 	6856 	5961
f 5993 	6020 	5895
f 5893 	5993 	5895
f 8903 	5524 	5995
f 6024 	6020 	5993
f 5961 	6856 	5928
f 6019 	5853 	5994
f 5838 	5841 	5970
f 5994 	5853 	1700
f 1700 	1720 	5994
f 5999 	5970 	5996
f 5479 	5995 	5524
f 5997 	6002 	5891
f 5479 	5495 	5995
f 5998 	5892 	5900
f 3307 	3306 	6004
f 5999 	6026 	5991
f 6004 	5701 	3307
f 5998 	5976 	5892
f 5995 	5495 	5525
f 5998 	5900 	5948
f 6896 	5999 	5996
f 4800 	6063 	6016
f 6004 	6003 	5701
f 6003 	6001 	5701
f 6002 	6007 	5882
f 5697 	7773 	5701
f 7773 	7771 	5701
f 5931 	6009 	5977
f 5841 	5996 	5970
f 6010 	6007 	6002
f 4800 	5229 	6461
f 5999 	5991 	5980
f 5936 	6006 	5971
f 6002 	5997 	6010
f 5975 	6008 	6000
f 5980 	5970 	5999
f 5986 	5980 	5991
f 4800 	6016 	6013
f 8901 	8946 	4884
f 6033 	6013 	6032
f 5126 	5112 	5985
f 6017 	1720 	1548
f 6002 	5882 	5830
f 5930 	5987 	5951
f 4984 	5985 	5112
f 6018 	6012 	579
f 6009 	6011 	5977
f 6014 	6013 	6033
f 6018 	579 	10100
f 6013 	6016 	6032
f 5994 	1720 	6017
f 5126 	5985 	5991
f 5951 	5987 	6095
f 5985 	5986 	5991
f 6063 	4800 	6052
f 4925 	8950 	6076
f 5980 	5986 	5942
f 5943 	5942 	5986
f 6441 	6020 	6467
f 6021 	5644 	6023
f 6012 	6018 	6021
f 6017 	6025 	5994
f 6025 	6027 	6019
f 6015 	6012 	6023
f 5951 	6095 	6005
f 6021 	6023 	6012
f 5760 	6015 	5780
f 6023 	5780 	6015
f 6026 	6894 	5126
f 6023 	5644 	5501
f 4800 	6014 	6094
f 5368 	6023 	5501
f 6011 	6030 	5977
f 6019 	5994 	6025
f 5374 	5780 	6023
f 5374 	6023 	5368
f 6026 	5126 	5991
f 5844 	5700 	6031
f 5981 	5977 	6030
f 6034 	6031 	5700
f 5539 	9240 	1485
f 5710 	6034 	5700
f 6031 	6035 	5844
f 5710 	5704 	6034
f 5495 	8942 	5525
f 6073 	6035 	6031
f 5958 	6019 	6027
f 6073 	6031 	6034
f 5842 	6037 	5794
f 6038 	5804 	6040
f 6028 	6041 	6029
f 5546 	5794 	6037
f 5860 	5844 	6035
f 6036 	6032 	6016
f 6061 	5804 	6042
f 6041 	6046 	6029
f 6146 	6147 	5804
f 5804 	6038 	6039
f 5804 	6039 	6042
f 8754 	5728 	8722
f 5978 	6062 	6008
f 8754 	6048 	5728
f 5842 	6047 	6037
f 6022 	5796 	6053
f 6053 	5796 	6055
f 6042 	6039 	6093
f 6053 	6076 	6022
f 5976 	6125 	6051
f 6028 	6108 	6046
f 5542 	5546 	8942
f 6054 	6057 	6052
f 6051 	6015 	5760
f 6028 	6046 	6041
f 6051 	5759 	5862
f 6057 	6063 	6052
f 6051 	5760 	5759
f 6051 	6050 	6015
f 8942 	5495 	5542
f 4604 	4609 	6056
f 6064 	6175 	6421
f 6059 	6064 	6421
f 4979 	6053 	6055
f 6061 	6060 	5804
f 6059 	6421 	6058
f 6056 	6065 	4604
f 5860 	6035 	6044
f 6049 	6056 	4609
f 6067 	5981 	6030
f 4606 	4604 	6065
f 6113 	5983 	6044
f 6065 	5806 	4606
f 6080 	6016 	6063
f 6062 	6066 	6008
f 6065 	6070 	5806
f 6076 	4908 	4925
f 6108 	6068 	6046
f 5807 	5804 	6111
f 4979 	5001 	6053
f 6000 	6008 	6066
f 6068 	6108 	6069
f 5704 	6077 	6034
f 6048 	5762 	5728
f 6017 	6079 	6025
f 6082 	6079 	6017
f 6028 	6029 	5971
f 600 	6073 	599
f 6078 	5807 	6081
f 6207 	5807 	6078
f 6111 	6092 	5807
f 6081 	5807 	6093
f 6048 	6045 	5762
f 6073 	6034 	6077
f 6028 	5971 	6006
f 6072 	6087 	5988
f 6079 	6027 	6025
f 6045 	6084 	5762
f 6078 	6039 	6038
f 6071 	6077 	5704
f 6078 	6038 	6040
f 6080 	6057 	6074
f 6070 	6083 	6780
f 6073 	6077 	6071
f 6071 	599 	6073
f 6057 	6080 	6063
f 7826 	6027 	6079
f 6081 	6093 	6039
f 6079 	7850 	7826
f 5750 	5740 	6076
f 9055 	5750 	6076
f 6079 	6082 	7850
f 6039 	6078 	6081
f 4972 	5022 	6098
f 6036 	6016 	6080
f 6117 	5905 	5883
f 6071 	5703 	603
f 6087 	6090 	6091
f 5776 	6085 	4972
f 5956 	5905 	6117
f 6093 	5807 	6092
f 6073 	600 	6107
f 6084 	4893 	6085
f 6117 	5987 	5956
f 6107 	6109 	6073
f 5898 	6095 	5987
f 6044 	6073 	6043
f 6073 	6109 	6043
f 6088 	6089 	6111
f 6085 	5776 	6084
f 4800 	6094 	6096
f 6073 	6044 	6035
f 6123 	5589 	6090
f 4972 	6098 	5776
f 6092 	6111 	6089
f 6099 	618 	561
f 6098 	5805 	5776
f 6059 	6089 	6088
f 2730 	2726 	6133
f 6153 	6099 	6105
f 5821 	6091 	6090
f 6059 	6058 	6089
f 677 	618 	6099
f 6100 	2730 	6133
f 6089 	6058 	6092
f 6101 	5938 	4732
f 6153 	677 	6099
f 6049 	6102 	6056
f 6058 	6060 	6092
f 5762 	6084 	5776
f 6092 	6060 	6061
f 6042 	6093 	6061
f 6012 	6099 	561
f 4732 	6096 	6101
f 6141 	6133 	2726
f 6012 	6015 	6050
f 6104 	6006 	6005
f 6059 	6088 	6064
f 6028 	6006 	6104
f 6088 	6097 	6064
f 6065 	6056 	6102
f 6092 	6061 	6093
f 6105 	6012 	6050
f 5784 	6132 	6106
f 6083 	6070 	6102
f 6167 	5947 	5938
f 6099 	6012 	6105
f 6102 	6070 	6065
f 6167 	5938 	6170
f 5787 	6106 	5034
f 5786 	5784 	6106
f 2730 	6100 	6103
f 5794 	9365 	5842
f 6022 	5740 	5796
f 6068 	6069 	6387
f 6103 	2680 	2730
f 6124 	6122 	6094
f 6075 	8928 	6086
f 5365 	5034 	6106
f 6122 	6096 	6094
f 2726 	1101 	6141
f 6122 	6101 	6096
f 5804 	6421 	6112
f 6111 	5804 	6112
f 600 	651 	6107
f 651 	630 	6107
f 6196 	2680 	6103
f 6060 	6058 	6421
f 5804 	6060 	6421
f 5821 	5683 	5989
f 6113 	5990 	5983
f 6091 	5988 	6087
f 5988 	6091 	5989
f 6055 	5796 	6120
f 6104 	6005 	6095
f 5821 	5989 	6091
f 6120 	5095 	5103
f 6158 	5927 	5929
f 6095 	5898 	6104
f 5034 	5095 	6120
f 6117 	6274 	5898
f 6362 	6227 	6111
f 6124 	6094 	6014
f 6162 	5929 	5947
f 4988 	6055 	6120
f 6087 	6072 	6086
f 5990 	6113 	6114
f 6086 	6072 	6075
f 5787 	5786 	6106
f 6158 	5929 	6162
f 5787 	5034 	6120
f 5796 	5787 	6120
f 6120 	5103 	4988
f 6123 	5764 	5589
f 6051 	6121 	6050
f 6125 	6121 	6051
f 6126 	6130 	6362
f 5898 	5987 	6117
f 5805 	6098 	5361
f 5866 	6123 	6127
f 5998 	6121 	6125
f 5898 	6354 	6104
f 1177 	6212 	1195
f 6033 	6032 	6124
f 6068 	6537 	6525
f 5805 	5361 	6131
f 6134 	5938 	6101
f 5998 	6129 	6121
f 5894 	5866 	6127
f 6132 	5810 	6142
f 6128 	6119 	6118
f 6080 	6074 	6124
f 6125 	5976 	5998
f 6118 	6116 	6128
f 6142 	5386 	6132
f 5894 	6127 	9454
f 1485 	1705 	6239
f 6109 	6114 	6043
f 6124 	6074 	6122
f 6132 	5386 	5365
f 6132 	5784 	5810
f 6135 	6029 	6046
f 269 	6136 	2146
f 6106 	6132 	5365
f 6114 	6113 	6044
f 6103 	6100 	6137
f 5361 	5390 	6131
f 6114 	6044 	6043
f 6131 	5836 	5805
f 1615 	1573 	6138
f 5390 	5836 	6131
f 6126 	5916 	6130
f 5922 	5916 	6140
f 5390 	5846 	5836
f 5732 	6135 	5730
f 6139 	6243 	4767
f 6137 	6100 	6133
f 6029 	6143 	5971
f 6870 	6129 	5998
f 6133 	6144 	6137
f 6134 	6277 	6246
f 6126 	6140 	5916
f 6141 	6144 	6133
f 6135 	6143 	6029
f 6111 	6126 	6362
f 6115 	5990 	6114
f 6261 	6137 	6260
f 6122 	6134 	6101
f 6040 	5804 	6147
f 6137 	6262 	6260
f 2079 	2495 	6139
f 1497 	6138 	6302
f 5990 	6115 	6869
f 6148 	5804 	6149
f 6036 	6080 	6124
f 6151 	6148 	6149
f 6146 	5804 	6145
f 6005 	6006 	5936
f 5510 	6152 	5390
f 2495 	6150 	6139
f 669 	670 	6153
f 6152 	5846 	5390
f 670 	677 	6153
f 6032 	6036 	6124
f 5861 	5846 	6152
f 5971 	6143 	6135
f 6033 	6124 	6014
f 6153 	6185 	669
f 6141 	6269 	6144
f 6152 	5510 	6305
f 6129 	6185 	6153
f 6121 	6129 	6153
f 5510 	5515 	6305
f 6154 	6135 	6046
f 4784 	6136 	274
f 6068 	6154 	6046
f 6142 	5870 	5931
f 6136 	269 	274
f 6121 	6153 	6105
f 6167 	6162 	5947
f 5971 	5732 	5936
f 6142 	5931 	5386
f 6121 	6105 	6050
f 5732 	5971 	6135
f 6149 	5804 	6160
f 661 	733 	6161
f 6160 	5804 	6157
f 6163 	6160 	6157
f 7401 	6191 	6161
f 6205 	6166 	6165
f 6161 	6114 	6109
f 5897 	6168 	5880
f 6161 	6115 	6114
f 6157 	6222 	6225
f 6157 	6225 	6163
f 6161 	6191 	6115
f 6212 	6102 	6179
f 6128 	6116 	6164
f 6160 	6163 	6225
f 6165 	183 	262
f 6165 	262 	259
f 6164 	6411 	6128
f 6107 	630 	6161
f 6176 	6177 	6172
f 6165 	6166 	183
f 6178 	6119 	6128
f 6109 	6107 	6161
f 6172 	6421 	6171
f 6161 	683 	661
f 6173 	6421 	6175
f 6197 	6179 	6049
f 6102 	6049 	6179
f 458 	183 	6166
f 4833 	4095 	5182
f 6173 	6171 	6421
f 6177 	6421 	6172
f 6195 	6368 	6177
f 6182 	6183 	4834
f 5938 	6134 	6170
f 6172 	6171 	6232
f 6161 	733 	7401
f 6159 	6184 	6174
f 6166 	6180 	458
f 6178 	6128 	6411
f 5931 	6174 	6184
f 6158 	6156 	5927
f 6369 	6110 	1757
f 6173 	6175 	6228
f 6172 	6232 	6176
f 669 	6185 	737
f 5931 	6169 	6181
f 6054 	6052 	6187
f 6190 	6188 	6187
f 5661 	6269 	6141
f 5880 	6169 	5931
f 6190 	6187 	6052
f 6192 	6193 	6195
f 6115 	6191 	6874
f 6196 	6103 	6137
f 6874 	6869 	6115
f 6194 	6292 	6368
f 4784 	4818 	6183
f 6197 	6198 	1708
f 6136 	4784 	6183
f 6195 	6240 	6192
f 6237 	6192 	6240
f 4824 	4767 	6186
f 6237 	6193 	6192
f 1177 	2337 	6102
f 6193 	6237 	6242
f 5931 	5870 	5880
f 6190 	6201 	6188
f 6242 	6194 	6193
f 6199 	6200 	6247
f 6116 	2748 	6204
f 4824 	6186 	4051
f 6202 	6205 	6206
f 6208 	6202 	6206
f 6177 	6240 	6195
f 6205 	5799 	6206
f 1705 	1708 	6198
f 6299 	5973 	5927
f 6182 	4834 	6348
f 6181 	6980 	6986
f 6210 	5807 	6209
f 6207 	6209 	5807
f 4818 	4834 	6183
f 6197 	1195 	6212
f 6214 	5807 	6213
f 6210 	6213 	5807
f 6215 	6214 	6213
f 6197 	6155 	6198
f 6203 	6204 	2771
f 6205 	6202 	6166
f 6102 	6212 	1177
f 4834 	4833 	6348
f 6196 	6235 	6216
f 6210 	6209 	6146
f 6165 	5500 	6205
f 6210 	6146 	6145
f 6978 	6159 	6174
f 6207 	6146 	6209
f 5931 	6184 	5955
f 6200 	6199 	6211
f 6078 	6147 	6207
f 6200 	6211 	1411
f 6147 	6078 	6040
f 6117 	5883 	6189
f 6207 	6147 	6146
f 6313 	6216 	6235
f 6212 	6179 	6197
f 6148 	6213 	6145
f 6210 	6145 	6213
f 1708 	1154 	6197
f 6213 	6148 	6151
f 6213 	6151 	6215
f 1175 	1195 	6197
f 6224 	6214 	6160
f 6149 	6160 	6214
f 6149 	6214 	6215
f 6149 	6215 	6151
f 1409 	1967 	6389
f 6216 	6313 	2716
f 1175 	6197 	1154
f 6224 	6222 	5807
f 6300 	5982 	5984
f 6201 	5982 	6300
f 6225 	6222 	6224
f 6222 	6219 	5807
f 7935 	5807 	6219
f 6389 	6223 	1409
f 2357 	1757 	6110
f 2562 	6196 	2568
f 6157 	6219 	6222
f 6224 	6160 	6225
f 6274 	6354 	5898
f 6221 	6218 	6150
f 6232 	6230 	6231
f 6232 	6227 	6362
f 5955 	6159 	6233
f 6097 	6088 	6111
f 6228 	6097 	6111
f 6139 	6150 	6218
f 6196 	6137 	6229
f 6229 	6235 	6196
f 6227 	6171 	6173
f 6227 	6173 	6228
f 6354 	6274 	6288
f 6218 	6243 	6139
f 6265 	6188 	6201
f 6232 	6231 	6176
f 6218 	6301 	6243
f 6177 	6176 	6230
f 6231 	6230 	6176
f 6227 	6232 	6171
f 6175 	6097 	6228
f 6097 	6175 	6064
f 6246 	6277 	6187
f 5955 	6233 	6234
f 6230 	6232 	6362
f 6227 	6228 	6111
f 6189 	6287 	6117
f 6184 	6159 	5955
f 6187 	6277 	6054
f 6217 	6200 	6223
f 6200 	1411 	6223
f 6182 	6345 	6183
f 5122 	6186 	6243
f 6237 	6240 	6242
f 6243 	6186 	4767
f 6223 	1411 	1409
f 6521 	6199 	6520
f 6233 	7018 	7016
f 6245 	6164 	6116
f 6277 	6074 	6057
f 6236 	6204 	6203
f 5125 	5122 	6243
f 6177 	6230 	6240
f 6187 	6253 	6246
f 6204 	6245 	6116
f 6174 	6979 	6978
f 6242 	6240 	6358
f 6362 	6358 	6240
f 6362 	6240 	6230
f 5091 	5062 	6239
f 6236 	6245 	6204
f 6239 	6244 	5091
f 6136 	6183 	6345
f 8825 	6166 	6202
f 5039 	6239 	5062
f 6256 	7936 	6254
f 6371 	6136 	6345
f 7936 	6258 	6248
f 6157 	5804 	6248
f 6270 	6136 	6371
f 6182 	6348 	6345
f 6252 	7936 	6249
f 5039 	5539 	6239
f 6252 	6254 	7936
f 5084 	5091 	6244
f 6241 	5084 	6244
f 7936 	6256 	6257
f 7936 	6257 	6258
f 6169 	6980 	6181
f 6262 	6144 	6264
f 6134 	6246 	6253
f 6415 	6289 	6150
f 6259 	7805 	6200
f 6134 	6266 	6265
f 6150 	2495 	6415
f 6137 	6144 	6262
f 6268 	5549 	6321
f 6266 	6187 	6188
f 6253 	6187 	6266
f 6229 	6137 	6261
f 6294 	6134 	6265
f 6300 	6134 	6294
f 6266 	6134 	6253
f 6270 	2435 	6136
f 6257 	6312 	6258
f 6272 	6296 	6268
f 5661 	5658 	6269
f 6268 	6296 	6298
f 306 	8847 	6267
f 6259 	6255 	7805
f 6134 	6074 	6277
f 6249 	7936 	6278
f 6269 	5658 	6276
f 6189 	6267 	6287
f 6280 	5171 	5305
f 6277 	6057 	6054
f 6200 	7805 	6247
f 6259 	6200 	6217
f 306 	6267 	6189
f 6373 	6282 	7936
f 6278 	7936 	6279
f 6279 	7936 	6282
f 6281 	6282 	6373
f 6217 	6481 	6284
f 6188 	6265 	6266
f 5539 	1485 	6239
f 6269 	6264 	6144
f 5693 	5698 	6276
f 6284 	6285 	6255
f 6287 	6274 	6117
f 6134 	6122 	6074
f 5658 	5693 	6276
f 6259 	6217 	6284
f 6269 	6262 	6264
f 6255 	6259 	6284
f 6274 	6287 	6263
f 6286 	5557 	5549
f 6234 	7174 	6275
f 7174 	7180 	6275
f 6255 	6285 	6250
f 6239 	1705 	6244
f 6436 	6276 	5698
f 6221 	6150 	6289
f 6290 	6295 	6368
f 6288 	6274 	6263
f 6292 	6290 	6368
f 6294 	6265 	6201
f 6241 	6244 	1705
f 6373 	6368 	6295
f 6297 	6373 	6295
f 6218 	6221 	6283
f 6373 	6297 	6291
f 6373 	6291 	6281
f 6298 	6286 	6268
f 6283 	6221 	6289
f 6276 	6436 	6269
f 6304 	6296 	6272
f 6293 	6250 	6285
f 9002 	6226 	6220
f 6301 	6218 	6283
f 6302 	6298 	6296
f 6229 	6303 	6235
f 6283 	6324 	6301
f 6290 	6328 	6332
f 6156 	6322 	6299
f 8847 	306 	596
f 6299 	5927 	6156
f 6328 	6290 	6292
f 6303 	6229 	6261
f 6305 	6496 	3102
f 6496 	6477 	3102
f 1497 	6302 	6304
f 6285 	6284 	6886
f 6303 	6306 	6235
f 6294 	6201 	6300
f 6285 	6886 	6293
f 6304 	6302 	6296
f 306 	6189 	5883
f 6235 	6306 	6313
f 6286 	5549 	6268
f 6509 	5962 	5959
f 6297 	6337 	6291
f 6158 	6300 	6156
f 6287 	6267 	8884
f 5890 	5889 	6496
f 6309 	6326 	7935
f 5519 	5245 	6311
f 6307 	6308 	7935
f 6308 	6309 	7935
f 6267 	8847 	8884
f 6314 	6310 	6315
f 6270 	6325 	2435
f 6300 	6158 	6162
f 6316 	7935 	6219
f 6496 	5889 	5946
f 5973 	6299 	6322
f 6312 	7935 	6316
f 6312 	6307 	7935
f 6322 	5984 	5973
f 6219 	6157 	6316
f 6322 	6300 	5984
f 5519 	6311 	5567
f 4830 	4820 	6311
f 6249 	6278 	6309
f 6156 	6300 	6322
f 8966 	6288 	6263
f 6315 	1864 	6364
f 6308 	6307 	6254
f 6315 	6310 	1771
f 6280 	5305 	5125
f 6310 	1773 	1771
f 6167 	6300 	6162
f 6252 	6249 	6308
f 6243 	6301 	6280
f 6254 	6252 	6308
f 6243 	6280 	5125
f 6256 	6254 	6307
f 6300 	6167 	6170
f 6257 	6256 	6312
f 6134 	6300 	6170
f 6419 	6321 	5013
f 5100 	6311 	4820
f 6367 	6319 	6313
f 1771 	1776 	6315
f 6308 	6249 	6309
f 6319 	6318 	2668
f 6315 	1776 	1864
f 2668 	2665 	6319
f 6312 	6256 	6307
f 6486 	5945 	5941
f 6226 	6323 	6238
f 6311 	6321 	5549
f 6157 	6248 	6316
f 6311 	5100 	6321
f 6052 	4800 	6461
f 2716 	6313 	6319
f 6316 	6248 	6258
f 6320 	6268 	6321
f 6258 	6312 	6316
f 2751 	2435 	6325
f 2716 	6319 	2665
f 6272 	6268 	6320
f 5992 	6593 	6596
f 4822 	5013 	6321
f 8196 	7935 	6327
f 6326 	6327 	7935
f 5100 	4822 	6321
f 6334 	6241 	6155
f 6329 	8196 	6327
f 5957 	5992 	6596
f 6317 	2668 	6318
f 6596 	6597 	5957
f 6330 	6155 	6197
f 6328 	6358 	6332
f 5908 	6478 	5919
f 6155 	6330 	6334
f 2662 	6999 	6336
f 6049 	4609 	6330
f 6337 	8196 	6329
f 6338 	6203 	2771
f 6208 	6206 	5799
f 6241 	6198 	6155
f 6335 	8196 	6337
f 6568 	6490 	6223
f 6477 	5946 	5945
f 6241 	1705 	6198
f 6338 	2599 	2664
f 6326 	6279 	6327
f 6330 	6197 	6049
f 5799 	5802 	6208
f 2664 	2662 	6336
f 6486 	6477 	5945
f 6278 	6279 	6326
f 6336 	6338 	2664
f 6309 	6278 	6326
f 6194 	6242 	6328
f 6241 	6334 	5084
f 6203 	6338 	6340
f 6281 	6291 	6329
f 4993 	6333 	5026
f 6479 	5908 	5890
f 6281 	6329 	6327
f 6282 	6281 	6327
f 6339 	6236 	6340
f 6341 	6220 	6361
f 6327 	6279 	6282
f 1773 	6310 	1963
f 6328 	6292 	6194
f 6333 	9242 	6331
f 6360 	6359 	6331
f 6335 	6290 	6332
f 6347 	6342 	6359
f 6238 	6404 	6355
f 6297 	6335 	6337
f 6346 	6432 	1934
f 6295 	6290 	6335
f 6340 	6338 	6339
f 6295 	6335 	6297
f 6226 	6361 	6220
f 6348 	4833 	5182
f 6329 	6291 	6337
f 6338 	6336 	6339
f 6203 	6340 	6236
f 6341 	6108 	6028
f 6345 	6348 	6351
f 6318 	6365 	6317
f 6068 	6387 	6355
f 6365 	6318 	6319
f 6347 	6359 	6360
f 6355 	6537 	6068
f 6362 	6130 	6358
f 2025 	6654 	6346
f 5181 	6351 	5182
f 6347 	6360 	9242
f 6108 	6341 	6361
f 5189 	5290 	6351
f 6313 	6306 	6367
f 6346 	1934 	2025
f 6351 	5181 	5189
f 1902 	1411 	6364
f 6342 	6398 	6359
f 6328 	6242 	6358
f 6351 	6348 	5182
f 6344 	6343 	6378
f 6341 	6028 	6104
f 6353 	6363 	6352
f 1411 	6211 	6364
f 6365 	6319 	6367
f 6355 	6384 	6238
f 6421 	6177 	6368
f 6194 	6368 	6193
f 6193 	6368 	6195
f 6356 	6363 	6353
f 6387 	6384 	6355
f 5290 	5322 	6372
f 6347 	6366 	6342
f 6370 	6306 	6303
f 5325 	6394 	6372
f 6373 	8157 	8102
f 6220 	6354 	6288
f 5325 	6372 	5322
f 6370 	6367 	6306
f 8106 	6373 	8102
f 6370 	6365 	6367
f 6238 	6375 	6361
f 6333 	9232 	9242
f 6369 	1757 	6376
f 6372 	6394 	6374
f 4993 	9232 	6333
f 6376 	1772 	1718
f 6372 	6374 	6371
f 6376 	1757 	1772
f 6310 	6400 	1963
f 6238 	6384 	6375
f 6371 	6351 	6372
f 6668 	1963 	6400
f 6370 	7093 	6365
f 6361 	6375 	6384
f 6346 	6410 	6434
f 6317 	6365 	7093
f 6345 	6351 	6371
f 6361 	6069 	6108
f 6335 	6332 	8196
f 8196 	6332 	6358
f 6378 	4968 	5118
f 6369 	6376 	6898
f 6383 	6426 	5792
f 6371 	6391 	6270
f 6372 	6351 	6385
f 6364 	6211 	6382
f 6385 	6351 	5290
f 6350 	6304 	6272
f 6409 	6388 	6381
f 5290 	6372 	6385
f 6361 	6387 	6069
f 5171 	6280 	6403
f 6350 	6423 	6425
f 6350 	6425 	6343
f 6384 	6387 	6361
f 6423 	6350 	6272
f 6450 	6270 	6391
f 6380 	9871 	8248
f 1125 	6118 	6409
f 6376 	6396 	6898
f 6395 	5792 	6388
f 6393 	6405 	6392
f 6429 	5822 	5792
f 6378 	6396 	6344
f 6223 	6389 	6568
f 6383 	6395 	6411
f 6378 	5118 	6396
f 6389 	6418 	6568
f 6383 	6411 	6164
f 6361 	6226 	6238
f 6382 	6315 	6364
f 6381 	6388 	5792
f 6374 	6457 	6391
f 6393 	6398 	6342
f 6354 	6220 	6341
f 6397 	6398 	6393
f 6392 	6397 	6393
f 6344 	6396 	6376
f 1131 	1127 	6399
f 6341 	6104 	6354
f 6393 	6406 	6405
f 5997 	5891 	6401
f 5734 	1155 	6399
f 6374 	6391 	6371
f 6401 	6126 	6111
f 1131 	6399 	1155
f 5792 	5734 	6399
f 6402 	4968 	6378
f 5792 	6399 	6381
f 6140 	6126 	6401
f 6402 	4969 	4968
f 6383 	5792 	6395
f 6401 	6111 	6112
f 6245 	6383 	6164
f 5921 	5922 	6401
f 6400 	6310 	6314
f 6403 	6280 	6301
f 6406 	6342 	6366
f 6140 	6401 	5922
f 6406 	6393 	6342
f 6301 	6324 	6403
f 6395 	6119 	6178
f 6118 	6119 	6409
f 6453 	5705 	6403
f 6381 	1125 	6409
f 6409 	6119 	6395
f 6178 	6411 	6395
f 6350 	1725 	6304
f 9168 	6404 	6238
f 6388 	6409 	6395
f 6386 	6621 	6612
f 6331 	6359 	6398
f 6398 	6397 	6413
f 6343 	6344 	1718
f 6331 	6398 	6413
f 6528 	5775 	6414
f 6343 	1718 	1725
f 6344 	6376 	1718
f 6356 	6608 	6357
f 5329 	3195 	6412
f 6417 	6289 	6415
f 6416 	6426 	6383
f 6412 	6439 	5228
f 6419 	6320 	6321
f 6383 	6245 	6416
f 6418 	6389 	1980
f 5997 	6401 	6421
f 6416 	6245 	6236
f 6272 	6320 	6423
f 5041 	5412 	6472
f 6418 	6422 	6929
f 6523 	6289 	6417
f 1980 	1983 	6422
f 6611 	6615 	6377
f 6320 	6419 	6423
f 6422 	6418 	1980
f 5041 	6472 	6405
f 6112 	6421 	6401
f 6389 	1967 	1980
f 6378 	6343 	6425
f 5992 	6357 	6593
f 6425 	6402 	6378
f 5792 	6426 	6429
f 6425 	6423 	6402
f 6346 	6434 	6432
f 6435 	6392 	6405
f 6437 	6407 	6408
f 6437 	6408 	5967
f 6419 	6402 	6423
f 6437 	6431 	6407
f 5692 	5925 	6436
f 5966 	6437 	5967
f 6419 	4969 	6402
f 6315 	6382 	6379
f 6363 	6440 	6352
f 6437 	5966 	5895
f 5696 	6436 	5698
f 6412 	5532 	6439
f 6377 	6352 	6440
f 6437 	5895 	6441
f 6440 	6438 	6386
f 6420 	5662 	5708
f 6325 	6427 	2751
f 6343 	1725 	6350
f 5696 	5692 	6436
f 6441 	6431 	6437
f 6377 	6440 	6386
f 6298 	6302 	6138
f 6417 	10236 	6424
f 5447 	5732 	5684
f 3669 	6440 	6363
f 6020 	6441 	5895
f 6138 	6286 	6298
f 5730 	6154 	6455
f 5913 	5954 	6436
f 6020 	6024 	6467
f 6420 	5730 	6443
f 6349 	6386 	6438
f 6443 	5730 	6455
f 6472 	6435 	6405
f 5447 	5684 	5621
f 5967 	6408 	6444
f 5662 	6445 	5621
f 6304 	1725 	1497
f 6436 	5925 	5913
f 6446 	6444 	6408
f 6269 	6436 	6262
f 5447 	5621 	6445
f 6446 	6447 	6448
f 6438 	6440 	6538
f 5447 	5936 	5732
f 6324 	6452 	6453
f 6568 	6860 	6442
f 6446 	6448 	6444
f 6568 	6868 	6860
f 6436 	6303 	6261
f 6324 	6526 	6452
f 6261 	6260 	6436
f 6260 	6262 	6436
f 3669 	3815 	6440
f 6454 	6428 	6433
f 6303 	6436 	6449
f 5718 	5705 	6453
f 6454 	6433 	6397
f 6407 	6431 	6446
f 6435 	6454 	6397
f 6324 	6453 	6403
f 6431 	6465 	6446
f 6435 	6397 	6392
f 6408 	6407 	6446
f 6438 	6538 	6545
f 6447 	6459 	6448
f 6397 	6433 	6413
f 5958 	6554 	6460
f 6460 	5954 	5958
f 6462 	6379 	6382
f 5325 	5753 	6394
f 6461 	6331 	6413
f 6436 	5954 	6460
f 6333 	6331 	6461
f 6449 	6436 	6460
f 6461 	6413 	6433
f 6460 	6463 	6449
f 6382 	6211 	6462
f 6428 	6461 	6433
f 5708 	5730 	6420
f 6461 	5026 	6333
f 6447 	6464 	6459
f 5765 	5775 	6528
f 5857 	6453 	6452
f 6461 	5229 	5026
f 6453 	5715 	5718
f 6478 	5908 	6479
f 6453 	5857 	5715
f 6324 	6283 	6511
f 6457 	6500 	6450
f 6461 	7268 	7272
f 6068 	6525 	6456
f 6368 	5997 	6421
f 6068 	6456 	6154
f 6154 	6456 	6455
f 6391 	6457 	6450
f 6445 	5662 	5411
f 6441 	6467 	6469
f 5662 	6498 	5418
f 5662 	5418 	5411
f 4545 	5435 	3209
f 6431 	6441 	6469
f 5946 	6477 	6496
f 6339 	6470 	6473
f 6472 	6468 	6435
f 6325 	6270 	6450
f 3209 	5435 	5369
f 6469 	8441 	6465
f 6412 	3195 	3216
f 6416 	6339 	6473
f 6469 	6465 	6431
f 6289 	6523 	6511
f 6236 	6339 	6416
f 6283 	6289 	6511
f 6199 	6475 	6476
f 6511 	6526 	6324
f 6435 	6468 	6454
f 6484 	6482 	6370
f 6486 	6503 	3102
f 6487 	5984 	5982
f 5753 	5769 	6485
f 6374 	6394 	5753
f 6494 	6190 	6652
f 6480 	6542 	2765
f 5753 	6485 	6457
f 6479 	6305 	6478
f 6480 	2695 	5783
f 6190 	6661 	6652
f 6223 	6493 	6481
f 6457 	6485 	5863
f 6457 	6531 	6500
f 6505 	6492 	6495
f 6496 	6305 	6479
f 5418 	3209 	5369
f 6201 	6494 	5982
f 5753 	6457 	6374
f 6303 	6484 	6370
f 6487 	5982 	6494
f 6496 	6479 	5890
f 5769 	5863 	6485
f 6498 	3209 	5418
f 6499 	6491 	6482
f 6492 	6497 	6495
f 6498 	6471 	3209
f 6501 	6493 	6223
f 6483 	5458 	5526
f 6449 	6499 	6484
f 5941 	6503 	6486
f 6617 	6492 	3421
f 6505 	3421 	6492
f 6480 	5783 	5596
f 6190 	6494 	6201
f 6457 	5863 	6531
f 6503 	5941 	5962
f 6223 	6490 	6504
f 6502 	6510 	6489
f 6477 	6486 	3102
f 5662 	6420 	6498
f 6303 	6449 	6484
f 6498 	6502 	6471
f 6473 	6506 	6416
f 5984 	6488 	5973
f 6501 	6223 	6504
f 6505 	6495 	1646
f 6499 	6482 	6484
f 3398 	3421 	6505
f 6420 	6510 	6502
f 6512 	6552 	5929
f 6504 	6475 	6501
f 6449 	6513 	6499
f 6514 	6516 	6517
f 6420 	6502 	6498
f 6513 	6449 	6463
f 6503 	5962 	6509
f 6452 	6526 	6535
f 6510 	6420 	6443
f 2794 	2818 	6507
f 5973 	6488 	6515
f 6509 	3787 	3102
f 6509 	3102 	6503
f 2818 	2905 	6507
f 6455 	6510 	6443
f 6223 	6481 	6217
f 6914 	2794 	6507
f 6611 	6377 	6612
f 6386 	6612 	6377
f 6511 	6523 	6541
f 6517 	6516 	3379
f 6475 	6199 	6521
f 6426 	6416 	6518
f 6516 	6514 	3407
f 6520 	6199 	6247
f 6426 	6518 	6519
f 6524 	5901 	5749
f 6456 	6525 	6455
f 6618 	6519 	6518
f 8751 	6517 	3379
f 5984 	6487 	6488
f 6504 	6490 	6475
f 6483 	5526 	6458
f 6510 	6455 	6525
f 6475 	6490 	6476
f 6483 	6458 	6451
f 8751 	1648 	6517
f 6522 	6524 	5749
f 6493 	6520 	6481
f 6508 	6550 	6527
f 5947 	5929 	5272
f 6520 	6493 	6521
f 6521 	6501 	6475
f 6518 	6416 	6506
f 6527 	6524 	6522
f 6521 	6493 	6501
f 5272 	5271 	5947
f 7411 	6499 	6513
f 6462 	6211 	6199
f 6377 	6615 	6352
f 6462 	6199 	6476
f 6522 	6508 	6527
f 6534 	6535 	6526
f 6850 	6853 	6462
f 6349 	6622 	6386
f 6622 	6621 	6386
f 1646 	6495 	6536
f 6524 	6527 	6595
f 6853 	6379 	6462
f 6595 	6826 	6524
f 6533 	6885 	6884
f 5857 	6452 	6535
f 6536 	6559 	6532
f 6522 	6915 	6508
f 6861 	6512 	6515
f 6499 	7411 	6491
f 6495 	6497 	6536
f 6535 	6534 	10322
f 6532 	1646 	6536
f 6518 	6506 	7419
f 6532 	1680 	1666
f 6537 	6355 	6540
f 6534 	6526 	6511
f 3841 	6538 	3815
f 6534 	6511 	10323
f 3815 	6538 	6440
f 6517 	6539 	6514
f 6442 	6860 	6462
f 6537 	6540 	6666
f 6462 	6881 	6850
f 7779 	6542 	6480
f 1670 	6539 	1648
f 5765 	6528 	6529
f 6517 	1648 	6539
f 6424 	6541 	6417
f 5272 	6577 	6581
f 6480 	7849 	7779
f 6539 	6576 	6514
f 6511 	6541 	10323
f 1670 	6546 	6539
f 3841 	6545 	6538
f 6462 	6476 	6442
f 6442 	6476 	6490
f 5272 	6548 	6547
f 6552 	6548 	5272
f 6550 	6551 	6527
f 9454 	9468 	6531
f 6544 	6429 	6426
f 6519 	6543 	6544
f 6529 	5802 	5765
f 6426 	6519 	6544
f 6438 	6545 	6549
f 6531 	5894 	9454
f 6654 	6704 	6410
f 5272 	5929 	6552
f 6417 	6541 	6523
f 6500 	6531 	6563
f 6545 	6558 	6549
f 6554 	6463 	6460
f 6559 	6536 	6553
f 6563 	6450 	6500
f 6562 	6555 	6314
f 6536 	6497 	6553
f 6427 	6325 	6563
f 6552 	6512 	6878
f 6545 	6556 	6558
f 6875 	6547 	6548
f 6556 	3841 	6561
f 6561 	6564 	6556
f 7333 	6559 	6553
f 6564 	6566 	6558
f 10331 	6427 	6563
f 6565 	5958 	6027
f 6400 	6314 	6555
f 6554 	5958 	6565
f 6430 	6427 	10331
f 6325 	6450 	6563
f 6528 	6569 	6570
f 6442 	6490 	6568
f 290 	6563 	6531
f 5272 	6547 	6575
f 6528 	6570 	6529
f 6564 	6558 	6556
f 6587 	6579 	6566
f 5808 	5806 	6574
f 6529 	6570 	6650
f 6574 	6780 	6567
f 6571 	6062 	5978
f 7163 	6566 	6579
f 6564 	6587 	6566
f 6546 	6576 	6539
f 6704 	6701 	6578
f 6571 	6066 	6062
f 6546 	6583 	6576
f 6574 	6567 	5808
f 6650 	6570 	6580
f 6571 	7836 	6066
f 827 	831 	6585
f 796 	827 	6585
f 6582 	796 	6585
f 6571 	6573 	6572
f 6569 	6528 	6414
f 6585 	831 	6590
f 6451 	5859 	6586
f 6410 	6704 	6578
f 5859 	6567 	6586
f 6561 	6587 	6564
f 5978 	5979 	6571
f 6592 	6584 	6582
f 6571 	6543 	6573
f 6582 	6591 	6592
f 6543 	6571 	6544
f 6703 	6579 	6587
f 6412 	6569 	6414
f 5888 	5822 	6571
f 6905 	6892 	6577
f 6585 	6590 	6591
f 6569 	6412 	3216
f 6571 	5822 	6429
f 6596 	6593 	4154
f 4280 	4154 	6593
f 6571 	5979 	5888
f 7516 	7512 	6576
f 4154 	6597 	6596
f 6571 	6429 	6544
f 6591 	6582 	6585
f 6562 	6594 	6555
f 6588 	6581 	6892
f 6593 	6357 	6608
f 6597 	6509 	5959
f 6565 	8580 	6554
f 6551 	6560 	6595
f 5957 	6597 	5959
f 6598 	3736 	3412
f 6509 	6597 	3787
f 3409 	3407 	6598
f 6575 	6905 	6577
f 6601 	7107 	6602
f 3407 	6514 	6598
f 6602 	7106 	6604
f 3412 	3409 	6598
f 6418 	6606 	6603
f 6605 	7959 	6607
f 6610 	7959 	6613
f 6527 	6551 	6595
f 3421 	6642 	6617
f 6665 	6659 	6621
f 4308 	4295 	6609
f 6600 	6510 	6525
f 6586 	6466 	6451
f 6622 	6665 	6621
f 6619 	7959 	6620
f 6497 	6492 	6617
f 6624 	6787 	6618
f 6786 	6618 	6787
f 7119 	7117 	6631
f 6631 	6630 	7119
f 4308 	6609 	6615
f 6611 	6612 	6659
f 6612 	6621 	6659
f 4308 	6615 	6611
f 4308 	6611 	6659
f 4295 	4280 	6608
f 6608 	6609 	4295
f 6618 	6786 	6519
f 6598 	6713 	3742
f 6628 	6643 	6698
f 6356 	6609 	6608
f 6804 	5272 	6581
f 6598 	3742 	3736
f 6519 	6786 	6796
f 6588 	6589 	6812
f 6698 	7127 	6628
f 6629 	6628 	7122
f 6929 	6606 	6418
f 6630 	6629 	7122
f 6573 	6543 	6519
f 6603 	6568 	6418
f 6519 	6800 	6573
f 6614 	6812 	6589
f 6519 	6796 	6800
f 6474 	6595 	2312
f 6578 	6634 	7262
f 6609 	6352 	6615
f 6639 	6638 	6698
f 6578 	6908 	6634
f 6356 	6353 	6609
f 6609 	6353 	6352
f 6632 	6642 	3767
f 6641 	6640 	6698
f 6640 	6639 	6698
f 7262 	6410 	6578
f 2020 	4869 	6645
f 6646 	6644 	6647
f 6643 	6641 	6698
f 6644 	4274 	6647
f 6624 	6618 	7605
f 6650 	6530 	6529
f 4330 	4274 	6644
f 6650 	8011 	6530
f 6533 	6513 	6656
f 6651 	7042 	6653
f 4309 	4308 	6659
f 6657 	6653 	7042
f 6645 	6654 	2020
f 6190 	6764 	6661
f 6580 	8011 	6650
f 6474 	6655 	6627
f 6657 	7042 	6658
f 6647 	4309 	6646
f 6646 	4309 	6659
f 6660 	7042 	6662
f 6646 	6659 	6665
f 3780 	6632 	3758
f 6663 	7042 	6664
f 8125 	6666 	6801
f 6668 	2031 	1963
f 6855 	6667 	3742
f 6664 	7042 	6669
f 3742 	6713 	6855
f 6670 	6669 	6697
f 6410 	6346 	6654
f 3776 	3742 	6667
f 6675 	6697 	6676
f 6679 	6676 	6697
f 6681 	6679 	6697
f 3776 	6667 	3786
f 3767 	3758 	6632
f 6682 	6681 	6697
f 6632 	6871 	6879
f 4327 	6688 	6680
f 6684 	6680 	6688
f 6668 	6678 	2035
f 6680 	4312 	4327
f 6879 	6880 	6632
f 6686 	6697 	6689
f 6633 	6689 	6697
f 6632 	6880 	6877
f 6801 	6666 	6671
f 6692 	6673 	6764
f 6688 	6644 	6684
f 6540 	6694 	6666
f 6693 	6684 	6644
f 6540 	6557 	6694
f 6683 	6682 	6697
f 6697 	6675 	6674
f 6697 	6674 	6672
f 7042 	6697 	6669
f 6672 	6670 	6697
f 6668 	2035 	2031
f 6644 	6688 	4330
f 6671 	6694 	6557
f 6610 	6607 	7959
f 6605 	6604 	7959
f 7122 	7119 	6630
f 6678 	6668 	6725
f 6671 	6666 	6694
f 6646 	6693 	6644
f 6692 	6764 	6696
f 6617 	6642 	6700
f 6637 	6698 	6638
f 6636 	6698 	6637
f 6636 	6635 	6698
f 6697 	6698 	6635
f 6635 	6633 	6697
f 6686 	6683 	6697
f 4342 	6699 	4301
f 6700 	6497 	6617
f 6700 	6553 	6497
f 6666 	6600 	6525
f 6702 	6703 	6705
f 6663 	6662 	7042
f 6660 	6658 	7042
f 6649 	7042 	6651
f 6649 	6623 	7042
f 6705 	6706 	6702
f 6911 	6857 	6656
f 6707 	6697 	7020
f 7042 	7020 	6697
f 6525 	6537 	6666
f 6701 	6704 	6645
f 6705 	4342 	6706
f 6695 	6775 	6690
f 6764 	6687 	6696
f 6759 	6677 	6655
f 9486 	7090 	6701
f 6710 	7225 	6708
f 6712 	7225 	6710
f 6713 	6598 	6514
f 6714 	7225 	6712
f 6404 	9168 	6557
f 6715 	7225 	6714
f 6540 	6355 	6404
f 6713 	6514 	6576
f 6717 	7225 	6715
f 9486 	6645 	9513
f 6540 	6404 	6557
f 6706 	7277 	6702
f 6719 	7225 	6717
f 6721 	7225 	6719
f 6696 	6687 	6960
f 6722 	7225 	6721
f 6704 	6654 	6645
f 6720 	4681 	6471
f 6369 	6685 	6110
f 6960 	6966 	6696
f 6724 	7020 	6723
f 6471 	4681 	4568
f 6678 	6725 	6726
f 6711 	6828 	6718
f 6718 	6828 	6716
f 6709 	6828 	6711
f 4342 	6705 	6699
f 6703 	6699 	6705
f 6720 	6471 	6502
f 6934 	6937 	6661
f 6678 	6726 	9489
f 3858 	4301 	6699
f 6713 	6576 	7512
f 7225 	7221 	6708
f 7224 	7226 	6729
f 6865 	6494 	6652
f 6720 	6489 	6762
f 6699 	6561 	3858
f 7229 	7232 	6732
f 6561 	6699 	6587
f 7228 	7229 	6734
f 6934 	6661 	6931
f 6587 	6699 	6703
f 6729 	6708 	7224
f 6673 	6931 	6661
f 7222 	7224 	6708
f 6750 	6751 	6806
f 6400 	6555 	6725
f 6510 	6762 	6489
f 6400 	6725 	6668
f 6726 	6725 	7104
f 6502 	6489 	6720
f 6741 	6806 	6740
f 6931 	6673 	6692
f 6666 	8125 	6748
f 6655 	6829 	6627
f 4342 	4370 	6749
f 6747 	6806 	6745
f 6752 	6749 	4370
f 6748 	6600 	6666
f 6730 	6806 	6751
f 6315 	6754 	6755
f 4375 	6752 	4370
f 6738 	6690 	6736
f 6733 	6690 	6738
f 6691 	6690 	6733
f 6315 	6853 	6754
f 6763 	7020 	6760
f 4733 	6720 	4728
f 4375 	6758 	6752
f 6755 	6314 	6315
f 6762 	4728 	6720
f 6757 	6760 	7020
f 6673 	6661 	6764
f 4384 	6805 	6758
f 6772 	7020 	6770
f 4342 	6749 	6706
f 6600 	6748 	6762
f 6773 	7020 	6772
f 6767 	7020 	6765
f 6706 	6749 	6752
f 6752 	6774 	6706
f 5806 	6070 	6574
f 6885 	6736 	6775
f 6648 	6687 	6812
f 6778 	7020 	6777
f 6510 	6600 	6762
f 6744 	6735 	6743
f 6812 	6614 	6648
f 6466 	6586 	6792
f 6695 	6766 	6768
f 6695 	6768 	6771
f 6695 	6771 	6776
f 6695 	6776 	6775
f 6736 	6690 	6775
f 6953 	6802 	6769
f 6574 	6070 	6780
f 6761 	6743 	6735
f 6720 	4733 	4681
f 5948 	4449 	6785
f 6754 	6769 	6755
f 6746 	6782 	6735
f 6782 	6761 	6735
f 6769 	6810 	6755
f 7605 	7616 	6624
f 6784 	6707 	6783
f 6788 	6707 	6784
f 6567 	6852 	6792
f 6791 	6707 	6789
f 6797 	6793 	6680
f 6567 	6780 	6852
f 6798 	6707 	6794
f 6797 	6680 	6684
f 6594 	6562 	6755
f 6671 	8108 	6801
f 6792 	6586 	6567
f 6793 	6785 	4449
f 6795 	6735 	6744
f 6773 	6777 	7020
f 6779 	6707 	6778
f 6781 	6707 	6779
f 6783 	6707 	6781
f 7020 	6778 	6707
f 6788 	6789 	6707
f 6791 	6794 	6707
f 6799 	6707 	6798
f 6793 	6797 	6803
f 6803 	6790 	6785
f 6793 	6803 	6785
f 7221 	7222 	6708
f 6595 	6474 	6627
f 6746 	6735 	6753
f 4449 	4455 	6793
f 2301 	2335 	6655
f 6752 	6758 	6807
f 6707 	6799 	6737
f 6707 	6737 	6739
f 6740 	6806 	6739
f 6742 	6806 	6741
f 6745 	6806 	6742
f 6750 	6806 	6747
f 6707 	6739 	6806
f 2301 	6655 	6474
f 6758 	6805 	6807
f 6724 	6727 	7020
f 7020 	6727 	6756
f 6757 	7020 	6756
f 6763 	6765 	7020
f 6767 	6770 	7020
f 8125 	6817 	6748
f 6806 	6698 	6697
f 6806 	6697 	6707
f 6810 	6802 	6813
f 6752 	6807 	6774
f 6804 	6581 	6588
f 6805 	6814 	6807
f 6810 	6813 	6815
f 6887 	6110 	6685
f 6787 	7616 	6786
f 6787 	6624 	7616
f 6769 	6802 	6810
f 6802 	8421 	6813
f 6604 	6714 	6602
f 6759 	6655 	6887
f 6830 	6814 	6805
f 4728 	6762 	6748
f 4728 	6748 	6817
f 6687 	6764 	6812
f 6814 	7339 	6807
f 6655 	2335 	6888
f 6817 	8147 	4728
f 6786 	6818 	6796
f 6815 	6820 	6810
f 6823 	5910 	6826
f 6655 	6677 	6829
f 7268 	7430 	6812
f 7430 	7187 	6812
f 4495 	6830 	4492
f 6829 	6677 	5868
f 6941 	6832 	6833
f 6830 	6835 	6814
f 6808 	7681 	6811
f 7691 	7681 	6816
f 6823 	6627 	6829
f 6595 	6627 	6823
f 5682 	5685 	6827
f 6841 	6835 	6830
f 6829 	5868 	5932
f 6834 	6837 	6836
f 6837 	6838 	6836
f 6809 	7002 	7019
f 6830 	4495 	6841
f 6595 	6823 	6826
f 6828 	6941 	6833
f 6754 	6853 	6850
f 6631 	6734 	6630
f 6315 	6379 	6853
f 6735 	6795 	6811
f 6626 	6728 	6631
f 6836 	6844 	6848
f 6838 	6842 	6836
f 6842 	6843 	6836
f 6844 	6836 	6843
f 6851 	6848 	6844
f 6808 	6825 	7681
f 6825 	6816 	7681
f 7691 	6816 	6819
f 6520 	6247 	6845
f 6809 	7019 	6839
f 5932 	6823 	6829
f 6822 	6828 	6824
f 6821 	6828 	6822
f 6709 	6824 	6828
f 6833 	6695 	6828
f 6832 	6695 	6833
f 6831 	6695 	6832
f 6766 	6695 	6831
f 6716 	6828 	6695
f 6847 	6827 	5685
f 6812 	6809 	6839
f 6735 	6811 	7681
f 6846 	5948 	6785
f 6845 	6481 	6520
f 2294 	6466 	2251
f 7805 	6845 	6247
f 6790 	6846 	6785
f 6841 	5935 	6849
f 6700 	6642 	6854
f 6849 	7358 	688
f 6804 	6812 	6840
f 6804 	6840 	7160
f 6854 	6642 	6632
f 6812 	6804 	6588
f 6466 	6792 	2251
f 2266 	2251 	6792
f 6839 	6840 	6812
f 6083 	6852 	6780
f 6656 	6513 	6911
f 2249 	6852 	2337
f 2249 	2266 	6792
f 6856 	5935 	5928
f 6856 	6849 	5935
f 2337 	6083 	6102
f 2249 	6792 	6852
f 6809 	6812 	7187
f 2337 	6852 	6083
f 6656 	6857 	6858
f 6690 	6691 	6859
f 6733 	6859 	6691
f 6466 	2294 	6451
f 6845 	6886 	6481
f 5998 	6846 	6862
f 6864 	6866 	6735
f 9101 	8959 	6866
f 5998 	5948 	6846
f 6918 	3646 	3647
f 6568 	6603 	6868
f 6862 	6870 	5998
f 7681 	7683 	6735
f 6784 	6783 	6676
f 6857 	6867 	6709
f 6857 	6709 	6711
f 5990 	6869 	6856
f 6709 	6867 	6824
f 6961 	6860 	6868
f 6515 	6488 	6863
f 6887 	2372 	2357
f 6863 	6488 	6487
f 2312 	2301 	6474
f 6863 	6861 	6515
f 6462 	6860 	6961
f 6865 	6487 	6494
f 6882 	6667 	6855
f 6708 	6599 	6601
f 6866 	6864 	6871
f 759 	6856 	6869
f 6507 	2905 	6508
f 6865 	6863 	6487
f 6185 	6129 	6873
f 2911 	6872 	6550
f 6870 	6873 	6129
f 8523 	6462 	6961
f 6714 	6604 	6605
f 6718 	6716 	6857
f 6850 	6881 	6891
f 6858 	6716 	6695
f 6858 	6695 	6690
f 6610 	6719 	6607
f 6880 	6735 	6877
f 6877 	6735 	7683
f 6874 	6191 	7392
f 6716 	6858 	6857
f 6613 	6719 	6610
f 6754 	6850 	6891
f 6859 	6858 	6690
f 6616 	6722 	6613
f 2911 	6550 	6508
f 6619 	6722 	6616
f 6656 	6858 	6859
f 7474 	6918 	3697
f 7176 	7174 	6234
f 6857 	6711 	6718
f 6891 	6954 	6769
f 6508 	2905 	2911
f 6879 	6735 	6880
f 6864 	6735 	6879
f 6625 	6729 	6626
f 6769 	6954 	6953
f 6891 	6769 	6754
f 6871 	6864 	6879
f 6550 	7870 	6551
f 6550 	6872 	7870
f 7870 	6560 	6551
f 6883 	6533 	6656
f 6734 	6631 	6728
f 6799 	6689 	6633
f 6979 	6174 	6181
f 6512 	6861 	6878
f 6685 	6759 	6887
f 6481 	6886 	6284
f 6887 	6655 	6888
f 6533 	6883 	6885
f 6845 	7805 	6886
f 6875 	6552 	6876
f 6751 	6750 	6643
f 6552 	6875 	6548
f 6656 	6889 	6883
f 6552 	6878 	6876
f 6110 	6887 	2357
f 6887 	6888 	2335
f 6656 	6859 	6889
f 6744 	6890 	6795
f 6760 	6651 	6653
f 6831 	6893 	6766
f 6581 	6577 	6892
f 6744 	6743 	6899
f 6760 	6653 	6657
f 6588 	6892 	6895
f 6899 	6890 	6744
f 6765 	6657 	6658
f 6743 	6910 	6899
f 6733 	6738 	6889
f 5996 	6897 	6896
f 6738 	6883 	6889
f 6765 	6658 	6660
f 6859 	6733 	6889
f 6770 	6660 	6662
f 6369 	6898 	6894
f 6895 	6922 	6589
f 6663 	6772 	6662
f 6770 	6662 	6772
f 6772 	6663 	6664
f 6233 	6159 	6978
f 6589 	6588 	6895
f 6894 	6685 	6369
f 6738 	6736 	6883
f 6897 	6901 	6896
f 6759 	6685 	6897
f 7018 	6233 	6978
f 6897 	6677 	6759
f 6902 	6884 	6768
f 6934 	6904 	6903
f 5868 	6677 	6897
f 6768 	6884 	6771
f 6901 	6897 	6685
f 5868 	6897 	5996
f 6902 	6768 	6766
f 6675 	6783 	6674
f 6675 	6676 	6783
f 6893 	6902 	6766
f 6910 	6743 	6761
f 6894 	6901 	6685
f 6905 	6960 	6892
f 6784 	6676 	6679
f 6761 	6920 	6909
f 6789 	6679 	6681
f 6920 	6761 	6782
f 6562 	6314 	6755
f 6701 	7090 	6908
f 6794 	6791 	6683
f 6884 	6775 	6776
f 6982 	6169 	6168
f 6883 	6736 	6885
f 6686 	6689 	6799
f 6271 	8887 	6275
f 6275 	8887 	5955
f 6775 	6884 	6885
f 9111 	6890 	6899
f 6771 	6884 	6776
f 6026 	6901 	6894
f 5118 	6898 	6396
f 6602 	6712 	6601
f 6810 	6907 	6755
f 5126 	6898 	5118
f 6909 	6910 	6761
f 6026 	5999 	6896
f 6607 	6717 	6605
f 6701 	6908 	6578
f 6607 	6719 	6717
f 6896 	6901 	6026
f 6547 	6875 	6903
f 6613 	6721 	6719
f 3737 	6969 	6925
f 6513 	6463 	6911
f 6575 	6904 	6905
f 5126 	6894 	6898
f 6613 	6722 	6721
f 6619 	6723 	6722
f 6619 	6620 	6723
f 6547 	6903 	6904
f 6508 	6915 	6507
f 6913 	6349 	6438
f 6623 	6727 	6620
f 6915 	6914 	6507
f 9111 	6899 	6910
f 6727 	6623 	6649
f 3638 	3639 	6918
f 6755 	6907 	6916
f 6915 	6928 	6914
f 6728 	6626 	6729
f 6900 	6648 	6614
f 6892 	6951 	6900
f 6599 	6708 	6625
f 3638 	6918 	3647
f 6926 	6746 	6753
f 6547 	6904 	6575
f 6916 	6594 	6755
f 3772 	6914 	6928
f 6730 	6628 	6629
f 6730 	6629 	6731
f 6630 	6732 	6629
f 6950 	6928 	6915
f 6589 	6900 	6614
f 6921 	6913 	6438
f 6895 	6892 	6922
f 6920 	6782 	6746
f 6922 	6892 	6900
f 6746 	6926 	6920
f 6907 	6923 	6916
f 6589 	6922 	6900
f 6635 	6739 	6633
f 6810 	6923 	6907
f 6973 	6190 	6974
f 6635 	6636 	6739
f 9111 	9126 	6890
f 6911 	6867 	6857
f 6640 	6747 	6639
f 6750 	6747 	6641
f 6945 	6808 	6811
f 6935 	6924 	6958
f 6641 	6643 	6750
f 6930 	6945 	6811
f 6628 	6730 	6643
f 6751 	6643 	6730
f 6932 	6933 	6950
f 6957 	6952 	6816
f 5748 	6933 	6932
f 6867 	6924 	6935
f 6952 	6819 	6816
f 6927 	6936 	3730
f 6822 	6938 	6821
f 6816 	6959 	6957
f 6937 	6934 	6903
f 6822 	6824 	6935
f 6661 	6937 	6939
f 6828 	6821 	6940
f 6939 	6875 	6876
f 6828 	6940 	6941
f 6940 	6958 	6941
f 6903 	6939 	6937
f 6903 	6875 	6939
f 6939 	6876 	6878
f 6941 	6942 	6832
f 6861 	6939 	6878
f 6863 	6865 	6939
f 6947 	6825 	6808
f 6946 	2267 	2217
f 6918 	6946 	2217
f 6867 	6935 	6824
f 6861 	6863 	6939
f 6669 	6670 	6777
f 6778 	6777 	6670
f 6931 	6904 	6934
f 6942 	6831 	6832
f 6672 	6778 	6670
f 7474 	7479 	6918
f 6930 	6811 	6795
f 7479 	7470 	6918
f 6831 	6942 	6893
f 6939 	6865 	6652
f 6929 	6943 	6606
f 6945 	6967 	6808
f 5755 	6936 	6933
f 6789 	6681 	6791
f 6682 	6791 	6681
f 6939 	6652 	6661
f 6933 	6927 	6950
f 6816 	6825 	6963
f 6682 	6683 	6791
f 6936 	6927 	6933
f 6943 	6603 	6606
f 6936 	5660 	2692
f 6794 	6683 	6686
f 6935 	6938 	6822
f 6963 	6825 	6947
f 2687 	3730 	6936
f 6936 	2692 	2687
f 6973 	6764 	6190
f 6932 	6522 	5748
f 6947 	6808 	6967
f 6936 	5738 	5660
f 6908 	6985 	7286
f 6821 	6938 	6940
f 6931 	6692 	6949
f 6932 	6915 	6522
f 6908 	7286 	6634
f 6601 	6710 	6708
f 6710 	6601 	6712
f 6949 	6692 	6696
f 6602 	6714 	6712
f 6953 	6972 	6802
f 6950 	6927 	6928
f 6714 	6605 	6715
f 6892 	6960 	6951
f 6954 	6881 	6953
f 6717 	6715 	6605
f 6954 	6891 	6881
f 6958 	6938 	6935
f 6950 	6915 	6932
f 6949 	6696 	6966
f 6940 	6938 	6958
f 6462 	6953 	6881
f 6723 	6620 	6724
f 6724 	6620 	6727
f 6900 	6951 	6648
f 6904 	6931 	6949
f 6925 	3721 	3811
f 6729 	6625 	6708
f 6960 	6905 	6904
f 6925 	3814 	3823
f 6816 	6964 	6959
f 6731 	6629 	6732
f 6957 	6959 	6930
f 3748 	6925 	3823
f 6630 	6734 	6732
f 6949 	6966 	6904
f 6963 	6964 	6816
f 6902 	6893 	6958
f 6893 	6942 	6958
f 6964 	6963 	6930
f 6737 	6633 	6739
f 6958 	7702 	6884
f 6636 	6740 	6739
f 6904 	6966 	6960
f 6958 	7704 	7702
f 6740 	6636 	6637
f 6740 	6637 	6741
f 6902 	6958 	6884
f 6951 	6960 	6648
f 6945 	6963 	6967
f 6741 	6637 	6638
f 6741 	6638 	6742
f 6958 	6942 	6941
f 6945 	6930 	6963
f 6960 	6687 	6648
f 6742 	6638 	6639
f 6742 	6639 	6745
f 6959 	6964 	6930
f 6745 	6639 	6747
f 6952 	6957 	6930
f 3737 	6925 	3761
f 6640 	6641 	6747
f 6963 	6947 	6967
f 6968 	6955 	6961
f 6968 	8483 	6955
f 6795 	6890 	6930
f 6727 	6649 	6756
f 6890 	9161 	6930
f 6968 	6961 	6868
f 6925 	3811 	3814
f 6651 	6757 	6756
f 6651 	6756 	6649
f 7093 	6970 	6317
f 6760 	6757 	6651
f 7578 	3721 	6925
f 6462 	8523 	6953
f 6657 	6763 	6760
f 6969 	7578 	6925
f 6765 	6763 	6657
f 6660 	6767 	6765
f 6953 	8523 	6972
f 6982 	5897 	5919
f 6052 	6974 	6190
f 6770 	6767 	6660
f 6970 	6975 	3290
f 6664 	6773 	6772
f 6669 	6773 	6664
f 7149 	6975 	6970
f 6777 	6773 	6669
f 6989 	6990 	6985
f 6672 	6779 	6778
f 7038 	6991 	6983
f 6854 	6981 	6700
f 6839 	7160 	6840
f 6181 	6986 	6979
f 6672 	6674 	6779
f 6781 	6779 	6674
f 6984 	6981 	6854
f 3064 	2668 	6317
f 6169 	6982 	6980
f 6783 	6781 	6674
f 6804 	7160 	5363
f 6994 	7937 	6991
f 6317 	6970 	3290
f 6877 	7683 	6984
f 6679 	6788 	6784
f 7160 	5346 	5363
f 6317 	3290 	3064
f 6877 	6984 	6632
f 6993 	7937 	6988
f 6789 	6788 	6679
f 6854 	6632 	6984
f 6995 	7937 	6994
f 6987 	7937 	6995
f 6987 	6988 	7937
f 6983 	6991 	7937
f 43 	44 	6988
f 43 	6988 	6987
f 7268 	6812 	6764
f 6925 	3748 	3754
f 6979 	6986 	8794
f 6986 	6980 	8794
f 6985 	6908 	7090
f 6925 	3754 	3760
f 110 	46 	7038
f 6794 	6686 	6798
f 6305 	8794 	6980
f 6686 	6799 	6798
f 6997 	6998 	6855
f 3760 	3761 	6925
f 5919 	6478 	6982
f 3298 	6996 	6999
f 55 	42 	6992
f 55 	6992 	6993
f 6799 	6633 	6737
f 7000 	7035 	6944
f 57 	6994 	46
f 6991 	46 	6994
f 5897 	6982 	6168
f 7003 	796 	6582
f 43 	6987 	6995
f 7998 	7000 	6944
f 7003 	799 	796
f 6988 	44 	55
f 6988 	55 	6993
f 6946 	7000 	7004
f 6882 	6855 	6998
f 6982 	6305 	6980
f 6478 	6305 	6982
f 7998 	8003 	7000
f 6994 	57 	6995
f 6584 	7006 	6582
f 7998 	6944 	7007
f 6948 	7007 	6944
f 6810 	6820 	7008
f 6582 	7006 	7003
f 7998 	7007 	6976
f 6809 	7043 	7002
f 7007 	6948 	7011
f 6923 	6810 	7008
f 7011 	6948 	6977
f 6722 	6723 	7020
f 6809 	7187 	7043
f 7006 	7015 	7003
f 3103 	7004 	6971
f 6977 	6976 	7011
f 7007 	7011 	6976
f 6978 	8794 	7018
f 7008 	7153 	6923
f 6271 	6275 	7180
f 7009 	8753 	7005
f 7010 	8753 	7009
f 6992 	7005 	7937
f 6993 	6992 	7937
f 7017 	7001 	4284
f 7014 	8753 	7010
f 7012 	9160 	7014
f 7937 	7005 	8753
f 7153 	7008 	7196
f 7002 	7017 	7019
f 7017 	7002 	7001
f 7015 	7024 	7003
f 7024 	7692 	7003
f 7023 	7692 	7024
f 7021 	2360 	2188
f 7012 	65 	7013
f 799 	7003 	2636
f 7013 	65 	132
f 7015 	7006 	7024
f 6592 	7024 	7006
f 6592 	7006 	6584
f 88 	7014 	76
f 7010 	76 	7014
f 7024 	6592 	7023
f 8483 	7026 	7025
f 42 	7005 	6992
f 7176 	6234 	6233
f 7014 	88 	7012
f 7525 	6591 	6590
f 4284 	7001 	4285
f 7064 	2359 	7021
f 6603 	6943 	7026
f 7034 	6985 	6990
f 7021 	2359 	2360
f 7023 	7020 	7692
f 7018 	8794 	7016
f 7038 	6983 	7032
f 7041 	6976 	6977
f 7064 	7036 	2359
f 7036 	2346 	2359
f 7031 	7032 	6983
f 6590 	831 	2503
f 7033 	4284 	4283
f 7032 	7031 	101
f 7029 	98 	7031
f 7031 	98 	99
f 7042 	7692 	7020
f 7687 	7692 	7042
f 7058 	7053 	7309
f 7179 	6271 	7180
f 101 	7031 	99
f 7036 	7040 	2346
f 7309 	6470 	7058
f 6943 	6929 	7039
f 7032 	101 	102
f 6943 	7039 	7026
f 7032 	102 	110
f 7032 	110 	7038
f 6913 	6921 	7218
f 6991 	7038 	46
f 7043 	4286 	4285
f 6921 	6917 	7219
f 6944 	7035 	7041
f 7046 	7048 	7121
f 8483 	6968 	7026
f 7047 	7044 	7959
f 7043 	7001 	7002
f 7031 	7089 	7029
f 7026 	6968 	6868
f 7035 	7037 	7041
f 7050 	7047 	7959
f 6996 	7027 	6999
f 7052 	9179 	7013
f 7028 	2373 	7447
f 7026 	6868 	6603
f 7051 	7050 	7959
f 7045 	9179 	7052
f 7072 	7237 	7028
f 7054 	7959 	7055
f 7120 	7121 	7048
f 7049 	7120 	7048
f 7029 	7083 	7049
f 7056 	7959 	7057
f 7022 	7309 	7053
f 7059 	7057 	7959
f 7060 	7059 	7959
f 7027 	7022 	7053
f 6273 	7179 	6906
f 7046 	7045 	112
f 6273 	6271 	7179
f 7034 	7142 	7325
f 6990 	6989 	7034
f 6989 	7142 	7034
f 6948 	7041 	6977
f 7046 	112 	118
f 7033 	7017 	4284
f 7063 	7146 	7062
f 7048 	118 	120
f 7058 	6336 	6999
f 6622 	6349 	6913
f 7058 	6470 	6339
f 7035 	7000 	6946
f 7049 	7048 	120
f 6946 	7074 	7035
f 7058 	6339 	6336
f 7067 	7146 	7068
f 7049 	98 	7029
f 6921 	7219 	7218
f 7069 	7068 	7146
f 7066 	7033 	4283
f 132 	7052 	7013
f 6944 	7041 	6948
f 7053 	7058 	6999
f 7052 	132 	113
f 7070 	7069 	7146
f 7071 	7070 	7146
f 7052 	113 	7045
f 7028 	5939 	7072
f 7039 	7065 	7026
f 7027 	7053 	6999
f 7075 	7073 	7146
f 7046 	118 	7048
f 7025 	7026 	7065
f 7254 	7184 	6983
f 6983 	7085 	7086
f 7086 	7092 	6983
f 7218 	6622 	6913
f 6946 	6918 	7077
f 7937 	31 	6983
f 7146 	7081 	7079
f 6917 	6919 	7219
f 7082 	7081 	7146
f 7033 	7160 	7017
f 7074 	6946 	7077
f 7085 	6983 	7184
f 7090 	7135 	6985
f 6918 	7722 	7287
f 7073 	7071 	7146
f 7084 	7146 	7067
f 7082 	7146 	7084
f 7120 	7049 	7083
f 6918 	7287 	7077
f 7061 	7060 	7959
f 7093 	6370 	7078
f 7212 	6919 	6912
f 7287 	7208 	7077
f 7092 	7088 	6983
f 7031 	6983 	7088
f 7088 	7089 	7031
f 7083 	7029 	7089
f 9596 	7090 	9486
f 7147 	7035 	7074
f 7101 	7102 	7043
f 7097 	7959 	7100
f 7094 	7959 	7097
f 6370 	7096 	7078
f 2211 	2237 	7099
f 7100 	7959 	7103
f 7086 	7085 	197
f 2237 	2469 	7099
f 7103 	6604 	7105
f 2211 	7099 	6546
f 202 	7089 	7088
f 4282 	7102 	7101
f 7145 	7099 	2469
f 7184 	197 	7085
f 7106 	6602 	7107
f 7102 	4282 	4286
f 186 	7083 	7089
f 7109 	6599 	7110
f 214 	7092 	7086
f 7102 	4286 	7043
f 7092 	214 	202
f 7092 	202 	7088
f 7110 	6599 	7111
f 4282 	7101 	7114
f 6923 	7115 	6916
f 7095 	7108 	9237
f 7115 	6725 	6555
f 7113 	7111 	6625
f 7115 	7104 	6725
f 6594 	7115 	6555
f 2436 	2443 	7125
f 6594 	6916 	7115
f 7093 	7078 	7126
f 7123 	7124 	9179
f 7122 	6628 	7127
f 6549 	7108 	7095
f 7116 	7247 	7124
f 7363 	7247 	7118
f 6698 	7128 	7127
f 7138 	9237 	7108
f 7141 	7126 	7112
f 7153 	9585 	7115
f 7130 	7257 	2450
f 6438 	6549 	7095
f 9179 	7045 	7121
f 7123 	9179 	7121
f 7045 	7046 	7121
f 7133 	7131 	6698
f 7112 	7126 	7078
f 7108 	6549 	7138
f 4321 	7087 	7139
f 7080 	7112 	7078
f 7137 	7142 	7135
f 7130 	7237 	7257
f 7138 	6549 	6558
f 7028 	7237 	7130
f 4279 	7139 	7098
f 7135 	6989 	6985
f 2455 	2450 	7257
f 7142 	6989 	7135
f 7037 	8015 	7132
f 7136 	7134 	6698
f 7134 	7133 	6698
f 7131 	7129 	6698
f 6698 	7129 	7128
f 7117 	7113 	6631
f 6626 	6631 	7113
f 6599 	6625 	7111
f 6625 	6626 	7113
f 7153 	7115 	6923
f 4279 	4321 	7139
f 231 	7121 	7120
f 6566 	7138 	6558
f 7079 	7076 	7146
f 7140 	6698 	7076
f 7146 	7076 	6698
f 7140 	7136 	6698
f 7037 	7132 	7041
f 6566 	7144 	7138
f 7143 	7145 	2469
f 7056 	7055 	7959
f 7054 	7051 	7959
f 7959 	7062 	7146
f 7063 	7075 	7146
f 7044 	7062 	7959
f 7137 	7325 	7142
f 238 	7116 	7124
f 7107 	6601 	7109
f 7105 	6604 	7106
f 7094 	7091 	7959
f 7091 	7061 	7959
f 6604 	7103 	7959
f 6599 	7109 	6601
f 6616 	6613 	7959
f 7959 	7146 	7529
f 7124 	7123 	252
f 7148 	7529 	7146
f 7124 	252 	238
f 7143 	2436 	7125
f 7093 	7149 	6970
f 9280 	7144 	9279
f 7126 	7149 	7093
f 7159 	7267 	7125
f 7126 	7141 	7149
f 2469 	2436 	7143
f 7157 	7529 	7155
f 232 	7120 	7083
f 7125 	2443 	7159
f 231 	7120 	232
f 7154 	7155 	7529
f 7156 	7151 	7150
f 6370 	6482 	7096
f 7158 	7529 	7157
f 6703 	7163 	6579
f 7162 	7529 	7161
f 7017 	7160 	7019
f 342 	317 	7118
f 7167 	7529 	7166
f 7166 	7529 	7165
f 7163 	7144 	6566
f 7160 	6839 	7019
f 7189 	7159 	2443
f 7274 	7273 	7144
f 7116 	342 	7118
f 2443 	2445 	7189
f 7163 	7274 	7144
f 6703 	7274 	7163
f 7156 	7208 	7151
f 7160 	5375 	5346
f 7175 	7254 	7171
f 7177 	7254 	7175
f 7160 	5449 	5375
f 3289 	3285 	6975
f 7185 	7148 	7183
f 7254 	7177 	7181
f 7184 	7254 	7181
f 2455 	7257 	7189
f 7186 	7148 	7185
f 7191 	7148 	7190
f 7190 	7148 	7188
f 7035 	7147 	7037
f 7016 	7176 	6233
f 7189 	7266 	7159
f 284 	7171 	287
f 7170 	287 	7171
f 6996 	3295 	9441
f 6996 	9441 	7204
f 7150 	7194 	7156
f 7177 	278 	7181
f 9737 	7174 	7176
f 7077 	7194 	7074
f 7171 	284 	7175
f 7027 	6996 	7198
f 7184 	301 	197
f 7182 	7148 	7199
f 7198 	7030 	7027
f 9737 	7180 	7174
f 7197 	7199 	7148
f 7182 	7183 	7148
f 7188 	7148 	7186
f 7181 	276 	7184
f 6906 	7179 	6912
f 276 	301 	7184
f 9737 	9809 	7180
f 7187 	7200 	7043
f 7212 	6912 	7179
f 7176 	7016 	9086
f 7201 	7030 	7198
f 7164 	7206 	7178
f 7179 	7180 	9809
f 7198 	7204 	7201
f 7214 	7225 	7211
f 7215 	7225 	7214
f 7156 	7194 	7208
f 7217 	7225 	7215
f 7147 	7074 	7194
f 7220 	7225 	7217
f 7178 	7206 	7168
f 7160 	7033 	5449
f 7210 	7213 	7363
f 7213 	7207 	7363
f 7170 	7254 	7207
f 7363 	7207 	7254
f 7221 	7225 	7220
f 7219 	7250 	7218
f 7226 	7228 	6729
f 7209 	7210 	7363
f 7216 	7209 	7363
f 6919 	7223 	7219
f 7234 	7201 	7204
f 6728 	6729 	7228
f 287 	7170 	309
f 309 	7170 	7207
f 6919 	7212 	7223
f 7125 	7281 	7202
f 7209 	311 	312
f 7125 	7202 	7143
f 7210 	7209 	312
f 6734 	6728 	7228
f 6731 	6732 	7232
f 7227 	7099 	7145
f 9621 	7137 	7135
f 9809 	9811 	7179
f 6730 	6731 	7233
f 7232 	7233 	6731
f 7249 	7033 	7066
f 6996 	7204 	7198
f 7233 	7235 	6730
f 7209 	7216 	311
f 7227 	7145 	7143
f 7227 	7143 	7202
f 9621 	7164 	7137
f 6665 	6622 	7218
f 7455 	7201 	7234
f 309 	7207 	322
f 7213 	322 	7207
f 7206 	8890 	7168
f 7118 	317 	7216
f 6665 	7218 	7250
f 7223 	7212 	9811
f 7212 	7179 	9811
f 7234 	9448 	7455
f 7244 	6684 	7256
f 7241 	6806 	7240
f 7245 	7246 	6806
f 7148 	6806 	7192
f 7246 	7192 	6806
f 7243 	9185 	7247
f 7249 	7087 	7248
f 6806 	6730 	7235
f 7236 	6806 	7235
f 7239 	6806 	7236
f 7239 	7240 	6806
f 7241 	7242 	6806
f 6732 	6734 	7229
f 7242 	7245 	6806
f 7193 	7148 	7192
f 7195 	7148 	7193
f 7195 	7197 	7148
f 6646 	7244 	7256
f 7249 	7098 	7139
f 7148 	7191 	7172
f 7173 	7529 	7172
f 7152 	7529 	7173
f 7154 	7529 	7152
f 7148 	7172 	7529
f 7158 	7161 	7529
f 7162 	7165 	7529
f 9179 	7124 	7247
f 7013 	9179 	7012
f 7118 	7247 	7116
f 7118 	7216 	7363
f 7164 	7178 	7416
f 7168 	7415 	7178
f 7250 	7244 	6646
f 7249 	7066 	7098
f 7250 	6646 	6665
f 7169 	7529 	7167
f 7203 	7529 	7169
f 7225 	7529 	7205
f 7211 	7225 	7205
f 7203 	7205 	7529
f 7020 	7529 	7225
f 7225 	6722 	7020
f 6698 	6806 	7146
f 7148 	7146 	6806
f 7139 	7087 	7249
f 7231 	7251 	7295
f 7101 	7043 	7200
f 7170 	7171 	7254
f 7254 	6983 	573
f 7251 	7261 	7310
f 7237 	7238 	7257
f 7234 	7204 	7255
f 9463 	7234 	7255
f 2099 	7253 	6422
f 7259 	6684 	7244
f 4281 	4282 	7114
f 7270 	6975 	7149
f 7260 	7263 	7261
f 7260 	7251 	7231
f 4281 	7114 	8027
f 6646 	7256 	6693
f 2099 	7262 	7253
f 7159 	7266 	7267
f 6684 	6693 	7256
f 7231 	8366 	7260
f 6461 	7272 	6974
f 7261 	7251 	7260
f 7269 	7262 	2099
f 6974 	7272 	6973
f 7252 	7253 	7264
f 7253 	7262 	7264
f 7262 	7269 	6432
f 7271 	7270 	7141
f 6434 	7262 	6432
f 7141 	7112 	7271
f 6434 	6410 	7262
f 6703 	6702 	7277
f 7275 	7278 	7276
f 7257 	7266 	7189
f 2119 	7269 	2099
f 7263 	7278 	7261
f 7279 	7496 	7271
f 7274 	6703 	7277
f 7277 	7273 	7274
f 7253 	6929 	6422
f 7271 	7080 	7279
f 7238 	7266 	7257
f 7252 	6929 	7253
f 7268 	6973 	7272
f 7263 	7260 	7278
f 1983 	2099 	6422
f 7268 	6764 	6973
f 7275 	7261 	7278
f 7080 	7271 	7112
f 2119 	6432 	7269
f 6634 	7264 	7262
f 7270 	7149 	7141
f 7268 	7424 	7426
f 7273 	7288 	9845
f 6974 	6052 	6461
f 7279 	7080 	7376
f 7267 	7281 	7125
f 7267 	7399 	7281
f 7288 	7273 	7277
f 7205 	7094 	7097
f 6975 	7270 	7298
f 7286 	7034 	7302
f 7289 	7252 	7286
f 7291 	7284 	7021
f 7285 	7284 	7291
f 7746 	7706 	7287
f 6706 	7288 	7277
f 7064 	7021 	7284
f 7730 	7746 	7287
f 7286 	7252 	7264
f 7271 	7290 	7270
f 7286 	7264 	6634
f 7295 	7208 	7287
f 7295 	7300 	7208
f 7194 	7077 	7208
f 7295 	7230 	7231
f 7252 	7039 	6929
f 7293 	7285 	7291
f 7232 	7117 	7119
f 7294 	6472 	5412
f 7252 	7289 	7039
f 7293 	7297 	7285
f 7287 	7230 	7295
f 7295 	7251 	7300
f 7294 	7292 	7481
f 7481 	7494 	7294
f 6985 	7034 	7286
f 7383 	7294 	7381
f 7290 	7298 	7270
f 6390 	7299 	6380
f 7296 	7288 	6706
f 7302 	7305 	7289
f 7283 	7314 	8006
f 7289 	7286 	7302
f 7299 	5916 	5917
f 7288 	7296 	6807
f 5911 	7040 	7304
f 7308 	7208 	7307
f 7307 	7208 	7306
f 7301 	7306 	7208
f 7300 	7303 	7208
f 7303 	7301 	7208
f 7288 	6807 	7339
f 7040 	7036 	7304
f 7325 	7311 	7302
f 7325 	7302 	7034
f 7036 	7064 	7304
f 7305 	7302 	7311
f 7140 	7246 	7136
f 6706 	6774 	7296
f 7304 	5917 	5911
f 9350 	9278 	7325
f 7251 	7310 	7300
f 5839 	7292 	5385
f 7309 	6473 	6470
f 7310 	7303 	7300
f 7316 	7317 	7313
f 7318 	7316 	7313
f 7044 	7047 	7154
f 7313 	7305 	7318
f 7314 	7344 	7265
f 7310 	7320 	7303
f 7072 	7312 	7491
f 7313 	7289 	7305
f 7154 	7047 	7050
f 7313 	7039 	7289
f 6473 	7309 	7315
f 7320 	7301 	7303
f 7296 	6774 	6807
f 9281 	7313 	7317
f 7157 	7155 	7051
f 7491 	7571 	7072
f 7282 	7314 	7265
f 7022 	7342 	7309
f 7323 	7301 	7320
f 7054 	7158 	7051
f 7282 	7265 	7258
f 7313 	7065 	7039
f 7323 	7320 	7310
f 7327 	9995 	6790
f 7319 	7322 	7405
f 7316 	7311 	7317
f 7318 	7311 	7316
f 7305 	7311 	7318
f 7324 	7022 	7027
f 7323 	7306 	7301
f 6797 	6684 	7259
f 7059 	7166 	7057
f 7326 	7327 	6797
f 7328 	7308 	7307
f 7409 	7405 	7322
f 6803 	6797 	7327
f 7477 	7304 	7064
f 7060 	7166 	7059
f 7027 	7030 	7324
f 6803 	7327 	6790
f 7346 	7335 	7325
f 7331 	7340 	7325
f 7326 	6797 	7259
f 7333 	7291 	7021
f 7332 	7325 	7335
f 7307 	7306 	7328
f 7021 	2188 	7333
f 7022 	7324 	7342
f 9995 	7327 	7326
f 7293 	7291 	7333
f 6553 	6700 	7293
f 7306 	7330 	7328
f 6553 	7293 	7333
f 6841 	7337 	6835
f 7309 	7342 	7315
f 7331 	7325 	7332
f 7069 	7185 	7068
f 7336 	7534 	7338
f 7323 	7330 	7306
f 6532 	7333 	1680
f 6532 	6559 	7333
f 7069 	7070 	7185
f 9350 	7325 	7340
f 7340 	7338 	9350
f 7333 	2188 	1680
f 7070 	7071 	7188
f 7341 	7339 	6814
f 7308 	8764 	8760
f 6835 	7337 	6814
f 6546 	7099 	6583
f 7188 	7071 	7073
f 7337 	7341 	6814
f 7099 	7343 	6583
f 7344 	641 	7265
f 7328 	8764 	7308
f 631 	641 	7344
f 7409 	7322 	7321
f 7246 	7140 	7076
f 7344 	635 	631
f 7324 	7397 	7342
f 7337 	689 	7341
f 7076 	7079 	7193
f 7079 	7081 	7193
f 7323 	7310 	7275
f 7099 	7379 	7343
f 7416 	7338 	7340
f 7323 	7276 	7330
f 9995 	6846 	6790
f 7344 	7345 	635
f 7331 	7416 	7340
f 7275 	7276 	7323
f 7321 	7322 	7268
f 7261 	7275 	7310
f 7094 	7205 	7091
f 7334 	6461 	6428
f 7268 	6461 	7334
f 6846 	682 	7349
f 657 	7349 	659
f 7100 	7214 	7097
f 7319 	7268 	7322
f 682 	659 	7349
f 7424 	7319 	7514
f 7214 	7100 	7215
f 7103 	7215 	7100
f 7319 	7424 	7268
f 7215 	7103 	7217
f 7105 	7217 	7103
f 7328 	7330 	8826
f 688 	689 	6849
f 7357 	7346 	7325
f 7334 	7321 	7268
f 7105 	7106 	7217
f 7345 	7344 	7347
f 7347 	7352 	7345
f 7359 	7484 	7355
f 7358 	760 	701
f 7109 	7222 	7107
f 7355 	7484 	7351
f 7350 	7484 	7371
f 7411 	7356 	6482
f 7358 	701 	688
f 7238 	7237 	7353
f 7348 	7325 	7359
f 7348 	7357 	7325
f 7484 	7359 	7325
f 7110 	7224 	7109
f 7222 	7109 	7224
f 8760 	8780 	7208
f 6841 	6849 	689
f 760 	7358 	6849
f 7226 	7224 	7111
f 7362 	7394 	7360
f 6472 	7364 	6468
f 7226 	7111 	7113
f 7363 	7243 	7247
f 6468 	7364 	7362
f 6862 	6846 	657
f 6454 	6468 	7362
f 7352 	7347 	7329
f 6533 	7432 	7356
f 7349 	657 	6846
f 3107 	3106 	7365
f 7364 	7394 	7362
f 7365 	7367 	3107
f 7232 	7119 	7122
f 7127 	7235 	7122
f 6841 	689 	7337
f 7235 	7127 	7128
f 6506 	6473 	7315
f 7368 	7321 	7334
f 760 	6856 	759
f 7072 	7571 	7354
f 7368 	7334 	7369
f 760 	6849 	6856
f 6482 	7356 	7096
f 6454 	7362 	7369
f 7131 	7240 	7129
f 3834 	3071 	7669
f 7369 	7360 	7368
f 7078 	7096 	7372
f 769 	6870 	6862
f 7241 	7240 	7133
f 7131 	7133 	7240
f 7134 	7242 	7133
f 7369 	7362 	7360
f 7372 	7376 	7080
f 7373 	7484 	7375
f 3834 	7669 	7374
f 657 	769 	6862
f 7366 	635 	7345
f 7678 	7365 	7374
f 7371 	7484 	7373
f 7352 	7366 	7345
f 6428 	6454 	7334
f 3834 	7374 	7365
f 7377 	7375 	9409
f 6869 	1181 	759
f 7334 	6454 	7369
f 1196 	1181 	6869
f 7294 	7364 	6472
f 635 	7366 	7363
f 7279 	7376 	7513
f 7370 	7202 	7281
f 7294 	7394 	7364
f 3106 	3834 	7365
f 1196 	6869 	6874
f 1153 	1199 	6870
f 7078 	7372 	7080
f 7370 	7379 	7202
f 1153 	6870 	769
f 7382 	7419 	7315
f 7157 	7051 	7158
f 7379 	7227 	7202
f 7055 	7161 	7158
f 7055 	7158 	7054
f 7099 	7227 	7379
f 7055 	7056 	7161
f 7382 	7315 	7342
f 7237 	7072 	7354
f 7380 	9416 	9453
f 7057 	7165 	7056
f 7354 	7353 	7237
f 3882 	7395 	7393
f 7385 	7360 	7394
f 7057 	7166 	7165
f 6870 	1199 	6873
f 1196 	6874 	7392
f 7169 	7167 	7061
f 7441 	7350 	7371
f 7388 	7428 	7386
f 7266 	7238 	7353
f 7373 	7375 	7465
f 7353 	7361 	7266
f 7389 	710 	737
f 7173 	7172 	7062
f 7375 	7377 	7465
f 7266 	7361 	7267
f 7388 	7356 	7428
f 7390 	7389 	6185
f 7387 	7403 	7402
f 7267 	7361 	7399
f 6185 	7389 	737
f 7390 	6185 	6873
f 7403 	7387 	7329
f 7376 	7372 	7386
f 7068 	7183 	7067
f 7443 	7442 	7351
f 7372 	7356 	7388
f 7372 	7096 	7356
f 3889 	7367 	7693
f 7432 	7428 	7356
f 7446 	7445 	7346
f 7385 	7381 	7384
f 7383 	7381 	7385
f 7372 	7388 	7386
f 7446 	7346 	7357
f 7188 	7073 	7190
f 7281 	7396 	7370
f 7394 	7383 	7385
f 7075 	7191 	7073
f 7283 	7986 	7400
f 7342 	7397 	7382
f 7401 	7392 	6191
f 7281 	7399 	7396
f 7192 	7076 	7193
f 7081 	7195 	7193
f 710 	7404 	7417
f 7378 	7469 	7377
f 7197 	7195 	7082
f 7324 	7471 	7397
f 1330 	710 	7417
f 7403 	7347 	7402
f 7199 	7197 	7084
f 7082 	7084 	7197
f 7389 	7404 	710
f 7385 	7409 	7360
f 7182 	7199 	7067
f 7409 	7385 	7405
f 7445 	7137 	7414
f 7410 	7401 	728
f 7091 	7203 	7061
f 7137 	7483 	7325
f 7321 	7368 	7409
f 7205 	7203 	7091
f 7360 	7409 	7368
f 7400 	7387 	7402
f 7344 	7402 	7347
f 7515 	7398 	7393
f 7400 	7402 	7283
f 7385 	7384 	7405
f 7415 	7168 	7412
f 6491 	7411 	6482
f 7413 	7137 	7416
f 7394 	7294 	7383
f 7283 	7402 	7344
f 7354 	7407 	7406
f 7164 	7416 	7137
f 7445 	7446 	7137
f 7314 	7283 	7344
f 7416 	7178 	7415
f 7221 	7220 	7107
f 7414 	7137 	7413
f 7221 	7107 	7222
f 1330 	7417 	7418
f 7413 	7331 	7332
f 728 	7421 	7410
f 7354 	7408 	7407
f 7110 	7111 	7224
f 7329 	7347 	7403
f 7420 	5449 	7033
f 7332 	7335 	7413
f 7414 	7413 	7335
f 7414 	7335 	7346
f 6506 	7315 	7419
f 728 	1343 	7421
f 7336 	7338 	7412
f 7415 	7412 	7338
f 3691 	3882 	7393
f 7331 	7413 	7416
f 7393 	7398 	3691
f 7406 	7353 	7354
f 7420 	7456 	7454
f 7415 	7338 	7416
f 1360 	1330 	7418
f 7702 	7432 	6533
f 7128 	7236 	7235
f 6513 	6533 	7411
f 1343 	7425 	7421
f 7129 	7239 	7128
f 7408 	7423 	7407
f 7702 	6533 	6884
f 7689 	3882 	3889
f 7406 	7407 	7423
f 7356 	7411 	6533
f 755 	752 	7427
f 1343 	1373 	7425
f 7436 	7429 	7419
f 7422 	755 	7427
f 7200 	7187 	7433
f 7464 	7441 	7371
f 7408 	7599 	7549
f 7439 	7200 	7433
f 7241 	7133 	7242
f 7427 	8178 	7422
f 7464 	7371 	7373
f 7426 	7439 	7433
f 7242 	7134 	7136
f 7423 	7361 	7406
f 1360 	7418 	7444
f 762 	7422 	8166
f 7192 	7246 	7076
f 762 	755 	7422
f 7173 	7062 	7152
f 7152 	7044 	7154
f 7378 	7493 	7469
f 7406 	7361 	7353
f 7050 	7155 	7154
f 7355 	7351 	7442
f 8162 	8166 	7422
f 7050 	7051 	7155
f 7361 	7539 	7399
f 7382 	7436 	7419
f 7430 	7268 	7426
f 7370 	7396 	7536
f 7056 	7162 	7161
f 813 	8100 	789
f 7446 	7357 	7348
f 7432 	7565 	7428
f 7165 	7162 	7056
f 7430 	7426 	7433
f 7432 	7574 	7565
f 7359 	7355 	7442
f 7430 	7433 	7187
f 7060 	7167 	7166
f 7060 	7061 	7167
f 3805 	7434 	7431
f 7061 	7203 	7169
f 7434 	3805 	7435
f 7434 	7437 	7431
f 7063 	7062 	7172
f 7044 	7152 	7062
f 7448 	7348 	7359
f 7439 	7424 	8288
f 7379 	7370 	7580
f 1373 	3765 	7437
f 7182 	7067 	7183
f 3699 	7578 	3980
f 7471 	7436 	7397
f 7183 	7068 	7185
f 7343 	7379 	7580
f 7382 	7397 	7436
f 7070 	7186 	7185
f 7186 	7070 	7188
f 1373 	7437 	7425
f 7424 	7439 	7426
f 7448 	7483 	7446
f 7578 	3941 	3947
f 5939 	7028 	7447
f 7190 	7073 	7191
f 3948 	3939 	7578
f 7443 	7440 	7483
f 7440 	7441 	7483
f 7172 	7191 	7063
f 7075 	7063 	7191
f 7476 	7324 	7030
f 7442 	7483 	7448
f 7442 	7443 	7483
f 7137 	7446 	7483
f 3948 	7578 	3947
f 7200 	7439 	7101
f 7351 	7350 	7440
f 7072 	5939 	7312
f 7476 	7030 	7201
f 7350 	7441 	7440
f 7081 	7082 	7195
f 5939 	5969 	7312
f 3697 	3693 	7391
f 7452 	7449 	7450
f 7449 	7444 	7450
f 7488 	7467 	7451
f 7084 	7067 	7199
f 7414 	7346 	7445
f 7097 	7211 	7205
f 4230 	3789 	7475
f 7447 	5944 	5939
f 7214 	7211 	7097
f 7201 	9569 	7476
f 7446 	7348 	7448
f 7359 	7442 	7448
f 2107 	7457 	2425
f 7460 	3789 	7453
f 2373 	1299 	7447
f 7443 	7351 	7440
f 7455 	9569 	7201
f 2107 	7459 	7457
f 7106 	7220 	7217
f 7106 	7107 	7220
f 3719 	3691 	7398
f 7248 	7456 	7249
f 7461 	7468 	7435
f 7033 	7249 	7420
f 7456 	7420 	7249
f 7465 	7483 	7464
f 7466 	7472 	7465
f 7441 	7464 	7483
f 3719 	7398 	3695
f 7469 	7472 	7466
f 7483 	7465 	7472
f 6981 	7462 	6700
f 7226 	7113 	7228
f 7248 	8279 	7456
f 7473 	7462 	7485
f 7228 	7113 	7229
f 7117 	7229 	7113
f 7485 	7285 	7473
f 7232 	7229 	7117
f 7456 	8279 	7458
f 7473 	6700 	7462
f 7454 	7456 	7458
f 7473 	7297 	7293
f 7122 	7233 	7232
f 7471 	7324 	7482
f 7235 	7233 	7122
f 7297 	7473 	7285
f 7324 	7476 	7482
f 7377 	7466 	7465
f 7474 	3697 	7391
f 7477 	6380 	7299
f 7236 	7128 	7239
f 7457 	7459 	7488
f 7373 	7465 	7464
f 7299 	6130 	5916
f 7129 	7240 	7239
f 7459 	2036 	7438
f 7466 	7377 	7469
f 7299 	6390 	6130
f 7475 	7460 	7478
f 7459 	9679 	7488
f 7593 	7461 	4238
f 7484 	7325 	7483
f 7136 	7245 	7242
f 7304 	7477 	7299
f 9409 	7575 	7377
f 9409 	7375 	7484
f 7350 	7351 	7484
f 7136 	7246 	7245
f 7438 	9679 	7459
f 7483 	9409 	7484
f 7450 	7444 	7453
f 2425 	7457 	7451
f 7485 	7284 	7285
f 7489 	7534 	7336
f 7489 	7490 	7545
f 7477 	7064 	7485
f 7470 	7479 	7538
f 7450 	7453 	7452
f 7485 	7064 	7284
f 7390 	7507 	7389
f 7507 	1198 	5831
f 7412 	7489 	7336
f 1198 	7507 	7390
f 7474 	7515 	7573
f 7474 	7573 	7562
f 7481 	7480 	7494
f 1198 	7390 	1199
f 7497 	7546 	7490
f 7546 	7545 	7490
f 1199 	7390 	6873
f 7496 	9593 	7271
f 7492 	7495 	7487
f 5969 	7491 	7312
f 7498 	7548 	7497
f 6448 	6459 	7491
f 7392 	5817 	1196
f 6459 	7500 	7491
f 7451 	7457 	7488
f 7500 	7571 	7491
f 7508 	7510 	7486
f 7502 	7392 	7401
f 7401 	7410 	7502
f 7392 	7502 	5817
f 7495 	7533 	7487
f 7500 	7584 	7571
f 7480 	7501 	7494
f 7502 	5827 	5817
f 5849 	5882 	7404
f 7404 	7507 	5849
f 6007 	7404 	5882
f 7510 	7508 	7511
f 7293 	6700 	7473
f 7428 	7506 	7386
f 7474 	7391 	7515
f 7512 	6997 	6855
f 7513 	7376 	7386
f 6576 	6583 	7516
f 5831 	5849 	7507
f 7551 	2834 	2835
f 7493 	7558 	7499
f 7389 	7507 	7404
f 7517 	7516 	6583
f 7412 	7617 	7489
f 6591 	7544 	7520
f 7513 	7496 	7279
f 7512 	6855 	6713
f 7424 	7514 	7509
f 5893 	7502 	7410
f 5993 	5893 	7410
f 7518 	2834 	7551
f 7519 	7544 	7511
f 9597 	7513 	7506
f 7490 	7617 	7497
f 7508 	7486 	7487
f 7410 	7421 	5993
f 2829 	2834 	7518
f 7514 	7543 	7509
f 7393 	7572 	7515
f 7386 	7506 	7513
f 6024 	5993 	7421
f 7498 	7630 	7628
f 7506 	7428 	7565
f 6024 	7421 	7425
f 7497 	7630 	7498
f 7398 	7515 	7391
f 6583 	7343 	7517
f 7520 	6592 	6591
f 7418 	7417 	6010
f 7551 	7523 	7518
f 7521 	7518 	7523
f 7391 	3695 	7398
f 7042 	6620 	7959
f 7521 	7596 	7518
f 7391 	3693 	3695
f 7404 	6007 	7417
f 6616 	7959 	6619
f 6010 	7417 	6007
f 6623 	6620 	7042
f 7543 	7524 	7526
f 7518 	6965 	6962
f 7524 	7543 	7384
f 7528 	7527 	9350
f 7023 	7520 	7020
f 7531 	7528 	9350
f 7492 	7533 	7495
f 7482 	7476 	9569
f 6010 	7953 	7418
f 7532 	7338 	7534
f 7861 	7533 	7492
f 7550 	7530 	7533
f 7761 	7512 	7802
f 7532 	7531 	9350
f 2829 	7518 	6962
f 7529 	7020 	7530
f 9350 	7338 	7532
f 7545 	7534 	7489
f 3721 	7578 	3699
f 7761 	6997 	7512
f 7943 	7425 	7437
f 6962 	6956 	2829
f 7522 	7566 	7526
f 7506 	7535 	9597
f 7418 	7953 	7444
f 7526 	7566 	7537
f 836 	7568 	843
f 7539 	7536 	7396
f 7533 	7508 	7487
f 7508 	7533 	7530
f 7508 	7530 	7511
f 7530 	7020 	7520
f 6592 	7520 	7023
f 7519 	7530 	7520
f 7511 	7530 	7519
f 7540 	6976 	7538
f 7396 	7399 	7539
f 7525 	8007 	7504
f 7319 	7405 	7514
f 7423 	7408 	7549
f 7405 	7543 	7514
f 7519 	7520 	7544
f 7510 	7511 	7544
f 7543 	7526 	7537
f 7504 	7510 	7544
f 7543 	7537 	7509
f 7974 	7434 	7435
f 6976 	7540 	7542
f 7544 	6591 	7525
f 7546 	7497 	7548
f 7405 	7384 	7543
f 7436 	7471 	7429
f 7504 	7544 	7525
f 7549 	7361 	7423
f 7548 	7498 	7547
f 7547 	7498 	7556
f 7723 	7042 	7959
f 7526 	7524 	7595
f 7499 	7556 	7498
f 7974 	7943 	7437
f 7960 	7529 	7808
f 7530 	7550 	7529
f 6976 	7041 	7538
f 7437 	7434 	7974
f 7539 	7361 	7549
f 7541 	7551 	2886
f 7992 	8528 	7444
f 7444 	8528 	7453
f 7471 	7552 	7429
f 7538 	7041 	7132
f 7479 	7474 	7542
f 7567 	7463 	7555
f 7540 	7538 	7479
f 7567 	7555 	7552
f 7557 	1387 	7559
f 1379 	7559 	1387
f 7408 	7613 	7599
f 7471 	7482 	7552
f 8522 	7468 	7461
f 7540 	7479 	7542
f 7509 	7537 	7553
f 7556 	7499 	7558
f 7378 	7560 	7493
f 7557 	7564 	7563
f 7563 	1387 	7557
f 7542 	7474 	7562
f 7378 	7377 	7561
f 7378 	7561 	7560
f 7558 	7493 	7560
f 6976 	7542 	7562
f 7523 	7541 	7521
f 7551 	7541 	7523
f 7717 	7556 	7558
f 7582 	7998 	7562
f 7553 	7424 	7509
f 7535 	7506 	7565
f 7563 	2559 	2560
f 7566 	7554 	7553
f 7671 	7536 	7539
f 7566 	7553 	7537
f 7570 	7569 	7568
f 7552 	7482 	7567
f 7453 	8528 	7460
f 7566 	7522 	7554
f 7613 	7408 	7584
f 7584 	7651 	7613
f 9360 	9350 	7527
f 7573 	7515 	7572
f 7562 	7573 	7572
f 7535 	7565 	7574
f 7594 	7563 	7564
f 7572 	7582 	7562
f 8528 	8177 	7478
f 8528 	7478 	7460
f 7575 	9409 	7577
f 7636 	7554 	7522
f 7559 	1379 	2673
f 7478 	7581 	7475
f 7569 	7570 	7824
f 7580 	7517 	7343
f 2688 	2711 	7559
f 7478 	7585 	7581
f 2688 	7559 	2673
f 4230 	7475 	7581
f 7636 	7522 	7589
f 2818 	2794 	7569
f 7581 	4271 	4230
f 843 	7568 	7569
f 7581 	3832 	4271
f 7482 	9579 	7567
f 7584 	7408 	7354
f 3832 	7581 	7585
f 7571 	7584 	7354
f 7381 	7294 	7494
f 7583 	7998 	7582
f 6976 	7562 	7998
f 7586 	7557 	7588
f 7559 	7588 	7557
f 7586 	7564 	7557
f 7395 	7582 	7592
f 7580 	7641 	7517
f 7593 	3903 	7591
f 7591 	7461 	7593
f 7590 	7587 	7596
f 7572 	7592 	7582
f 7381 	7595 	7524
f 6518 	7419 	7597
f 6618 	6518 	7597
f 7596 	7521 	7590
f 7589 	7526 	7595
f 7586 	7594 	7564
f 7384 	7381 	7524
f 3903 	7647 	7591
f 7596 	6965 	7518
f 7597 	7419 	7429
f 7395 	7592 	7393
f 7572 	7393 	7592
f 7596 	7989 	7280
f 7596 	7280 	6965
f 7575 	7731 	7561
f 7526 	7589 	7522
f 7614 	7568 	836
f 7559 	7600 	7588
f 6618 	7597 	7605
f 7381 	7494 	7501
f 7603 	7620 	7604
f 7501 	8365 	7610
f 8365 	8371 	7610
f 7602 	7603 	3832
f 7613 	7598 	7599
f 7731 	7575 	7577
f 7568 	7614 	7570
f 7602 	3832 	7585
f 7595 	7610 	7589
f 7608 	7601 	7609
f 7610 	7595 	7381
f 7598 	7654 	7599
f 7654 	7598 	7613
f 7601 	4023 	4032
f 4039 	4036 	4023
f 7610 	7381 	7501
f 7620 	7625 	7604
f 7615 	6786 	7616
f 7737 	7735 	7579
f 7879 	7601 	7606
f 7608 	7606 	7601
f 7616 	7605 	7597
f 7588 	7600 	7607
f 7168 	7617 	7412
f 7621 	7472 	7469
f 7590 	7541 	7587
f 2573 	2570 	7563
f 7620 	7619 	7625
f 7539 	7549 	7599
f 7611 	7615 	7597
f 7629 	7618 	7626
f 7590 	7521 	7541
f 7168 	7698 	7617
f 7615 	7616 	7597
f 7626 	7618 	7624
f 7563 	2583 	2559
f 7615 	7611 	6818
f 7628 	7630 	7695
f 7630 	7617 	7695
f 7698 	7695 	7617
f 7654 	7539 	7599
f 7489 	7617 	7490
f 4196 	7638 	7631
f 7621 	7469 	7493
f 7638 	7619 	7631
f 7637 	7553 	7554
f 7692 	2636 	7003
f 7498 	7628 	7627
f 7916 	7624 	7618
f 7915 	7618 	7913
f 7625 	7619 	7638
f 7636 	7639 	7554
f 7497 	7617 	7630
f 7618 	7640 	4053
f 7629 	7640 	7618
f 4054 	7618 	4053
f 7627 	7621 	7493
f 7627 	7493 	7499
f 7611 	8874 	8878
f 7498 	7627 	7499
f 7637 	7554 	7635
f 7641 	7512 	7516
f 7642 	7619 	7620
f 7642 	7620 	7603
f 7635 	7649 	8951
f 7642 	7603 	7602
f 4054 	4064 	7618
f 2573 	7563 	2560
f 7639 	7635 	7554
f 7639 	7649 	7635
f 7648 	7633 	7612
f 7645 	7168 	7644
f 3903 	7650 	7647
f 7626 	7608 	7629
f 7652 	7168 	7645
f 4213 	7653 	3903
f 7653 	7650 	3903
f 7609 	4053 	7640
f 7646 	7644 	8870
f 7652 	7698 	7168
f 2583 	7563 	2638
f 7679 	2503 	2638
f 7916 	7879 	7624
f 7614 	836 	7634
f 7624 	7606 	7626
f 7645 	7644 	7532
f 7629 	7608 	7640
f 7609 	7640 	7608
f 7527 	7528 	7646
f 7643 	7527 	7646
f 6786 	7615 	6818
f 7679 	2638 	7563
f 7528 	7644 	7646
f 7633 	7611 	7655
f 7528 	7531 	7644
f 7589 	7610 	7622
f 7655 	7612 	7633
f 7563 	2570 	1387
f 7608 	7626 	7606
f 7532 	7644 	7531
f 7656 	6480 	6483
f 7674 	7667 	7650
f 7654 	7882 	7787
f 7652 	7534 	7698
f 3071 	4023 	7669
f 7650 	7653 	7674
f 7656 	6483 	7657
f 7662 	7674 	7653
f 7655 	7611 	7597
f 7654 	9963 	7882
f 7667 	7647 	7650
f 7645 	7532 	7652
f 7597 	7429 	7655
f 4358 	4368 	7618
f 7652 	7532 	7534
f 3317 	4358 	7618
f 7584 	7500 	7651
f 7657 	6483 	6451
f 7662 	7653 	4007
f 7658 	7559 	2711
f 7643 	9360 	7527
f 7516 	7517 	7641
f 7661 	7660 	7555
f 7600 	7559 	7658
f 7660 	8855 	7655
f 7512 	7641 	7802
f 7555 	7463 	7661
f 7696 	7695 	7548
f 7365 	8207 	7663
f 6827 	6847 	7463
f 4007 	7664 	7662
f 7622 	7623 	7639
f 2294 	7657 	6451
f 7663 	7367 	7365
f 7696 	7548 	7547
f 7660 	7552 	7555
f 7636 	7589 	7622
f 7622 	7639 	7636
f 7655 	7429 	7660
f 7668 	7669 	7838
f 7651 	7500 	7813
f 7552 	7660 	7429
f 7639 	7659 	7649
f 2751 	7782 	7666
f 7654 	7671 	7539
f 7560 	7561 	7713
f 2251 	7670 	7665
f 7676 	7661 	7675
f 7463 	7675 	7661
f 7671 	7673 	7536
f 2294 	7665 	7657
f 7659 	7639 	7623
f 7713 	7561 	7714
f 7463 	6847 	7675
f 7661 	7676 	7660
f 8207 	7715 	7663
f 7731 	7714 	7561
f 7670 	7657 	7665
f 7673 	7370 	7536
f 7673 	7641 	7580
f 7662 	7677 	7674
f 7715 	7693 	7663
f 7666 	7710 	2717
f 8855 	7648 	7612
f 7677 	7667 	7674
f 7673 	7580 	7370
f 7670 	7736 	7657
f 2503 	7679 	6590
f 8205 	7365 	7678
f 7698 	7534 	7545
f 7843 	7662 	7664
f 7787 	7673 	7671
f 7678 	7374 	7669
f 7668 	7678 	7669
f 7654 	7787 	7671
f 7546 	7548 	7695
f 7679 	7563 	7594
f 7681 	7682 	7683
f 7556 	7717 	7547
f 7677 	7662 	7843
f 7680 	7676 	7675
f 7833 	1806 	2160
f 6981 	7685 	7462
f 7731 	7577 	7735
f 7576 	7733 	7579
f 7688 	7687 	7686
f 7682 	7681 	7685
f 3889 	7693 	7689
f 7672 	7843 	7664
f 5041 	6366 	7690
f 7574 	7432 	7709
f 7574 	6837 	6834
f 6834 	9606 	7574
f 7577 	7579 	7735
f 7690 	9243 	9430
f 6347 	9243 	7690
f 7697 	7230 	7694
f 7574 	6838 	6837
f 7688 	2636 	7687
f 7690 	6366 	6347
f 7574 	7709 	6842
f 9603 	4439 	4411
f 7683 	7685 	6984
f 6838 	7574 	6842
f 7683 	7682 	7685
f 7694 	7700 	7697
f 7627 	7717 	7621
f 2709 	7828 	7701
f 7462 	7685 	7681
f 7695 	7696 	7628
f 7627 	7628 	7696
f 7701 	7600 	7658
f 7930 	7911 	7701
f 7703 	7707 	7705
f 7701 	7658 	2709
f 7477 	7485 	6380
f 7698 	7545 	7546
f 7292 	7712 	7727
f 7702 	7704 	7711
f 7582 	7395 	7700
f 7712 	5839 	5909
f 4666 	4669 	7707
f 9872 	8248 	9871
f 6380 	7485 	9871
f 7395 	7689 	7700
f 4669 	7705 	7707
f 7698 	7546 	7695
f 7689 	7697 	7700
f 7693 	7715 	7697
f 7693 	7697 	7689
f 9871 	7485 	7462
f 4669 	4723 	7742
f 7710 	7699 	2717
f 7684 	7656 	7657
f 7712 	7292 	5839
f 7704 	7716 	7711
f 7696 	7717 	7627
f 7500 	6464 	7718
f 7711 	7709 	7702
f 7720 	7472 	7717
f 6464 	7721 	7718
f 2709 	7699 	7828
f 7714 	7472 	7713
f 7621 	7717 	7472
f 7713 	7472 	7720
f 2273 	2415 	8342
f 7367 	7663 	7693
f 8342 	7719 	2398
f 7558 	7560 	7720
f 7813 	7500 	7718
f 7726 	7287 	7722
f 8342 	2398 	2273
f 7743 	5865 	5885
f 7686 	7687 	7739
f 7752 	7724 	7042
f 7749 	7752 	7042
f 6918 	7470 	7722
f 7432 	7702 	7709
f 8359 	7725 	7719
f 7696 	7547 	7717
f 8075 	3221 	4690
f 7558 	7720 	7717
f 7725 	2398 	7719
f 7726 	7730 	7287
f 7560 	7713 	7720
f 7728 	2741 	2745
f 7735 	9407 	7731
f 7725 	7684 	7736
f 7738 	7745 	7687
f 6981 	6984 	7685
f 7729 	7768 	7481
f 7723 	7959 	10350
f 7705 	7740 	7732
f 7481 	7292 	7727
f 7737 	9407 	7735
f 7737 	7733 	9407
f 7472 	7731 	9407
f 7714 	7731 	7472
f 7729 	7481 	7727
f 7670 	7725 	7736
f 7742 	8270 	7740
f 7742 	4723 	8269
f 4701 	9803 	4723
f 7739 	7741 	7686
f 7705 	7732 	7703
f 7688 	7686 	7741
f 7709 	6843 	6842
f 7740 	7705 	4669
f 7657 	7736 	7684
f 7739 	7687 	7745
f 7740 	4669 	7742
f 7745 	7738 	7741
f 7739 	7745 	7741
f 7709 	6844 	6843
f 7711 	6844 	7709
f 7737 	7579 	7733
f 7741 	7738 	7728
f 7756 	4733 	8147
f 7724 	7728 	7738
f 7483 	7472 	9407
f 7723 	7772 	7042
f 7750 	7751 	7042
f 7749 	7042 	7751
f 7744 	9927 	6998
f 7579 	7577 	9409
f 7575 	7561 	7377
f 9409 	7483 	9407
f 10237 	2741 	7755
f 7747 	7711 	7716
f 7756 	7757 	7759
f 7746 	7730 	7754
f 7755 	7752 	7749
f 6997 	7761 	7744
f 7751 	10289 	7749
f 2468 	7925 	7748
f 7724 	7738 	7042
f 7694 	7287 	7706
f 7734 	7747 	8906
f 7759 	7753 	7756
f 7752 	7755 	7724
f 2741 	7728 	7755
f 7694 	7230 	7287
f 7767 	7747 	7766
f 7734 	7766 	7747
f 6250 	6293 	7763
f 7802 	7744 	7761
f 7756 	7753 	4733
f 8402 	2472 	7765
f 6251 	6250 	7763
f 7759 	7757 	7770
f 6998 	6997 	7744
f 6251 	7763 	7764
f 7750 	10287 	7751
f 7767 	7766 	7771
f 7726 	7777 	7730
f 7730 	7777 	7754
f 7750 	7042 	7772
f 7757 	8150 	7770
f 6251 	7764 	7758
f 7734 	8906 	7766
f 7767 	7771 	7773
f 7748 	2472 	2468
f 7687 	7042 	7738
f 7765 	8404 	8402
f 7728 	7724 	7755
f 8289 	7770 	8290
f 7748 	7765 	2472
f 7747 	7767 	7711
f 7728 	7688 	7741
f 6851 	6844 	7711
f 7641 	7673 	7774
f 7480 	7481 	7768
f 7775 	7760 	7758
f 5697 	8690 	7773
f 7769 	7480 	7768
f 7710 	7782 	7783
f 7541 	2886 	7778
f 7780 	7760 	7922
f 7501 	7480 	7769
f 7922 	7760 	7934
f 7770 	7980 	7759
f 7778 	7587 	7541
f 7726 	7781 	7777
f 7758 	7760 	7780
f 7767 	8690 	7711
f 7501 	7769 	7762
f 7694 	7784 	7815
f 7782 	7710 	7666
f 7767 	7773 	8690
f 7783 	7782 	10282
f 7673 	7787 	7774
f 7787 	7882 	7774
f 7758 	7764 	7775
f 7132 	7777 	7781
f 5885 	7785 	7743
f 4882 	3307 	7771
f 7781 	7788 	7132
f 7684 	7786 	7656
f 7651 	7810 	7817
f 4905 	6000 	7790
f 7789 	5869 	5873
f 7651 	7817 	7613
f 2636 	7688 	7728
f 7743 	7789 	5865
f 7728 	2745 	2636
f 5873 	5867 	7789
f 7770 	8289 	8482
f 7763 	6293 	7820
f 7789 	5867 	5865
f 7793 	7932 	4881
f 7793 	4881 	4564
f 4917 	7795 	9966
f 7794 	8327 	7795
f 7694 	7706 	7784
f 7839 	2905 	7792
f 6000 	4905 	4906
f 4917 	7797 	7795
f 7764 	7910 	7775
f 7776 	7132 	7784
f 7776 	7777 	7132
f 7800 	7804 	7797
f 4564 	4905 	7793
f 4906 	4564 	6000
f 8022 	7587 	7778
f 7538 	7132 	7788
f 4856 	7800 	7797
f 6250 	6251 	7805
f 6000 	7836 	7790
f 7679 	7594 	7799
f 7786 	7684 	7801
f 7800 	4856 	4861
f 7769 	7872 	7762
f 4861 	7631 	7800
f 7790 	7793 	4905
f 7777 	7776 	7754
f 7798 	7729 	7727
f 7619 	7800 	7631
f 7798 	7768 	7729
f 7619 	7803 	7804
f 7885 	7778 	7779
f 7804 	7803 	7794
f 7679 	7525 	6590
f 7804 	7794 	7795
f 7805 	6255 	6250
f 7885 	8022 	7778
f 2178 	7848 	7727
f 7804 	7800 	7619
f 6000 	6066 	7836
f 7804 	7795 	7797
f 7788 	7781 	7722
f 7726 	7722 	7781
f 7809 	6082 	6017
f 7746 	7776 	7706
f 7651 	7813 	7810
f 7754 	7776 	7746
f 7816 	7808 	7861
f 7550 	7861 	7808
f 7890 	7883 	7793
f 7807 	7823 	7876
f 7776 	7784 	7706
f 6251 	7811 	7805
f 7921 	7807 	5030
f 7785 	7789 	7743
f 7722 	7470 	7538
f 7788 	7722 	7538
f 7921 	7823 	7807
f 7815 	7700 	7694
f 4970 	7807 	7876
f 7881 	7796 	7872
f 7654 	7613 	7817
f 7819 	7814 	7808
f 7880 	4970 	7876
f 7819 	7808 	7816
f 7700 	7815 	7582
f 7614 	7632 	7824
f 7829 	7583 	7815
f 2173 	7901 	7848
f 6017 	1548 	7809
f 7816 	7814 	7819
f 1548 	7818 	7809
f 7815 	7583 	7582
f 7824 	7570 	7614
f 7727 	7712 	2178
f 7569 	7824 	2892
f 7132 	8015 	7829
f 7817 	9958 	7654
f 7791 	7792 	7824
f 7829 	7784 	7132
f 7820 	6293 	6886
f 6565 	6027 	7826
f 7815 	7784 	7829
f 7569 	2892 	2818
f 4987 	7832 	7834
f 2160 	7831 	7830
f 7832 	7857 	7834
f 7833 	2160 	7830
f 4987 	5020 	7832
f 7835 	7802 	7641
f 7811 	6251 	7758
f 7824 	7792 	2892
f 7830 	5909 	7833
f 7791 	7839 	7792
f 7835 	7744 	7802
f 4990 	4987 	7834
f 7830 	2178 	7712
f 7812 	7811 	7758
f 7701 	7828 	7827
f 7830 	7712 	5909
f 7841 	4990 	7834
f 7805 	7820 	6886
f 7791 	7840 	7839
f 7677 	7843 	7844
f 2193 	2198 	5869
f 7718 	7721 	7813
f 7852 	7846 	7810
f 7858 	7871 	7836
f 7699 	7945 	7828
f 7820 	7805 	7822
f 7871 	7790 	7836
f 7852 	7810 	7813
f 7805 	7811 	7822
f 7825 	7811 	7812
f 7838 	7837 	7668
f 7849 	7656 	7786
f 7822 	7811 	7825
f 7846 	7821 	7817
f 6480 	7656 	7849
f 7601 	7838 	7669
f 7837 	8252 	7668
f 7851 	7844 	7843
f 7600 	7701 	7911
f 7786 	7801 	7849
f 7851 	8356 	7844
f 7849 	7801 	7779
f 7852 	7821 	7846
f 7727 	7848 	7798
f 7853 	7699 	7710
f 7853 	7945 	7699
f 7763 	7820 	7822
f 7838 	2908 	7837
f 7672 	7841 	7843
f 7853 	7710 	7783
f 7817 	7810 	7846
f 6082 	7809 	7905
f 2767 	2908 	7838
f 7855 	7856 	7825
f 7911 	7607 	7600
f 7855 	7825 	7812
f 2767 	7838 	7601
f 7854 	7840 	7859
f 7834 	7843 	7841
f 7834 	7857 	7843
f 7840 	7925 	7859
f 7857 	7851 	7843
f 7550 	7533 	7861
f 7857 	7888 	7851
f 4119 	9652 	7862
f 6872 	7854 	7859
f 7863 	7862 	9652
f 7864 	7863 	9652
f 7835 	7641 	7774
f 7839 	7840 	7854
f 7867 	7865 	7601
f 2905 	7839 	7854
f 9652 	7601 	7865
f 7890 	7793 	7871
f 7868 	7601 	7873
f 6872 	7859 	7870
f 7812 	7758 	8552
f 7875 	7601 	7877
f 7870 	6595 	6560
f 7793 	7790 	7871
f 7796 	7762 	7872
f 7817 	9954 	9958
f 2311 	7870 	2465
f 7601 	7879 	7878
f 7858 	7890 	7871
f 7933 	7881 	2317
f 4119 	4118 	9652
f 7870 	7859 	2465
f 10137 	7796 	7881
f 7878 	7877 	7601
f 7601 	7875 	7874
f 7874 	7873 	7601
f 7868 	7867 	7601
f 7864 	9652 	7865
f 2312 	6595 	7870
f 7933 	10137 	7881
f 7858 	7836 	7941
f 7893 	7799 	8097
f 2312 	7870 	2311
f 7859 	7925 	2465
f 7823 	7886 	7876
f 2946 	7845 	2927
f 7884 	7869 	7866
f 9883 	7887 	2274
f 2775 	7889 	2946
f 7618 	2946 	7889
f 5020 	7880 	7832
f 7858 	7883 	7890
f 7525 	7679 	7866
f 7885 	7801 	7708
f 7618 	7847 	2946
f 7832 	7892 	7857
f 7845 	2946 	7847
f 7880 	7892 	7832
f 7866 	7806 	7893
f 7893 	7806 	7679
f 7806 	7866 	7679
f 7892 	7895 	7888
f 7896 	2775 	7894
f 7894 	2775 	4158
f 7883 	7858 	7975
f 7684 	7708 	7801
f 7857 	7892 	7888
f 7880 	7876 	7892
f 7886 	7892 	7876
f 7975 	7985 	7883
f 7779 	7801 	7885
f 2283 	7881 	7872
f 7897 	2775 	7896
f 7758 	7780 	7891
f 7886 	7895 	7892
f 7898 	7891 	7780
f 7893 	7679 	7799
f 7791 	7824 	7904
f 7902 	7889 	7900
f 2297 	2283 	7872
f 7893 	7884 	7866
f 7818 	7905 	7809
f 7908 	7889 	7907
f 7824 	7632 	7909
f 7997 	6082 	7905
f 7904 	7824 	7909
f 7909 	7917 	7904
f 7917 	7918 	7904
f 7848 	7901 	7798
f 7916 	7618 	7915
f 7888 	7895 	8408
f 7789 	7785 	2193
f 7900 	7889 	7897
f 7768 	7798 	7901
f 7904 	7918 	7791
f 7769 	7768 	7901
f 8394 	7851 	7888
f 7769 	7901 	7872
f 2775 	7897 	7889
f 7902 	7906 	7889
f 7906 	7907 	7889
f 7908 	7912 	7889
f 7913 	7889 	7912
f 7888 	8408 	8394
f 7913 	7618 	7889
f 7910 	7760 	7775
f 7789 	2193 	5869
f 7827 	7828 	7920
f 7909 	8562 	7917
f 7901 	2297 	7872
f 7842 	7827 	7920
f 7785 	9883 	2274
f 7920 	7930 	7842
f 7785 	2278 	2193
f 7918 	7917 	8562
f 7785 	2274 	2278
f 8160 	7920 	7828
f 7899 	7774 	7882
f 7840 	7924 	7925
f 7921 	7926 	7823
f 7928 	7926 	7929
f 7818 	7923 	7905
f 5038 	7931 	7921
f 7491 	5969 	6448
f 2334 	2274 	7887
f 8064 	7932 	8065
f 7883 	8065 	7932
f 6464 	7500 	6459
f 7930 	7827 	7842
f 2391 	2397 	10177
f 7932 	7793 	7883
f 7840 	7791 	7918
f 7930 	7701 	7827
f 7933 	2391 	10177
f 7927 	7922 	7934
f 7818 	4012 	7919
f 7918 	7924 	7840
f 7921 	5030 	5038
f 8753 	8749 	7937
f 7919 	7923 	7818
f 7926 	7921 	7931
f 7863 	7896 	7862
f 7894 	7862 	7896
f 7926 	7931 	7929
f 7864 	7897 	7863
f 2390 	2391 	7933
f 7940 	7939 	7929
f 7925 	7924 	7748
f 2317 	2390 	7933
f 7941 	7975 	7858
f 7942 	5480 	5444
f 7943 	6024 	7425
f 2468 	2465 	7925
f 5444 	5449 	7942
f 7816 	7861 	7938
f 5449 	7420 	7942
f 7836 	7860 	7941
f 7454 	7942 	7420
f 7931 	7940 	7929
f 7908 	7874 	7912
f 7939 	7944 	7929
f 7934 	8169 	7927
f 7912 	7875 	7913
f 7944 	7928 	7929
f 7942 	7948 	5480
f 7941 	7860 	7979
f 7942 	7963 	7948
f 4158 	4119 	7894
f 5038 	5065 	7931
f 8130 	7934 	7760
f 5065 	7940 	7931
f 7922 	7927 	7955
f 7897 	7864 	7900
f 7922 	8046 	8047
f 7923 	7951 	7905
f 7900 	7865 	7902
f 7853 	7950 	7945
f 7902 	7867 	7906
f 7922 	7955 	8046
f 7968 	7939 	7940
f 6010 	5997 	7952
f 7883 	7985 	8065
f 7922 	8039 	7999
f 7952 	5997 	7947
f 7953 	6010 	7952
f 5483 	5480 	7948
f 7907 	7873 	7908
f 8047 	8043 	7922
f 7875 	7912 	7874
f 7913 	7877 	7915
f 7953 	7952 	7444
f 7915 	7878 	7916
f 7947 	7444 	7952
f 7814 	7973 	7808
f 7959 	7529 	7960
f 7550 	7808 	7529
f 7905 	7951 	7997
f 7954 	5483 	7948
f 7896 	7863 	7897
f 7961 	7956 	7962
f 7919 	7958 	7923
f 7865 	7900 	7864
f 7942 	7965 	7963
f 4665 	4656 	7964
f 7867 	7902 	7865
f 7966 	8477 	7957
f 7956 	4665 	7964
f 7906 	7867 	7868
f 4656 	4677 	7964
f 7960 	7977 	7959
f 7958 	8038 	7951
f 7958 	7951 	7923
f 7906 	7868 	7907
f 7873 	7907 	7868
f 7956 	7964 	7962
f 7874 	7908 	7873
f 7968 	7940 	5065
f 7948 	7963 	7954
f 7968 	7969 	7939
f 7913 	7875 	7877
f 7878 	7915 	7877
f 8441 	6469 	7987
f 7916 	7878 	7879
f 7983 	7972 	7967
f 7606 	7624 	7879
f 7962 	7955 	7961
f 7963 	7970 	7954
f 7973 	7960 	7808
f 7435 	7468 	7974
f 7968 	7976 	7978
f 10350 	7959 	7977
f 7978 	7969 	7968
f 7955 	7927 	7961
f 7975 	7941 	7979
f 7957 	7969 	7978
f 8003 	3302 	7578
f 7974 	8522 	7987
f 7957 	7944 	7939
f 4665 	7956 	4916
f 3302 	8003 	4265
f 7974 	7468 	8522
f 7973 	7977 	7960
f 7957 	7939 	7969
f 7458 	7965 	7942
f 7927 	8400 	7961
f 7578 	6969 	8003
f 7816 	7938 	7977
f 7966 	7957 	7978
f 7956 	7961 	8331
f 7971 	8022 	7972
f 7816 	7977 	7973
f 7814 	7816 	7973
f 7978 	7980 	7966
f 8386 	7970 	7963
f 7976 	7980 	7978
f 7919 	8096 	7958
f 7976 	7968 	4773
f 7974 	6024 	7943
f 7982 	7954 	7970
f 7974 	6467 	6024
f 7984 	7982 	7970
f 7753 	7976 	4773
f 7971 	7972 	7983
f 7950 	7853 	7981
f 4773 	7968 	5065
f 4708 	7964 	4707
f 7981 	8355 	7950
f 7964 	4677 	4707
f 7981 	7853 	7783
f 7986 	7983 	7967
f 4273 	4267 	8003
f 6469 	6467 	7974
f 7770 	7966 	7980
f 7976 	7753 	7759
f 7974 	7987 	6469
f 7922 	7898 	7780
f 7759 	7980 	7976
f 8313 	7985 	7975
f 7989 	8022 	7971
f 7587 	8022 	7989
f 7983 	7989 	7971
f 7823 	7991 	7886
f 8544 	7992 	7988
f 7596 	7587 	7989
f 7991 	7903 	7895
f 7991 	7895 	7886
f 7928 	7991 	7926
f 7990 	7087 	4321
f 7823 	7926 	7991
f 7975 	7979 	7993
f 612 	626 	7994
f 7999 	7898 	7922
f 7444 	7947 	7992
f 4265 	8003 	4263
f 604 	7994 	7634
f 7995 	7487 	7486
f 7850 	6082 	7997
f 7990 	8279 	7248
f 7492 	7995 	8000
f 7999 	8777 	7891
f 7994 	626 	789
f 7990 	7248 	7087
f 7983 	7986 	8006
f 7487 	7995 	7492
f 8003 	4267 	4272
f 7989 	7282 	7280
f 8003 	4272 	4263
f 7996 	8978 	8940
f 7504 	8007 	8005
f 7997 	7826 	7850
f 7986 	7283 	8006
f 7989 	7983 	8006
f 8006 	7314 	7282
f 7004 	8003 	6971
f 7995 	7504 	7505
f 8157 	6373 	8156
f 7898 	7999 	7891
f 6971 	8003 	6969
f 7486 	7510 	7995
f 7510 	7504 	7995
f 8006 	7282 	7989
f 8005 	7995 	7505
f 7997 	7951 	8008
f 8051 	8001 	6530
f 7504 	8005 	7505
f 7951 	8038 	8008
f 7004 	7000 	8003
f 4359 	4491 	7845
f 7634 	7994 	8105
f 8086 	8004 	7999
f 8264 	8262 	4489
f 7990 	4321 	8010
f 7998 	7583 	8015
f 8014 	8011 	6580
f 7583 	7829 	8015
f 7826 	8012 	8630
f 8003 	7998 	8133
f 8010 	4366 	8016
f 7997 	8008 	8012
f 8089 	8021 	8014
f 8142 	7861 	7492
f 7997 	8012 	7826
f 8014 	8021 	8011
f 8007 	8035 	8005
f 8580 	8630 	8012
f 7492 	8000 	8142
f 8021 	8017 	8011
f 8142 	8000 	8049
f 8024 	8049 	8000
f 8021 	8081 	8017
f 8009 	8010 	8016
f 8014 	6580 	6570
f 7708 	8022 	7885
f 8014 	6570 	6569
f 8024 	8000 	7995
f 6569 	8089 	8014
f 8030 	7996 	8117
f 8035 	8037 	8005
f 7860 	8025 	7979
f 8031 	8034 	8029
f 8035 	8405 	8037
f 8029 	8022 	8031
f 6671 	8109 	8108
f 8042 	8022 	8029
f 8109 	6671 	8095
f 8016 	4366 	8062
f 8086 	7999 	8039
f 8025 	7993 	7979
f 6671 	8058 	8095
f 8005 	8037 	7995
f 8037 	8024 	7995
f 8022 	8042 	7972
f 8050 	8049 	8024
f 8039 	7922 	8043
f 8042 	7967 	7972
f 4440 	4273 	8032
f 4440 	8032 	8033
f 7708 	8031 	8022
f 8008 	8044 	8012
f 8080 	4440 	8033
f 8048 	8052 	4408
f 8024 	8055 	8050
f 4408 	4433 	8048
f 8011 	8051 	6530
f 8055 	8056 	8050
f 8011 	8017 	8051
f 8058 	8041 	8095
f 8044 	8013 	8012
f 8033 	8040 	8080
f 8059 	7632 	7614
f 2507 	8056 	3111
f 8059 	7909 	7632
f 8058 	6671 	6557
f 7634 	8059 	7614
f 8025 	8285 	8294
f 7993 	8025 	8294
f 6557 	8066 	8058
f 8037 	8405 	8411
f 8056 	8055 	8411
f 8294 	8302 	7993
f 8019 	8020 	8377
f 8378 	8377 	8020
f 7634 	8105 	8059
f 8060 	8052 	8002
f 8003 	8170 	8032
f 8020 	8036 	8378
f 8064 	8065 	8063
f 8065 	8090 	8063
f 8002 	8052 	8113
f 8052 	8048 	8113
f 8170 	8033 	8032
f 8378 	8036 	8383
f 2507 	2506 	8056
f 8062 	8052 	8060
f 8057 	8053 	8379
f 8071 	8042 	8194
f 8067 	8063 	8069
f 8069 	8070 	8067
f 8070 	8087 	8067
f 8068 	8067 	8087
f 8037 	8411 	8024
f 8052 	8062 	4413
f 9200 	8066 	6557
f 4386 	4413 	8062
f 5139 	5144 	8063
f 8063 	8141 	8074
f 8016 	8062 	8060
f 8134 	8144 	8067
f 4401 	4409 	8170
f 8063 	8067 	8144
f 8170 	4409 	4382
f 8021 	8089 	8075
f 8068 	9133 	8077
f 8170 	8101 	4401
f 8067 	8068 	8077
f 7400 	8072 	7387
f 8492 	8472 	8050
f 4690 	7707 	8075
f 8018 	8383 	8036
f 8040 	4376 	8078
f 2506 	8050 	8056
f 8077 	9133 	8074
f 7387 	8072 	10163
f 8401 	8383 	8018
f 8075 	7707 	7703
f 8040 	8078 	8080
f 7949 	8072 	8071
f 8149 	8067 	8077
f 7955 	8054 	8046
f 8372 	8401 	8018
f 7703 	8081 	8021
f 4464 	4471 	8078
f 8087 	8088 	8068
f 4443 	4444 	8078
f 8080 	8078 	4444
f 8085 	8083 	8084
f 8311 	8312 	8088
f 8379 	8053 	8061
f 8082 	8084 	8083
f 7588 	8083 	8085
f 8085 	7586 	7588
f 7967 	8042 	8071
f 8182 	8079 	8184
f 6373 	8061 	8053
f 3221 	8075 	3216
f 8069 	8063 	8090
f 8076 	4338 	8045
f 7985 	8090 	8065
f 4373 	4394 	8076
f 8071 	7986 	7967
f 8372 	8018 	8057
f 6569 	3216 	8075
f 8076 	4394 	4338
f 7607 	7911 	8083
f 8070 	8069 	7985
f 8075 	8089 	6569
f 4497 	4499 	8114
f 4497 	8114 	4498
f 8090 	7985 	8069
f 8107 	4373 	8076
f 8101 	8093 	3503
f 7911 	8082 	8083
f 7588 	7607 	8083
f 8085 	8084 	8097
f 4401 	8101 	3503
f 8004 	8086 	8117
f 8085 	8097 	7799
f 8093 	8101 	8098
f 8085 	7594 	7586
f 8085 	7799 	7594
f 8092 	8245 	8091
f 8021 	8075 	7703
f 8076 	8045 	8107
f 8100 	8099 	8105
f 8287 	8092 	8086
f 8232 	8038 	7958
f 5111 	8121 	8096
f 8096 	8121 	8104
f 4373 	8107 	8079
f 8096 	5109 	5111
f 8086 	8039 	8220
f 8109 	8122 	8108
f 4498 	8114 	4487
f 8107 	8184 	8079
f 6373 	8106 	8026
f 8095 	8041 	8109
f 8084 	8221 	8097
f 5144 	7932 	8064
f 8107 	8045 	8497
f 7994 	8100 	8105
f 8087 	8070 	8240
f 8028 	8103 	4338
f 8064 	8063 	5144
f 8103 	8045 	4338
f 789 	8100 	7994
f 8093 	8098 	8114
f 8087 	8240 	8088
f 2983 	8110 	8111
f 6373 	8026 	8061
f 8111 	2993 	2983
f 8071 	7400 	7986
f 7400 	8071 	8072
f 2993 	8111 	3001
f 8264 	4487 	8114
f 8053 	6368 	6373
f 8113 	8048 	8223
f 8081 	7703 	8112
f 8004 	8117 	7996
f 10279 	10274 	8129
f 8082 	8115 	8084
f 8116 	8084 	8115
f 8092 	8091 	8117
f 8102 	8430 	8106
f 8117 	8086 	8092
f 8119 	8120 	8118
f 8129 	8114 	8098
f 8121 	2194 	8094
f 8109 	8123 	8122
f 8117 	8091 	8030
f 8416 	8430 	8102
f 2127 	2194 	8121
f 6801 	8108 	8125
f 8221 	8084 	8116
f 8121 	5111 	87
f 8108 	8122 	8125
f 2127 	8121 	87
f 8130 	7760 	7910
f 8122 	8123 	8151
f 8420 	8026 	8106
f 8007 	7525 	7866
f 8133 	7998 	8015
f 8132 	8131 	8137
f 8136 	8137 	8131
f 8138 	8134 	8131
f 8136 	8131 	8134
f 7884 	8128 	7869
f 7914 	8130 	7910
f 8131 	8139 	8140
f 8175 	8141 	8139
f 8140 	8139 	8141
f 8140 	8141 	8144
f 8142 	7938 	7861
f 8141 	8063 	8144
f 8120 	8119 	8568
f 8131 	8140 	8144
f 8131 	8144 	8138
f 8128 	8007 	7869
f 8040 	8033 	8170
f 8134 	8149 	8135
f 8007 	7866 	7869
f 8134 	8138 	8144
f 8176 	8124 	8166
f 8119 	8127 	8568
f 8127 	8570 	8568
f 8152 	8124 	8176
f 7757 	8151 	8150
f 8134 	8067 	8149
f 8172 	8173 	8145
f 8172 	8145 	8174
f 7884 	7893 	8097
f 8148 	7427 	7380
f 8126 	8151 	8123
f 8158 	7884 	8097
f 8141 	8154 	8074
f 8122 	8151 	8147
f 8151 	7756 	8147
f 9140 	9143 	8154
f 8147 	8125 	8122
f 8169 	7934 	8145
f 8145 	7934 	8130
f 8155 	8149 	8077
f 8158 	8242 	8128
f 8125 	8147 	6817
f 8153 	8210 	8048
f 8178 	8159 	8198
f 8155 	8077 	8074
f 8155 	8074 	8154
f 8192 	8145 	8220
f 8145 	8192 	8193
f 8151 	7757 	7756
f 8048 	4433 	8153
f 8015 	7037 	8133
f 8148 	8159 	8178
f 8126 	8150 	8151
f 8220 	8145 	8023
f 8133 	7147 	7194
f 8145 	8193 	8174
f 2142 	8399 	8476
f 7422 	8152 	8162
f 7037 	7147 	8133
f 8168 	7150 	7151
f 8161 	8165 	8167
f 8208 	7591 	7647
f 8179 	8131 	8132
f 8133 	7150 	8168
f 7591 	8171 	7461
f 8256 	8163 	8834
f 8179 	8139 	8131
f 8164 	823 	8166
f 8143 	8019 	8412
f 8163 	4468 	8834
f 8154 	8141 	8175
f 8199 	7911 	7930
f 8181 	8175 	8139
f 8168 	8003 	8133
f 8173 	8169 	8145
f 8082 	7911 	8199
f 8143 	8412 	8414
f 8814 	8079 	8182
f 7585 	7478 	8177
f 7427 	8148 	8178
f 2143 	8165 	8161
f 4380 	4377 	8170
f 2144 	8165 	2143
f 8170 	8168 	8187
f 8048 	8210 	8223
f 8170 	4377 	4376
f 7828 	7945 	8160
f 8040 	8170 	4376
f 8181 	8139 	8179
f 8003 	8168 	8170
f 8178 	8152 	7422
f 8175 	8181 	5116
f 8181 	5117 	5116
f 8176 	8162 	8152
f 8146 	8143 	8414
f 7151 	8187 	8168
f 8128 	7884 	8158
f 2144 	2136 	8165
f 8146 	8418 	8180
f 4380 	8170 	4382
f 8186 	7602 	7585
f 8136 	8161 	8167
f 8216 	8180 	8156
f 8137 	8136 	8167
f 8047 	8174 	8043
f 8176 	8166 	8162
f 8189 	8201 	8134
f 8169 	8400 	7927
f 8253 	8099 	8164
f 8188 	7619 	8191
f 8178 	8124 	8152
f 8170 	8640 	8731
f 8731 	8101 	8170
f 7945 	8190 	8160
f 8201 	8189 	8161
f 2143 	8161 	8189
f 8166 	823 	786
f 813 	823 	8164
f 8156 	8417 	8157
f 8164 	8099 	813
f 8416 	8102 	8157
f 7194 	7150 	8133
f 8173 	8172 	8046
f 8328 	7803 	7619
f 8047 	8046 	8172
f 8029 	7946 	8194
f 8046 	8054 	8169
f 8194 	8042 	8029
f 8264 	8114 	8258
f 8193 	8192 	8039
f 8039 	8043 	8193
f 7950 	8190 	7945
f 8167 	8132 	8137
f 8188 	8197 	7619
f 8173 	8046 	8169
f 5117 	8179 	5121
f 5121 	8179 	8132
f 7920 	8160 	8199
f 8186 	8191 	7642
f 8172 	8174 	8047
f 8228 	7935 	8195
f 8228 	8243 	7935
f 8195 	7935 	8196
f 8136 	8134 	8201
f 7642 	8191 	7619
f 4432 	8163 	8235
f 8136 	8201 	8161
f 8186 	7642 	7602
f 8205 	8207 	7365
f 8200 	8190 	7950
f 8192 	8220 	8039
f 8174 	8193 	8043
f 8208 	7647 	7667
f 8020 	8019 	8202
f 8202 	8019 	8143
f 8204 	8127 	8206
f 8206 	8127 	8210
f 8202 	8143 	8146
f 8132 	8167 	5121
f 5129 	5121 	8167
f 7920 	8199 	7930
f 8214 	8233 	8207
f 8216 	6373 	7936
f 8121 	8094 	8104
f 8216 	7936 	8229
f 7935 	8227 	7936
f 8119 	8223 	8210
f 7678 	8219 	8217
f 7667 	7677 	8213
f 8210 	8153 	8206
f 8212 	8220 	8023
f 8209 	8220 	8212
f 8189 	8452 	2143
f 8308 	8307 	8217
f 7667 	8213 	8208
f 6373 	8216 	8156
f 5129 	8167 	8165
f 8202 	8146 	8180
f 8202 	8180 	8216
f 8217 	8218 	8205
f 2142 	2143 	8399
f 8230 	8202 	8216
f 8035 	8007 	8128
f 5129 	8165 	2136
f 8142 	8049 	8268
f 7678 	8217 	8205
f 8205 	8214 	8207
f 8205 	8218 	8214
f 8209 	8086 	8220
f 8218 	8271 	8214
f 8235 	8204 	8206
f 8226 	8219 	7678
f 8227 	7935 	8243
f 8207 	8233 	7715
f 8225 	8282 	8198
f 7678 	7668 	8226
f 8231 	8127 	8204
f 8229 	7936 	8227
f 8252 	8251 	8226
f 8225 	8766 	8282
f 8232 	8094 	8224
f 8230 	8216 	8229
f 8271 	8241 	8214
f 8204 	8235 	8231
f 8232 	8096 	8104
f 8233 	7697 	7715
f 7958 	8096 	8232
f 8233 	8236 	7697
f 9603 	9602 	4439
f 4436 	4439 	9602
f 8232 	8104 	8094
f 9924 	9746 	9602
f 8284 	8229 	8227
f 7231 	8236 	8237
f 7962 	8234 	8255
f 7231 	7230 	8236
f 7697 	8236 	7230
f 8082 	8249 	8115
f 7985 	8240 	8070
f 8233 	8214 	8241
f 8255 	7955 	7962
f 8199 	8249 	8082
f 8236 	8241 	8237
f 8231 	8703 	8584
f 8233 	8241 	8236
f 8097 	8242 	8158
f 4708 	4945 	8234
f 8119 	8210 	8127
f 8127 	8231 	8584
f 8091 	8245 	8247
f 8286 	8247 	8245
f 8241 	8366 	8237
f 7703 	8238 	8112
f 4432 	8235 	8153
f 8252 	8250 	8251
f 8169 	8054 	8255
f 8334 	8313 	7975
f 8254 	6390 	6380
f 8054 	7955 	8255
f 7975 	7993 	8334
f 6380 	8248 	8254
f 8320 	8254 	8248
f 8199 	8185 	8249
f 8099 	8257 	8105
f 8253 	8257 	8099
f 6358 	6130 	8254
f 8239 	8261 	8259
f 8260 	8263 	8256
f 8164 	8203 	8253
f 6390 	8254 	6130
f 8235 	8256 	8263
f 8235 	8163 	8256
f 8740 	8257 	8253
f 8740 	8253 	8203
f 7837 	8480 	8252
f 8238 	8239 	8259
f 8249 	8185 	8246
f 8038 	8265 	8008
f 8254 	8195 	8196
f 8257 	8266 	8105
f 8250 	8252 	8480
f 8128 	8242 	8035
f 8254 	8228 	8195
f 8268 	8361 	8357
f 7668 	8252 	8226
f 8303 	8219 	8251
f 8219 	8226 	8251
f 8254 	8196 	6358
f 8059 	8266 	8557
f 8206 	8153 	8235
f 4491 	4490 	7845
f 8224 	8323 	8265
f 8270 	8269 	8239
f 8243 	8228 	8254
f 8270 	8239 	8238
f 8203 	8164 	8166
f 8227 	8243 	8254
f 8232 	8224 	8265
f 8124 	8178 	8272
f 7732 	8274 	8238
f 8232 	8265 	8038
f 8124 	8282 	8211
f 8238 	8274 	8270
f 8044 	8008 	8265
f 8211 	8203 	8124
f 8267 	8245 	8092
f 7703 	7732 	8238
f 8124 	8272 	8282
f 8244 	8044 	8265
f 8270 	7742 	8269
f 8166 	8124 	8203
f 8142 	8268 	7938
f 8274 	7740 	8270
f 8347 	9228 	8044
f 7732 	7740 	8274
f 7990 	8010 	8279
f 8198 	8272 	8178
f 8282 	8766 	8211
f 7942 	7454 	7458
f 8358 	8287 	8209
f 8302 	8073 	8301
f 8086 	8209 	8287
f 8275 	8376 	8277
f 8302 	8294 	8073
f 8091 	8247 	8030
f 8282 	8272 	8198
f 8284 	8280 	8281
f 8160 	8309 	8199
f 8009 	8279 	8010
f 8284 	8254 	8320
f 8309 	8185 	8199
f 8059 	8105 	8266
f 7101 	7439 	8288
f 7424 	8343 	8288
f 8304 	8322 	8286
f 8160 	8190 	8309
f 8322 	4883 	8286
f 8288 	7114 	7101
f 8284 	8230 	8229
f 8283 	8073 	8285
f 8285 	8073 	8294
f 8202 	8230 	8305
f 8291 	8290 	8295
f 8286 	4883 	4898
f 8291 	8289 	8290
f 8217 	8307 	8297
f 7965 	7458 	8293
f 8297 	8218 	8217
f 8297 	8271 	8218
f 4898 	5508 	8286
f 8446 	8242 	8097
f 8293 	7458 	8298
f 8298 	8299 	8293
f 8092 	8287 	8267
f 8287 	8278 	8267
f 8219 	8303 	8217
f 8267 	8304 	8245
f 8267 	8278 	8304
f 8284 	8281 	8305
f 8301 	8334 	8302
f 8310 	8304 	8278
f 8279 	8298 	7458
f 8315 	8301 	8068
f 8287 	8310 	8278
f 8315 	8337 	8301
f 8306 	8517 	8296
f 8284 	8305 	8230
f 8088 	8318 	8311
f 8313 	8088 	8312
f 8068 	8088 	8313
f 8313 	8341 	8068
f 8303 	8308 	8217
f 8496 	8517 	8306
f 8502 	8496 	8306
f 8088 	8240 	8318
f 8287 	8358 	8352
f 8227 	8254 	8284
f 8300 	8115 	8249
f 8313 	8312 	7985
f 8279 	8009 	8298
f 8126 	8582 	8290
f 8309 	8246 	8185
f 8316 	8297 	8307
f 8338 	8341 	8333
f 8315 	8068 	8337
f 8316 	8271 	8297
f 8073 	8068 	8301
f 8310 	8287 	4976
f 8351 	8299 	8298
f 8316 	8277 	8271
f 8306 	8359 	8502
f 8311 	8240 	8312
f 7985 	8312 	8240
f 8322 	8304 	8310
f 8295 	8290 	8582
f 8304 	8286 	8245
f 8246 	8300 	8249
f 8311 	8318 	8240
f 8284 	8320 	8280
f 8317 	8316 	8307
f 8292 	8296 	8579
f 4976 	8322 	8310
f 8242 	8446 	8321
f 8292 	8579 	8034
f 8060 	8002 	8325
f 5008 	5009 	8322
f 8322 	5009 	4883
f 8327 	7794 	8328
f 7708 	8296 	8292
f 8265 	8323 	8244
f 8277 	8316 	8317
f 9966 	8327 	8324
f 8035 	8242 	8321
f 8296 	7684 	8306
f 8308 	8330 	8307
f 8331 	4916 	7956
f 8317 	8307 	8332
f 7708 	7684 	8296
f 8328 	7794 	7803
f 8319 	8335 	8336
f 8324 	8327 	8328
f 8002 	8326 	8325
f 8332 	8335 	8319
f 8329 	8350 	8348
f 8333 	8313 	8334
f 8317 	8332 	8319
f 7619 	8324 	8328
f 8675 	8664 	8348
f 8348 	8248 	8329
f 8234 	7962 	7964
f 8331 	7961 	8400
f 8307 	8330 	8332
f 7993 	8302 	8334
f 8293 	8380 	7965
f 7619 	8197 	8324
f 8333 	8341 	8313
f 4945 	4916 	8331
f 8325 	8016 	8060
f 8334 	8301 	8337
f 8337 	8068 	8341
f 8337 	8341 	8334
f 8338 	8333 	8334
f 8325 	8009 	8016
f 8334 	8341 	8338
f 8400 	8234 	8331
f 8344 	8335 	8345
f 8330 	8345 	8332
f 8345 	8335 	8332
f 8346 	8340 	8409
f 8248 	8280 	8320
f 8234 	7964 	4708
f 8339 	8190 	8200
f 8330 	8438 	8345
f 8308 	8438 	8330
f 9172 	8336 	8335
f 7114 	8288 	8343
f 8335 	9181 	9172
f 8347 	8244 	8457
f 8331 	8234 	4945
f 8335 	8344 	9181
f 8248 	8348 	8664
f 8244 	8347 	8044
f 7114 	8343 	8027
f 8348 	8314 	8675
f 7451 	7467 	8342
f 10022 	8340 	8447
f 8350 	8314 	8348
f 8340 	8346 	8447
f 8339 	8769 	8190
f 8349 	5003 	4982
f 8342 	2415 	7451
f 8244 	8323 	8457
f 7938 	8357 	7977
f 8298 	8009 	8325
f 8357 	10357 	7977
f 8276 	8275 	8317
f 8325 	8351 	8298
f 8356 	8354 	8222
f 8319 	8276 	8317
f 8356 	8213 	7677
f 5003 	8349 	8352
f 8276 	8319 	8336
f 8362 	8363 	8224
f 7725 	8306 	7684
f 8363 	8323 	8224
f 8325 	8326 	8351
f 8317 	8275 	8277
f 8306 	7725 	8359
f 1640 	1314 	8357
f 8326 	8299 	8351
f 8363 	8457 	8323
f 8299 	8326 	8293
f 8364 	8356 	8394
f 2194 	8224 	8094
f 8224 	2194 	8362
f 7938 	8268 	8357
f 8364 	8354 	8356
f 7719 	8342 	8359
f 8200 	7950 	8355
f 8362 	2195 	8363
f 8367 	8369 	8355
f 8368 	8366 	8241
f 8370 	2720 	2701
f 8135 	8406 	8134
f 8402 	2701 	2704
f 8360 	5003 	8352
f 8373 	8376 	8375
f 8366 	8368 	8376
f 8436 	8135 	8435
f 8378 	8372 	8377
f 8383 	8372 	8378
f 8367 	1648 	8369
f 8373 	8366 	8376
f 4993 	5003 	8360
f 8381 	8367 	8355
f 8376 	8382 	8375
f 4993 	8360 	9232
f 7963 	7965 	8380
f 8401 	8372 	8383
f 7963 	8385 	8386
f 8387 	8384 	8375
f 8358 	8360 	8352
f 8437 	8435 	8155
f 8403 	8385 	8392
f 8382 	8387 	8375
f 8356 	8222 	8215
f 8057 	8379 	8372
f 8356 	8215 	8213
f 8366 	8373 	7278
f 8356 	7677 	7844
f 8366 	7278 	7260
f 8369 	8339 	8355
f 8360 	8358 	8390
f 8364 	8394 	8393
f 8339 	8200 	8355
f 8349 	4982 	4976
f 4976 	8287 	8349
f 8349 	8287 	8352
f 8394 	8356 	7851
f 8396 	8399 	8374
f 8397 	8399 	8396
f 8425 	8399 	8397
f 8399 	8452 	8406
f 8189 	8134 	8452
f 8134 	8406 	8452
f 2704 	2705 	8402
f 8392 	8380 	8391
f 8379 	8414 	8372
f 8370 	2701 	8402
f 1323 	8367 	8381
f 8476 	2149 	2142
f 8389 	8476 	8395
f 8387 	8382 	8276
f 8241 	8271 	8368
f 8277 	8368 	8271
f 8769 	8309 	8190
f 8358 	8209 	8390
f 8395 	8476 	8398
f 8396 	8374 	8395
f 8368 	8277 	8376
f 8390 	8209 	8212
f 8376 	8275 	8382
f 8374 	8399 	8406
f 8275 	8276 	8382
f 8392 	8385 	7963
f 8149 	8435 	8135
f 7231 	8237 	8366
f 8149 	8155 	8435
f 8392 	7963 	8380
f 8405 	8407 	8543
f 8169 	8255 	8400
f 7947 	6368 	8053
f 8400 	8255 	8234
f 8057 	7947 	8053
f 8406 	8410 	8434
f 8385 	8403 	8429
f 6368 	7947 	5997
f 8373 	8375 	7278
f 8405 	8035 	8407
f 7765 	8725 	8404
f 8429 	8386 	8385
f 8402 	2705 	2472
f 8384 	8415 	8375
f 8402 	8404 	8370
f 8430 	8417 	8418
f 8430 	8418 	8414
f 8412 	8372 	8414
f 8377 	8372 	8412
f 8379 	8420 	8414
f 8410 	8440 	8434
f 8375 	8415 	7276
f 8407 	8035 	8321
f 9283 	7276 	8415
f 8106 	8430 	8420
f 7276 	7278 	8375
f 8430 	8414 	8420
f 9925 	7970 	8386
f 8418 	8146 	8414
f 8393 	8408 	8413
f 8387 	9265 	8384
f 8404 	8388 	8419
f 8061 	8420 	8379
f 8055 	8024 	8411
f 8421 	8422 	6813
f 8395 	8397 	8396
f 8293 	8326 	8391
f 8384 	9283 	8415
f 8424 	8423 	8422
f 8420 	8061 	8026
f 8393 	8394 	8408
f 8049 	8050 	8472
f 8424 	8427 	8423
f 8398 	8399 	8425
f 8416 	8157 	8417
f 8398 	8425 	8395
f 8428 	6820 	6815
f 8380 	8293 	8391
f 8395 	8425 	8397
f 6813 	8422 	8423
f 8374 	8406 	8432
f 8416 	8417 	8430
f 6815 	6813 	8423
f 8346 	7895 	7903
f 8432 	8406 	8431
f 8434 	8431 	8406
f 9265 	9283 	8384
f 8406 	8135 	8436
f 8346 	8409 	7895
f 6815 	8423 	8428
f 8508 	8438 	8251
f 8406 	8436 	8437
f 8156 	8180 	8417
f 8418 	8417 	8180
f 8413 	8408 	7895
f 8395 	8374 	8432
f 8448 	8446 	8115
f 8377 	8412 	8019
f 7895 	8409 	8413
f 8429 	8403 	8537
f 8221 	8116 	8446
f 8389 	8444 	8440
f 8434 	8440 	8444
f 8251 	8250 	8508
f 8421 	8424 	8422
f 8443 	7928 	7944
f 8440 	8410 	9488
f 8442 	9408 	8439
f 8431 	8444 	8432
f 8395 	8432 	8444
f 8444 	8389 	8395
f 8501 	6465 	8441
f 8434 	8444 	8431
f 8449 	8443 	8450
f 8436 	8435 	8437
f 8445 	8433 	8426
f 8118 	8453 	8119
f 8604 	8419 	8388
f 8398 	8476 	8399
f 8450 	8447 	8449
f 8251 	8438 	8303
f 8439 	8345 	8438
f 8344 	8345 	8439
f 8308 	8303 	8438
f 6972 	8421 	6802
f 8447 	8346 	8449
f 8036 	8020 	7947
f 8118 	8529 	8453
f 8443 	8454 	8455
f 7947 	8020 	8202
f 8113 	8453 	8002
f 8202 	7992 	7947
f 8002 	8453 	8326
f 8407 	8321 	8504
f 8036 	7947 	8018
f 8454 	8486 	8484
f 8457 	8363 	8498
f 8116 	8115 	8446
f 8057 	8018 	7947
f 8391 	8453 	8529
f 8443 	8455 	8450
f 8453 	8391 	8326
f 8449 	7928 	8443
f 8710 	8370 	8404
f 8427 	8424 	8461
f 8441 	7987 	8501
f 7944 	8454 	8443
f 8424 	8463 	8461
f 8463 	8466 	8468
f 7501 	7762 	8365
f 8468 	8461 	8463
f 8446 	8097 	8221
f 8451 	8448 	8300
f 9925 	8386 	8429
f 8300 	8246 	8451
f 8457 	8462 	8347
f 8506 	8481 	8467
f 8454 	8484 	8455
f 8457 	8498 	8462
f 8300 	8448 	8115
f 8465 	8370 	8710
f 6446 	8470 	6447
f 6447 	8470 	6464
f 8467 	8481 	8470
f 8474 	8473 	8459
f 6446 	6465 	8470
f 8410 	8471 	9488
f 2720 	8370 	8465
f 6464 	8470 	8475
f 8464 	2720 	8465
f 8481 	8475 	8470
f 8476 	2182 	2149
f 8474 	8459 	8469
f 8493 	7622 	7610
f 8476 	2209 	2236
f 8343 	8103 	8028
f 8475 	8487 	8273
f 8479 	2744 	2698
f 8389 	8440 	2212
f 7957 	8454 	7944
f 6465 	8501 	8470
f 8343 	8028 	8027
f 8472 	8268 	8049
f 10264 	10059 	8114
f 10059 	8458 	8114
f 8114 	8129 	10274
f 8470 	8501 	8467
f 7957 	8486 	8454
f 8440 	9488 	2212
f 8499 	8343 	7424
f 7966 	8482 	8477
f 3376 	3378 	8480
f 8479 	2608 	2744
f 8480 	3378 	8250
f 8389 	2212 	8476
f 2212 	3144 	8476
f 8485 	8353 	8273
f 8526 	8525 	6955
f 8479 	8547 	2608
f 3406 	3416 	8488
f 8273 	8487 	8485
f 2260 	2209 	8476
f 8478 	8426 	8433
f 3271 	2260 	8476
f 7845 	8262 	3416
f 8526 	6955 	8483
f 3144 	3271 	8476
f 8485 	8487 	8481
f 8477 	8486 	7957
f 8477 	8491 	8484
f 3416 	8262 	8488
f 8433 	8479 	8478
f 2182 	8476 	2236
f 8481 	8490 	8485
f 7845 	3416 	2927
f 8484 	8486 	8477
f 8264 	8258 	8488
f 8478 	8479 	8464
f 8482 	8491 	8477
f 8506 	8828 	8490
f 8488 	8258 	3458
f 8489 	8494 	8493
f 8371 	8489 	8493
f 8479 	2698 	8464
f 8491 	8482 	8289
f 8371 	8493 	7610
f 2698 	2720 	8464
f 7966 	7770 	8482
f 8481 	8487 	8475
f 8462 	8495 	8460
f 8264 	8488 	8262
f 8462 	8498 	8495
f 8497 	8500 	8499
f 7991 	8346 	7903
f 8508 	8250 	3378
f 8184 	8497 	9064
f 2219 	2784 	8495
f 8449 	7991 	7928
f 8182 	8184 	9064
f 8495 	8498 	2219
f 8449 	8346 	7991
f 7837 	3376 	8480
f 7837 	2908 	3382
f 8503 	8496 	8502
f 7837 	3382 	3376
f 8359 	8503 	8502
f 8498 	2195 	2219
f 8467 	8501 	8506
f 8504 	8321 	8446
f 8488 	3458 	3406
f 7424 	7553 	8499
f 8505 	8421 	6972
f 8505 	6972 	8523
f 2195 	8498 	8363
f 9064 	8497 	8499
f 8509 	8510 	8439
f 8343 	8500 	8103
f 8490 	8481 	8506
f 8500 	8343 	8499
f 8442 	8439 	8510
f 8424 	8421 	8552
f 9842 	8503 	8359
f 8438 	8509 	8439
f 8202 	7988 	7992
f 8424 	8552 	8463
f 8511 	8448 	8451
f 8202 	8305 	7988
f 8500 	8497 	8045
f 8442 	8510 	8513
f 8103 	8500 	8045
f 8001 	8051 	8507
f 8223 	8119 	8453
f 8113 	8223 	8453
f 8507 	8051 	8516
f 8504 	8558 	8576
f 8504 	8576 	8543
f 8559 	8423 	8427
f 8461 	8559 	8427
f 6573 	8531 	6572
f 8518 	8531 	6573
f 8561 	2061 	2048
f 8579 	8296 	8517
f 6573 	6800 	8518
f 8519 	8518 	8512
f 8504 	8543 	8407
f 8516 	1954 	8507
f 8520 	8118 	8120
f 8579 	8517 	8496
f 8051 	8017 	8516
f 7461 	8171 	8522
f 7946 	8579 	8496
f 2813 	8553 	8527
f 8527 	2030 	2813
f 8531 	8518 	8519
f 8527 	2097 	2030
f 8529 	8403 	8392
f 8531 	8519 	6571
f 8529 	8534 	8403
f 8369 	8532 	8339
f 7836 	8519 	8512
f 8529 	8392 	8391
f 8538 	8445 	8530
f 6961 	6955 	8523
f 8769 	8532 	8524
f 8531 	6571 	6572
f 8523 	6955 	8525
f 1998 	2089 	8539
f 8523 	8525 	8535
f 8552 	8421 	8505
f 2097 	9406 	8539
f 7836 	6571 	8519
f 8569 	8541 	8540
f 8505 	8523 	8535
f 8589 	8050 	3101
f 8459 	8542 	8469
f 8411 	8551 	8056
f 8541 	8506 	8501
f 3101 	8050 	2506
f 8527 	8041 	2097
f 7856 	7855 	8525
f 6796 	8518 	6800
f 8538 	8433 	8445
f 3536 	8469 	8542
f 8411 	8405 	8543
f 8534 	8537 	8403
f 8545 	8538 	7503
f 8525 	7855 	8535
f 8066 	2097 	8058
f 8518 	6796 	8546
f 8542 	8459 	8536
f 8593 	8544 	7988
f 8529 	8118 	8520
f 8529 	8520 	8534
f 8538 	8547 	8479
f 9786 	8442 	8513
f 8681 	8684 	8512
f 8543 	8551 	8411
f 8538 	8479 	8433
f 2097 	8066 	9406
f 8512 	8546 	8681
f 7988 	8305 	8620
f 8521 	8548 	8520
f 9406 	8066 	9200
f 8545 	8547 	8538
f 8560 	8521 	8520
f 7992 	8544 	8528
f 8550 	9786 	8513
f 8540 	7987 	8522
f 6796 	8775 	8546
f 8541 	8501 	7987
f 3111 	8056 	8551
f 8553 	8554 	8109
f 8549 	8512 	8684
f 7503 	2691 	8545
f 2793 	8553 	2774
f 8541 	7987 	8540
f 8543 	3105 	8551
f 8560 	8520 	8120
f 8547 	2691 	2608
f 8546 	8775 	8681
f 7758 	7891 	8552
f 8553 	2793 	8554
f 8547 	8545 	2691
f 8520 	8555 	8534
f 8505 	8535 	8552
f 8555 	8537 	8534
f 8508 	3483 	8438
f 8543 	8623 	3105
f 7708 	8292 	8031
f 8552 	8535 	7855
f 8512 	8549 	7836
f 8553 	8109 	8041
f 7855 	7812 	8552
f 8520 	8548 	8555
f 8292 	8034 	8031
f 8546 	8512 	8518
f 3378 	3483 	8508
f 3101 	3180 	8589
f 8549 	7860 	7836
f 3483 	8509 	8438
f 8446 	8448 	8558
f 8556 	8558 	8448
f 8558 	8504 	8446
f 3483 	3497 	8509
f 8557 	8562 	7909
f 8590 	8109 	8554
f 8458 	3484 	8456
f 8081 	2048 	8516
f 8549 	8025 	7860
f 8456 	3484 	3489
f 8017 	8081 	8516
f 8556 	8111 	8558
f 3458 	8258 	3489
f 8110 	8558 	8111
f 8258 	8456 	3489
f 8557 	8566 	8562
f 8521 	8563 	8548
f 8562 	8566 	8567
f 8522 	8565 	8540
f 3484 	8458 	8469
f 8120 	8568 	8560
f 3152 	3001 	8111
f 8589 	8702 	8492
f 8513 	8571 	8550
f 8563 	8521 	8570
f 8540 	8565 	8569
f 8570 	8521 	8560
f 8561 	2048 	8081
f 8510 	8509 	3497
f 8568 	8570 	8560
f 8567 	7924 	7918
f 8050 	8589 	8492
f 8562 	8567 	7918
f 8571 	8510 	3563
f 8561 	8112 	8238
f 3497 	3563 	8510
f 8081 	8112 	8561
f 8557 	8591 	8566
f 8259 	8561 	8238
f 8620 	8514 	8575
f 8571 	8513 	8510
f 8461 	8468 	8559
f 8259 	8261 	8561
f 8566 	8604 	8567
f 8041 	8527 	8553
f 8573 	8574 	8564
f 8563 	10030 	8548
f 8029 	8579 	7946
f 8580 	8573 	8564
f 10030 	10025 	8548
f 3536 	3484 	8469
f 8123 	8582 	8126
f 8769 	8524 	8768
f 8580 	8012 	8573
f 8536 	8578 	8542
f 7988 	8575 	8593
f 8290 	7770 	8150
f 8029 	8034 	8579
f 7988 	8620 	8575
f 8528 	8577 	8177
f 8565 	8918 	8860
f 8590 	8123 	8109
f 8585 	8647 	8592
f 8590 	8554 	8586
f 8578 	8587 	8542
f 8578 	3755 	3530
f 8591 	8557 	8266
f 8565 	8860 	8569
f 8582 	8590 	8586
f 8578 	3530 	8587
f 8590 	8582 	8123
f 8544 	8593 	8577
f 8542 	8587 	3536
f 8592 	8647 	8583
f 8577 	8528 	8544
f 8594 	8550 	8571
f 8591 	8643 	8566
f 8583 	8581 	8595
f 8577 	8593 	8575
f 8598 	3372 	3146
f 8595 	8592 	8583
f 8571 	8596 	8594
f 8582 	8586 	8295
f 8597 	10052 	8588
f 8580 	8564 	8600
f 3570 	3612 	8594
f 3612 	4311 	8594
f 6911 	8600 	8564
f 8588 	8493 	8597
f 8126 	8290 	8150
f 3557 	3536 	8587
f 8571 	3563 	8596
f 8580 	8600 	8609
f 3570 	8596 	3563
f 8594 	8596 	3570
f 8497 	8184 	8107
f 8610 	2882 	8612
f 8111 	8556 	3152
f 8752 	8611 	8750
f 8662 	7196 	7008
f 8759 	3152 	8616
f 8614 	2882 	8615
f 2877 	8621 	2882
f 8617 	8615 	2882
f 8098 	8101 	8708
f 8616 	8448 	8511
f 6911 	8609 	8600
f 8708 	8718 	8098
f 8580 	8609 	6554
f 2877 	8624 	8622
f 8623 	3275 	3277
f 8618 	8728 	8724
f 8625 	8620 	8281
f 8625 	8281 	8280
f 6463 	8609 	6911
f 8305 	8281 	8620
f 7826 	8630 	6565
f 8626 	2877 	8628
f 2877 	8629 	8628
f 8630 	8580 	6565
f 8623 	3277 	3283
f 8662 	8428 	8423
f 2983 	3275 	8623
f 3281 	8623 	3283
f 8618 	8563 	8570
f 8632 	2877 	8633
f 8110 	2983 	8623
f 6463 	6554 	8609
f 8584 	8618 	8570
f 8623 	8543 	8576
f 8570 	8127 	8584
f 8676 	6836 	8639
f 8639 	6836 	8642
f 8648 	8704 	8604
f 8638 	8625 	8280
f 8263 	8652 	8235
f 8558 	8110 	8623
f 8623 	3281 	3251
f 8638 	8701 	8625
f 8651 	6848 	8653
f 6818 	8774 	6796
f 8583 	8647 	8641
f 8654 	6848 	8655
f 8623 	8576 	8558
f 8648 	8643 	8591
f 8656 	8655 	6848
f 8616 	3152 	8556
f 2882 	8603 	6848
f 8652 	8263 	8663
f 8687 	279 	280
f 8235 	8652 	8231
f 8616 	8556 	8448
f 8659 	6848 	8661
f 8648 	8604 	8643
f 279 	8687 	1416
f 8664 	8675 	8660
f 3251 	3252 	8623
f 8662 	8599 	7196
f 8599 	8627 	8877
f 8660 	8638 	8664
f 8662 	8627 	8599
f 8662 	8559 	8627
f 8706 	8638 	8660
f 8280 	8248 	8664
f 3170 	8524 	8598
f 8627 	1415 	1406
f 8673 	8464 	8611
f 8627 	8820 	1415
f 1406 	8877 	8627
f 6836 	8676 	8674
f 8428 	8662 	6820
f 8652 	8703 	8231
f 8672 	8670 	6836
f 8670 	8669 	6836
f 8667 	6836 	8668
f 8669 	8668 	6836
f 8667 	8666 	6836
f 8665 	8637 	6836
f 2877 	6836 	8637
f 8666 	8665 	6836
f 8598 	8726 	3372
f 8637 	8636 	2877
f 8977 	6958 	6924
f 6820 	8662 	7008
f 8674 	8672 	6836
f 8524 	3170 	8768
f 8673 	8478 	8464
f 3170 	3146 	8768
f 8675 	8772 	8660
f 8658 	6848 	8659
f 8657 	6848 	8658
f 8657 	8656 	6848
f 8654 	8653 	6848
f 8651 	8650 	6848
f 8650 	8646 	6848
f 8646 	8644 	6848
f 6836 	6848 	8644
f 8644 	8642 	6836
f 8641 	8572 	8583
f 8564 	6924 	6867
f 8661 	6848 	8603
f 8678 	8673 	8778
f 8423 	8559 	8662
f 8638 	8280 	8664
f 8663 	8677 	8671
f 6911 	8564 	6867
f 8614 	8613 	2882
f 8613 	8612 	2882
f 8607 	2882 	8608
f 8610 	8608 	2882
f 8606 	2882 	8607
f 8602 	2882 	8606
f 8603 	2882 	8602
f 8598 	3146 	3170
f 8678 	8445 	8426
f 8636 	8635 	2877
f 8635 	8634 	2877
f 8634 	8633 	2877
f 2877 	8632 	8631
f 2877 	8631 	8629
f 8626 	8624 	2877
f 2877 	8622 	8621
f 8619 	2882 	8621
f 8617 	2882 	8619
f 8549 	8684 	8686
f 8707 	8663 	8671
f 8025 	8549 	8686
f 7151 	8687 	8187
f 9271 	8689 	8685
f 8703 	8652 	8663
f 8187 	8687 	8170
f 8730 	8723 	8686
f 7680 	7675 	8688
f 8673 	8678 	8426
f 8170 	8687 	8640
f 8690 	8691 	8692
f 8673 	8611 	8778
f 8690 	8692 	6851
f 8690 	6851 	7711
f 8686 	8684 	8730
f 8472 	8361 	8268
f 8673 	8426 	8478
f 1640 	8357 	8361
f 5690 	8693 	5689
f 8690 	5689 	8691
f 8691 	5689 	8693
f 1418 	1416 	8687
f 5697 	5689 	8690
f 8687 	1413 	1418
f 8679 	8694 	8677
f 10251 	1413 	8687
f 8695 	8689 	8683
f 8367 	1323 	1648
f 8730 	8684 	8681
f 286 	288 	8687
f 8687 	288 	289
f 8685 	8689 	8695
f 8726 	8524 	8532
f 294 	8687 	289
f 8604 	8566 	8643
f 8707 	8671 	8698
f 294 	341 	8687
f 7680 	8688 	8699
f 8694 	8698 	8671
f 8687 	280 	286
f 8701 	8620 	8625
f 341 	314 	8687
f 8514 	8620 	8701
f 8699 	8855 	7680
f 8638 	8721 	8701
f 8671 	8677 	8694
f 8711 	8855 	8699
f 8645 	8687 	314
f 8012 	8700 	8573
f 8649 	8640 	8687
f 8526 	7025 	8695
f 8574 	8573 	8700
f 8645 	8649 	8687
f 8059 	8557 	7909
f 8743 	8574 	8700
f 8699 	8712 	8711
f 8526 	8483 	7025
f 8709 	1643 	8682
f 8705 	8645 	314
f 314 	632 	8705
f 8710 	8419 	8704
f 8714 	3365 	3398
f 8704 	8715 	8710
f 8682 	8702 	8709
f 8716 	8731 	8649
f 8640 	8649 	8731
f 8595 	8581 	8592
f 8716 	8645 	8705
f 8013 	8700 	8012
f 3365 	8714 	8702
f 8645 	8716 	8649
f 8419 	8710 	8404
f 8728 	8703 	8707
f 8465 	8715 	8464
f 1646 	1643 	8709
f 8685 	7025 	7065
f 8703 	8618 	8584
f 8685 	8695 	7025
f 8702 	8714 	8709
f 8703 	8663 	8707
f 8705 	8708 	8716
f 8711 	8712 	8924
f 8464 	8715 	8717
f 1646 	8682 	1643
f 8715 	8704 	8717
f 8715 	8465 	8710
f 8714 	1646 	8709
f 8720 	8719 	8722
f 6505 	1646 	8714
f 8714 	3398 	6505
f 7924 	8725 	7748
f 8721 	8638 	8706
f 9072 	8721 	8706
f 8532 	8369 	8726
f 8727 	8723 	8025
f 588 	10281 	586
f 8725 	8388 	8404
f 8598 	8524 	8726
f 8129 	8718 	10279
f 8618 	8703 	8728
f 5728 	8719 	8720
f 8129 	8098 	8718
f 8698 	8694 	8732
f 8702 	8589 	3180
f 8727 	8025 	8686
f 8361 	8472 	8702
f 8722 	5728 	8720
f 8698 	8728 	8707
f 8725 	7765 	7748
f 8686 	8723 	8727
f 8101 	8731 	8708
f 8730 	9188 	8723
f 8731 	8716 	8708
f 8725 	7924 	8567
f 8723 	9188 	9210
f 10274 	10264 	8114
f 3241 	8688 	7675
f 3229 	8688 	3241
f 3241 	7675 	6847
f 2874 	3241 	6847
f 8464 	8717 	8611
f 8729 	8695 	8683
f 2883 	8736 	3306
f 9190 	8730 	8824
f 8604 	8704 	8419
f 8736 	8737 	3306
f 8526 	8695 	8729
f 8525 	8526 	8729
f 8693 	5690 	8737
f 8737 	5690 	6001
f 3306 	8737 	6001
f 8729 	7822 	7825
f 10044 	9991 	10059
f 9189 	9188 	8730
f 3306 	6001 	6003
f 8725 	8567 	8388
f 8729 	8790 	7914
f 4855 	8738 	3229
f 8388 	8567 	8604
f 8729 	7825 	7856
f 164 	3791 	3755
f 8688 	3229 	8738
f 77 	8724 	8728
f 8013 	8742 	8700
f 8525 	8729 	7856
f 8704 	8744 	8717
f 8765 	8712 	8699
f 8744 	8611 	8717
f 8552 	7891 	8745
f 8472 	8492 	8702
f 8699 	8738 	8765
f 8750 	8611 	8203
f 8682 	8361 	8702
f 4855 	8765 	8738
f 8552 	8745 	8463
f 8699 	8688 	8738
f 8728 	8698 	8732
f 8729 	7914 	7910
f 8743 	8742 	8746
f 8729 	7910 	7764
f 7764 	7763 	8729
f 8679 	8755 	8694
f 8726 	1648 	8751
f 8203 	8611 	8740
f 7763 	7822 	8729
f 8611 	8744 	8740
f 8369 	1648 	8726
f 8755 	9742 	9743
f 8756 	4893 	6045
f 8559 	8821 	8627
f 8751 	3379 	3372
f 8611 	8752 	8778
f 8694 	8755 	9743
f 3372 	8726 	8751
f 9159 	8734 	8739
f 8754 	8722 	8713
f 8719 	8713 	8722
f 8694 	9743 	8732
f 8780 	8781 	7208
f 8445 	8678 	8530
f 8700 	8742 	8743
f 8511 	8761 	8759
f 8732 	8762 	8733
f 8515 	8530 	8678
f 8757 	8754 	8756
f 8713 	4893 	8754
f 4902 	4893 	8713
f 8753 	7014 	9160
f 9743 	8762 	8732
f 8734 	8735 	8739
f 8211 	8750 	8203
f 8765 	8713 	8712
f 8572 	8641 	8763
f 8713 	8765 	4902
f 3444 	8759 	8768
f 8765 	4937 	4902
f 8769 	8768 	8759
f 8572 	8763 	8758
f 8766 	8750 	8211
f 8765 	4855 	4937
f 8266 	8257 	8770
f 8780 	8760 	8764
f 8770 	8704 	8648
f 41 	8786 	151
f 8764 	8767 	8780
f 8744 	8704 	8770
f 3190 	3450 	8768
f 60 	61 	9762
f 8591 	8266 	8770
f 8735 	8734 	8772
f 8762 	9762 	61
f 8754 	8757 	6048
f 8591 	8770 	8648
f 8772 	8773 	8735
f 8759 	8761 	8769
f 67 	8733 	8762
f 8257 	8740 	8770
f 8756 	6048 	8757
f 8740 	8744 	8770
f 8773 	8772 	8675
f 6048 	8756 	6045
f 8826 	8764 	7328
f 67 	68 	8733
f 6796 	8774 	8775
f 8732 	8733 	68
f 61 	67 	8762
f 4893 	6084 	6045
f 8824 	8775 	8774
f 8766 	8225 	8515
f 8732 	68 	77
f 8830 	8771 	8767
f 8515 	8678 	8778
f 8771 	8840 	8823
f 8745 	7891 	8777
f 8728 	8732 	77
f 8697 	8660 	8772
f 8696 	8697 	8772
f 458 	6180 	8816
f 8697 	8706 	8660
f 4750 	8782 	4580
f 8766 	8515 	8778
f 8784 	7208 	8783
f 8730 	8681 	8775
f 8511 	8785 	8761
f 8766 	8778 	8750
f 8824 	8730 	8775
f 8752 	8750 	8778
f 5530 	8776 	5539
f 8511 	8759 	8616
f 8785 	8511 	8451
f 8130 	8790 	8145
f 8781 	8783 	7208
f 8760 	7208 	7308
f 4914 	8813 	8776
f 8246 	8785 	8451
f 8246 	8309 	8785
f 8780 	8771 	8781
f 8309 	8769 	8785
f 8785 	8769 	8761
f 8339 	8532 	8769
f 8771 	8780 	8767
f 8789 	8575 	8514
f 8130 	7914 	8790
f 8788 	8564 	8574
f 8786 	222 	8787
f 8771 	8791 	8783
f 8564 	8788 	8779
f 8574 	8743 	8788
f 4971 	4959 	8861
f 8463 	8777 	8466
f 6924 	8564 	8779
f 8768 	3146 	3190
f 8745 	8777 	8463
f 8793 	8787 	222
f 8783 	8781 	8771
f 8792 	8783 	8791
f 8792 	8784 	8783
f 8791 	8771 	8823
f 8796 	8797 	8789
f 8798 	8774 	6818
f 8763 	8799 	8758
f 5802 	9191 	9128
f 8514 	8796 	8789
f 8798 	8802 	8774
f 8701 	8721 	8796
f 8796 	8514 	8701
f 8559 	8468 	8795
f 8992 	8802 	8798
f 8807 	8803 	8804
f 8792 	8801 	8784
f 8809 	8805 	5877
f 8816 	8813 	4914
f 8793 	8680 	9480
f 8810 	8758 	8799
f 8353 	8807 	8680
f 5857 	8809 	5877
f 8801 	8879 	8815
f 8819 	8809 	5857
f 8807 	8353 	8485
f 8820 	8627 	8821
f 4920 	8816 	4914
f 8814 	8182 	8183
f 8822 	8803 	8807
f 8814 	8183 	4481
f 8817 	9285 	8818
f 8819 	5857 	6535
f 8828 	8803 	8822
f 8992 	8798 	8981
f 8774 	8802 	8824
f 8485 	8822 	8807
f 8818 	9285 	8806
f 8825 	8813 	8816
f 5881 	8805 	9336
f 8860 	8601 	8828
f 8559 	8829 	8821
f 6208 	8825 	6202
f 8490 	8822 	8485
f 8541 	8860 	8828
f 8811 	8806 	9285
f 8828 	8506 	8541
f 8809 	9457 	8805
f 6180 	6166 	8825
f 8811 	9285 	9299
f 8767 	8764 	8831
f 8816 	6180 	8825
f 5835 	5881 	9336
f 8806 	8811 	9563
f 8490 	8828 	8822
f 8795 	8829 	8559
f 8812 	9007 	9000
f 9240 	8813 	9244
f 8828 	8601 	8803
f 9299 	8808 	8811
f 8826 	8830 	8831
f 4481 	8913 	4448
f 5953 	5965 	8832
f 8788 	9310 	8779
f 8826 	8831 	8764
f 5965 	5518 	8832
f 8767 	8831 	8830
f 8788 	8743 	9310
f 6632 	3780 	8833
f 8832 	8837 	5953
f 8840 	8771 	8830
f 5953 	8837 	8794
f 4527 	8888 	4515
f 8836 	8799 	8839
f 8834 	4515 	8888
f 8841 	7591 	8208
f 8171 	7591 	8841
f 4468 	4515 	8834
f 8839 	8835 	8836
f 5398 	5134 	8843
f 8799 	8763 	8839
f 8823 	8844 	8842
f 8763 	8641 	8839
f 8840 	8859 	8823
f 8824 	9287 	9190
f 8918 	8841 	8208
f 8821 	8829 	8846
f 8833 	3780 	5387
f 8955 	8829 	8795
f 8565 	8522 	8171
f 8821 	8846 	8820
f 4530 	4529 	9344
f 5387 	8854 	8849
f 8846 	8851 	8820
f 8830 	8826 	8747
f 8844 	8823 	8859
f 4556 	4530 	9344
f 5387 	8849 	8833
f 6919 	8880 	6912
f 8858 	8843 	8862
f 9310 	9308 	8845
f 8887 	6271 	6273
f 9310 	8845 	8779
f 8852 	8177 	8577
f 596 	8850 	8847
f 9064 	8183 	8182
f 9310 	8743 	8746
f 8852 	8867 	8186
f 4971 	8850 	596
f 7655 	8855 	7612
f 5173 	8856 	8854
f 8852 	7585 	8177
f 8186 	7585 	8852
f 8183 	9064 	8871
f 5955 	8887 	6009
f 8830 	8741 	8840
f 8826 	8748 	8747
f 7676 	7680 	8855
f 8843 	8858 	5413
f 7660 	7676 	8855
f 5413 	5398 	8843
f 8863 	8864 	8865
f 9879 	8844 	8859
f 8747 	8741 	8830
f 8758 	8810 	9316
f 8789 	8881 	8575
f 9253 	8865 	8864
f 8855 	8711 	8924
f 8864 	8863 	8966
f 8867 	8852 	8577
f 8838 	8864 	8966
f 5169 	5173 	8854
f 8868 	8855 	8924
f 8840 	8741 	8859
f 5387 	5169 	8854
f 8881 	8867 	8575
f 8868 	7648 	8855
f 8881 	8925 	8867
f 7633 	7648 	8868
f 8880 	6921 	6438
f 7611 	7633 	8868
f 8991 	8866 	8990
f 8867 	8577 	8575
f 8880 	6917 	6921
f 8880 	6919 	6917
f 8860 	8541 	8569
f 8833 	9289 	9101
f 8864 	8861 	9253
f 8924 	7611 	8868
f 8837 	8832 	8873
f 9101 	6866 	8833
f 8871 	8866 	4481
f 6818 	7611 	8878
f 6871 	6632 	8833
f 8798 	6818 	8878
f 8601 	8886 	8872
f 8832 	8914 	8873
f 8871 	4481 	8183
f 6667 	6882 	8843
f 8915 	8886 	8860
f 8843 	6882 	9282
f 8888 	8677 	8882
f 8860 	8886 	8601
f 8647 	8585 	8870
f 8929 	8980 	8878
f 8801 	8792 	8876
f 8867 	8925 	8186
f 8864 	8838 	8850
f 8843 	9282 	8862
f 8882 	8677 	8663
f 8878 	8874 	8929
f 8792 	8853 	8876
f 8260 	8256 	8834
f 8791 	8823 	8842
f 9107 	9086 	9092
f 9305 	8888 	4527
f 8861 	8864 	8850
f 8880 	6273 	6906
f 8861 	8850 	4971
f 6912 	8880 	6906
f 8882 	8263 	8260
f 8888 	8882 	8260
f 8834 	8888 	8260
f 8876 	8879 	8801
f 8884 	6263 	6287
f 8581 	9313 	8592
f 8882 	8663 	8263
f 8599 	8877 	9647
f 8898 	8815 	8879
f 8838 	6263 	8884
f 7196 	8599 	9647
f 8977 	7704 	6958
f 8850 	8838 	8884
f 8679 	8888 	9305
f 1425 	8890 	7206
f 8890 	1425 	8921
f 8791 	8842 	8792
f 8792 	8842 	8853
f 8977 	9110 	8891
f 8977 	8891 	8892
f 8889 	7747 	8892
f 8977 	8892 	7747
f 8892 	8900 	8889
f 8890 	8647 	8870
f 8891 	8900 	8892
f 7168 	8890 	8870
f 8971 	8896 	8886
f 8647 	8890 	8641
f 8977 	7747 	7716
f 8893 	8849 	8854
f 8887 	6273 	8880
f 8886 	8982 	8971
f 8872 	8886 	8896
f 5403 	8893 	8856
f 8897 	7208 	8784
f 8917 	7208 	8898
f 8925 	8881 	8789
f 5403 	8856 	5342
f 8815 	8898 	8897
f 8854 	8856 	8893
f 5995 	8963 	8903
f 8827 	4450 	8895
f 5995 	5525 	8963
f 8899 	8905 	8904
f 8900 	8891 	8901
f 8897 	8801 	8815
f 9647 	8877 	8902
f 8801 	8897 	8784
f 1441 	9647 	8902
f 8895 	9328 	8827
f 8908 	8909 	8911
f 8908 	8911 	8912
f 8895 	4450 	4448
f 1406 	1441 	8902
f 8909 	8908 	9044
f 7747 	8889 	8907
f 8914 	5524 	8903
f 8913 	8895 	4448
f 8565 	8171 	8841
f 8889 	8900 	8907
f 8902 	8877 	1406
f 8909 	9034 	8908
f 8910 	8898 	8954
f 8911 	9044 	8912
f 8886 	8915 	8979
f 5403 	5547 	8883
f 8870 	8585 	9350
f 8592 	9350 	8585
f 8914 	5518 	5524
f 8930 	888 	8917
f 8907 	8906 	7747
f 4481 	8866 	8913
f 8904 	8919 	8920
f 8895 	8913 	8869
f 8907 	8900 	7766
f 7771 	7766 	8900
f 8907 	7766 	8906
f 4882 	7771 	8900
f 8869 	8913 	8866
f 8926 	888 	884
f 8858 	8916 	5413
f 8565 	8841 	8918
f 3307 	5701 	7771
f 8862 	8916 	8858
f 8926 	8917 	888
f 8835 	8921 	1492
f 4882 	8900 	4884
f 8901 	4884 	8900
f 8918 	8915 	8860
f 8914 	8832 	5518
f 8917 	7151 	7208
f 1425 	1490 	8921
f 9006 	6067 	6030
f 8922 	8920 	8919
f 8893 	5403 	8894
f 8897 	8898 	7208
f 8883 	8894 	5403
f 8904 	8920 	8922
f 8921 	8835 	8839
f 8883 	9397 	8894
f 8890 	8921 	8641
f 8904 	8989 	8919
f 8904 	8905 	8989
f 8921 	8839 	8641
f 8904 	8922 	8899
f 8851 	1479 	1415
f 7151 	8917 	8926
f 1415 	8820 	8851
f 8925 	8188 	8191
f 1479 	8851 	1506
f 8930 	8917 	8931
f 8931 	8917 	8898
f 5344 	8916 	8932
f 8925 	8191 	8186
f 1506 	8851 	9014
f 8932 	5560 	5344
f 8910 	8931 	8898
f 8933 	8908 	8912
f 8933 	8912 	8934
f 8936 	8929 	8935
f 8933 	8922 	8908
f 8466 	8940 	8468
f 8933 	9059 	8908
f 8908 	8922 	8933
f 8930 	8910 	8938
f 9044 	8922 	8912
f 8930 	8931 	8910
f 8874 	8935 	8929
f 8924 	8935 	8874
f 8924 	8936 	8935
f 908 	8930 	8939
f 8850 	8884 	8847
f 8466 	7996 	8940
f 8874 	7611 	8924
f 7996 	8466 	8004
f 8938 	8939 	8930
f 8468 	8940 	8795
f 8891 	9110 	8943
f 1115 	8939 	1111
f 8941 	8905 	8899
f 1115 	1109 	8939
f 6047 	9365 	8975
f 8795 	8940 	8978
f 8939 	923 	908
f 9397 	8893 	8894
f 8949 	7635 	8951
f 8885 	8898 	8879
f 8963 	5525 	8942
f 8943 	8953 	8950
f 8947 	8949 	8951
f 8946 	8891 	8948
f 8901 	8891 	8946
f 8950 	8948 	8891
f 8950 	8891 	8943
f 8975 	8942 	6047
f 8790 	8023 	8145
f 6047 	5842 	9365
f 8023 	8790 	8729
f 8932 	9427 	8937
f 8947 	8952 	8949
f 6047 	8942 	6037
f 8954 	8938 	8910
f 8932 	8916 	9427
f 8942 	5546 	6037
f 8188 	8925 	8962
f 8955 	8795 	8978
f 9427 	9431 	8937
f 8944 	8962 	8945
f 8922 	8933 	8934
f 9044 	8908 	8922
f 8956 	8962 	8944
f 8944 	9985 	8956
f 1070 	8974 	1050
f 8934 	8912 	8922
f 6735 	6866 	8959
f 8956 	8197 	8188
f 8922 	9059 	8933
f 8942 	8975 	8963
f 8712 	8936 	8924
f 8965 	8810 	8964
f 8957 	7649 	8958
f 8929 	8936 	8719
f 8713 	8719 	8936
f 9016 	8969 	8959
f 6735 	8959 	6753
f 8712 	8713 	8936
f 8966 	6263 	8838
f 8958 	7649 	7659
f 8962 	8956 	8188
f 8951 	7649 	8957
f 6753 	8959 	8967
f 8799 	8964 	8810
f 8951 	8957 	8947
f 1024 	8974 	884
f 8967 	8959 	8969
f 1024 	1050 	8974
f 9016 	9003 	8969
f 4922 	8946 	8948
f 8955 	8978 	9004
f 9070 	8960 	8961
f 4925 	4922 	8950
f 9059 	8922 	8966
f 8948 	8950 	4922
f 6926 	6753 	8967
f 8976 	8960 	8974
f 9055 	6076 	8953
f 8922 	9002 	8966
f 8969 	8968 	9111
f 8967 	8969 	9111
f 8779 	8845 	8977
f 8004 	8466 	8777
f 7999 	8004 	8777
f 8873 	8914 	8903
f 7716 	7704 	8977
f 7996 	8030 	8978
f 8979 	8918 	8208
f 8949 	7637 	7635
f 8779 	8977 	6924
f 9068 	8978 	8030
f 8213 	8979 	8208
f 7637 	8949 	9064
f 8213 	8215 	8979
f 9092 	9038 	8975
f 8972 	8971 	8982
f 8980 	8981 	8878
f 8955 	9004 	9018
f 7637 	9064 	7553
f 8982 	8985 	8972
f 8975 	9402 	8987
f 8985 	10050 	8972
f 8878 	8981 	8798
f 8988 	8975 	8987
f 6819 	8986 	7691
f 8215 	8982 	8979
f 8215 	8222 	8985
f 8997 	9032 	8983
f 8970 	8997 	8983
f 8984 	8983 	9032
f 10050 	8985 	8222
f 8983 	9158 	8970
f 8983 	8984 	9161
f 8974 	1070 	8976
f 8984 	8986 	9163
f 8964 	8994 	8965
f 8905 	6323 	8989
f 8985 	8982 	8215
f 8992 	8812 	8802
f 8986 	6819 	9167
f 8810 	8965 	8994
f 8993 	8991 	8990
f 6323 	6226 	9002
f 9163 	8986 	9167
f 8976 	1070 	1113
f 8952 	8993 	8990
f 8976 	1113 	9009
f 6075 	9005 	8928
f 6323 	9002 	8989
f 9161 	8984 	9163
f 9009 	9089 	8960
f 8905 	8941 	6323
f 8848 	8977 	8845
f 6075 	6072 	9005
f 8993 	8998 	8995
f 8962 	8925 	8789
f 8812 	9000 	9001
f 8976 	9009 	8960
f 8993 	9010 	8998
f 6288 	8966 	9002
f 8926 	884 	8974
f 8962 	8789 	8945
f 8687 	7151 	8974
f 9003 	8999 	8968
f 9002 	6220 	6288
f 8974 	9070 	8687
f 9093 	9623 	9007
f 8989 	8922 	8919
f 8989 	9002 	8922
f 7151 	8926 	8974
f 9623 	9000 	9007
f 8996 	6011 	9052
f 8968 	8969 	9003
f 8973 	8968 	8999
f 8993 	8952 	8947
f 6011 	8996 	6030
f 8973 	8999 	8997
f 8997 	8970 	8973
f 8947 	8957 	9010
f 8941 	8899 	9079
f 9068 	9075 	8978
f 8928 	9005 	8927
f 9015 	9027 	8909
f 8909 	9028 	8911
f 9016 	9214 	9003
f 8947 	9010 	8993
f 9044 	9015 	8909
f 10156 	8938 	8954
f 8922 	8908 	9034
f 9015 	9034 	8909
f 8945 	8789 	8797
f 8846 	9014 	8851
f 8848 	9011 	9103
f 9028 	9042 	9044
f 9028 	9044 	8911
f 9016 	9012 	9214
f 8955 	9018 	9019
f 8899 	8922 	9034
f 8955 	9019 	9014
f 8972 	9022 	8971
f 1113 	1111 	8939
f 8909 	8908 	9059
f 9015 	8909 	9059
f 9024 	9021 	8995
f 9023 	9022 	8972
f 6030 	8996 	9006
f 9016 	8959 	9012
f 9005 	6067 	9006
f 8995 	8998 	9024
f 8955 	8846 	8829
f 8896 	8971 	9008
f 8955 	9014 	8846
f 9028 	8909 	9027
f 9010 	8957 	9017
f 9015 	9044 	9027
f 8957 	8958 	9017
f 8971 	9022 	9008
f 8959 	9020 	9013
f 9013 	9012 	8959
f 8812 	9026 	9007
f 9010 	9030 	8998
f 9027 	9015 	9059
f 8992 	9026 	8812
f 8998 	9030 	9024
f 9022 	9023 	9485
f 9052 	6011 	6009
f 9034 	9015 	9027
f 9485 	9008 	9022
f 8980 	9026 	8981
f 8938 	10156 	10179
f 9018 	9095 	9019
f 9052 	6009 	8887
f 8980 	8929 	9026
f 8966 	8863 	9059
f 9010 	9017 	9030
f 8981 	9026 	8992
f 9109 	9095 	9018
f 9005 	5981 	6067
f 9023 	10078 	9029
f 9005 	6072 	5981
f 1113 	8939 	10179
f 9037 	9053 	8964
f 8875 	8873 	9038
f 8873 	8963 	8975
f 8964 	8836 	9037
f 9042 	9043 	9044
f 9038 	8873 	8975
f 9029 	10090 	9033
f 9036 	9047 	9255
f 9042 	9028 	9043
f 9027 	9043 	9028
f 9046 	9048 	9045
f 9044 	9043 	9027
f 8944 	8945 	8818
f 8903 	8963 	8873
f 8994 	9053 	9114
f 8964 	8799 	8836
f 8818 	8806 	8944
f 9092 	8875 	9038
f 9027 	9059 	9043
f 9034 	9043 	9044
f 9034 	9044 	9041
f 8817 	8818 	8945
f 9030 	9017 	9035
f 1492 	9037 	8835
f 9043 	9034 	9027
f 7622 	8493 	9035
f 9025 	9026 	5728
f 8836 	8835 	9037
f 8975 	9118 	9092
f 8958 	9035 	9017
f 8945 	8797 	8817
f 9035 	8958 	7659
f 9031 	8984 	9032
f 9296 	9051 	8959
f 7659 	7623 	9035
f 9043 	9059 	9044
f 8887 	9050 	9052
f 8994 	8964 	9053
f 7623 	7622 	9035
f 9296 	9090 	9051
f 8953 	8943 	9054
f 9110 	9054 	8943
f 9050 	8996 	9052
f 8915 	8918 	8979
f 9020 	8959 	9063
f 8953 	9054 	9055
f 8886 	8979 	8982
f 9053 	2101 	9114
f 9057 	9055 	9054
f 9144 	8994 	9114
f 2071 	9014 	9019
f 8975 	8988 	9118
f 9054 	9062 	9057
f 9039 	9040 	9070
f 9048 	9062 	9045
f 9054 	9045 	9062
f 9049 	9039 	9070
f 9051 	9063 	8959
f 9049 	9070 	9056
f 9005 	9006 	9065
f 9064 	8866 	8871
f 9226 	8023 	8729
f 9065 	8927 	9005
f 8949 	8952 	9064
f 9065 	9074 	9424
f 8990 	8866 	9064
f 9424 	8927 	9065
f 8990 	9064 	8952
f 9067 	9034 	9041
f 9050 	9065 	9006
f 9069 	9061 	9849
f 9051 	9849 	9060
f 9006 	8996 	9050
f 9070 	8961 	9056
f 8772 	9108 	8696
f 9067 	9041 	9044
f 9064 	8499 	7553
f 9067 	9044 	9059
f 9073 	9074 	9065
f 9059 	9071 	9067
f 8697 	8696 	9072
f 9065 	9145 	9073
f 9066 	9069 	9849
f 8960 	9070 	8974
f 8978 	9075 	9004
f 8706 	8697 	9072
f 9099 	9109 	9081
f 5728 	5767 	9025
f 9072 	8796 	8721
f 9062 	9085 	9057
f 9062 	9048 	9085
f 9046 	9085 	9048
f 9057 	9085 	9055
f 8961 	8960 	9089
f 9077 	9063 	9051
f 9026 	8929 	8719
f 9072 	8797 	8796
f 9078 	9079 	9067
f 8719 	5728 	9026
f 9100 	8961 	9089
f 9004 	9075 	5508
f 8837 	8873 	8794
f 9086 	8794 	8875
f 9077 	9051 	9076
f 9104 	8961 	9100
f 9054 	9116 	5747
f 9086 	7016 	8794
f 4901 	5517 	9082
f 6978 	6979 	8794
f 9081 	4901 	9082
f 9061 	9060 	9849
f 9060 	9076 	9051
f 9104 	9049 	9056
f 9109 	9004 	9081
f 5747 	9085 	9045
f 9046 	9045 	9085
f 8817 	8797 	9072
f 9034 	9067 	9079
f 9082 	5517 	5493
f 9067 	9071 	9078
f 5747 	9045 	9054
f 9090 	9094 	9051
f 9072 	9084 	8817
f 5508 	9081 	9004
f 9113 	9112 	9084
f 9079 	8899 	9034
f 8953 	6076 	8950
f 9113 	9108 	9112
f 8986 	8984 	9031
f 7691 	8986 	9031
f 7691 	9031 	9047
f 9849 	9852 	9036
f 9036 	9066 	9849
f 9036 	9852 	9047
f 9297 	9084 	9112
f 8995 	9148 	9088
f 9068 	8247 	9075
f 9007 	9026 	9093
f 9040 	9091 	9087
f 9113 	9084 	9072
f 9068 	8030 	8247
f 9026 	9025 	9093
f 8247 	8286 	9075
f 9297 	9112 	9298
f 9123 	9298 	9112
f 9025 	5767 	5770
f 8286 	5508 	9075
f 8875 	9092 	9086
f 8875 	8794 	8873
f 9039 	9091 	9040
f 8941 	9079 	8857
f 9093 	9025 	5770
f 9080 	9083 	9088
f 9079 	9078 	9071
f 9098 	9099 	9081
f 9102 	9083 	8991
f 9102 	8991 	8993
f 9296 	8959 	9101
f 8863 	8865 	9059
f 9101 	9289 	9296
f 9059 	8865 	9258
f 9083 	8866 	8991
f 9106 	9107 	9105
f 9089 	10179 	9100
f 6871 	8833 	6866
f 9082 	9098 	9081
f 9083 	8869 	8866
f 9318 	9059 	9290
f 9083 	8895 	8869
f 9109 	9018 	9004
f 9318 	9301 	9059
f 9097 	9260 	9105
f 9103 	8977 	8848
f 8995 	9102 	8993
f 9115 	9091 	9039
f 8995 	9088 	9102
f 9106 	9086 	9107
f 9110 	9116 	9054
f 9102 	9088 	9083
f 8968 	8973 	9126
f 9115 	9039 	9049
f 9113 	8696 	9108
f 9123 	9112 	9108
f 9103 	9110 	8977
f 9116 	9110 	9103
f 9079 	9117 	8857
f 9116 	9103 	5785
f 9035 	9252 	9030
f 8973 	9134 	9126
f 9104 	9115 	9049
f 9116 	5785 	5787
f 9079 	9071 	9117
f 8973 	8970 	9129
f 5787 	5747 	9116
f 9113 	9072 	8696
f 8734 	9108 	8772
f 9120 	5613 	9119
f 9121 	9122 	9520
f 9123 	9108 	9058
f 9124 	9119 	9122
f 9119 	9557 	9122
f 9520 	9122 	9557
f 2083 	9109 	9099
f 9557 	9119 	5613
f 9125 	5610 	9120
f 9082 	5493 	9098
f 9056 	8961 	9104
f 6208 	5802 	9128
f 9133 	9131 	9127
f 2083 	9099 	9202
f 9096 	9130 	8787
f 9118 	9105 	9107
f 9118 	9107 	9092
f 9128 	9132 	8825
f 5494 	9202 	9099
f 9035 	9264 	9252
f 5494 	9099 	9098
f 9021 	9205 	8995
f 9135 	5615 	9127
f 9205 	9148 	8995
f 9128 	9177 	9132
f 8973 	9129 	9134
f 9104 	9100 	10179
f 8825 	9132 	8813
f 5615 	9135 	9137
f 5568 	5550 	9136
f 9096 	9307 	9333
f 9133 	9267 	9131
f 9284 	9272 	9065
f 9096 	9333 	9130
f 6208 	9128 	8825
f 9136 	9138 	5568
f 9134 	9129 	6890
f 9139 	9080 	9088
f 9138 	5559 	5568
f 9115 	9104 	10179
f 9126 	9134 	6890
f 5559 	9138 	9141
f 9009 	1113 	10179
f 9127 	9140 	9154
f 6909 	9111 	6910
f 9140 	9127 	9131
f 6909 	6920 	9111
f 8810 	8994 	9144
f 9139 	9088 	9155
f 9009 	10179 	9089
f 6920 	6926 	9111
f 9166 	9527 	9143
f 9527 	8437 	9143
f 9143 	9131 	9166
f 9272 	9309 	9065
f 6926 	8967 	9111
f 9131 	9143 	9140
f 9309 	9145 	9065
f 9151 	9152 	9120
f 9151 	9120 	9119
f 9126 	9111 	8968
f 8857 	9142 	9147
f 8787 	9480 	9096
f 9140 	9153 	9154
f 9153 	9152 	9154
f 9152 	9151 	9154
f 9156 	9154 	9151
f 9169 	9171 	5041
f 9127 	9154 	9135
f 9157 	9155 	9088
f 9138 	9136 	9141
f 9156 	9137 	9135
f 9156 	9135 	9154
f 9114 	9164 	9144
f 9124 	9156 	9151
f 9124 	9151 	9119
f 9136 	9164 	9146
f 9159 	8749 	9160
f 9158 	8983 	9161
f 9171 	9136 	5550
f 9157 	9165 	9155
f 9798 	8749 	9159
f 9122 	9121 	9166
f 9124 	9122 	9156
f 9198 	8782 	8800
f 5041 	9413 	9169
f 6323 	9168 	6238
f 9798 	9159 	8739
f 9167 	6819 	6952
f 9122 	9166 	9137
f 9131 	9137 	9166
f 9158 	9129 	8970
f 9136 	9171 	9169
f 9306 	9265 	9215
f 9216 	9306 	9215
f 9122 	9137 	9156
f 9108 	8734 	9159
f 9136 	9169 	9164
f 9149 	9170 	9265
f 9170 	9215 	9265
f 6930 	9163 	9167
f 9120 	9152 	9153
f 9120 	9153 	9125
f 9164 	9169 	9144
f 9164 	9114 	9146
f 9153 	5611 	9125
f 9173 	8336 	9172
f 9118 	9162 	9213
f 9159 	9058 	9108
f 9146 	9141 	9136
f 9167 	6952 	6930
f 9155 	9165 	9139
f 6930 	9161 	9163
f 9187 	9133 	9186
f 9037 	1492 	2101
f 5615 	8074 	9127
f 6890 	9158 	9161
f 205 	151 	9239
f 8336 	9173 	9150
f 2103 	2102 	9175
f 9173 	9176 	9150
f 6890 	9129 	9158
f 9127 	8074 	9133
f 9088 	9148 	9157
f 2102 	9114 	9175
f 2110 	2103 	9175
f 8786 	9239 	151
f 9140 	8154 	5116
f 8276 	8336 	9150
f 8753 	9160 	8749
f 8155 	9143 	8437
f 9176 	9149 	9150
f 9114 	2101 	9175
f 6882 	6998 	9282
f 9157 	9178 	9165
f 9170 	9149 	9176
f 9037 	2101 	9053
f 5611 	9153 	5116
f 8175 	5116 	8154
f 9179 	9185 	9159
f 9170 	9176 	9173
f 8073 	9174 	8068
f 9133 	8068 	9174
f 2110 	9175 	2101
f 8941 	9147 	9168
f 8154 	9143 	8155
f 9179 	9159 	9160
f 9205 	9157 	9148
f 8283 	9210 	8073
f 6323 	8941 	9168
f 2071 	1506 	9014
f 8999 	9195 	8997
f 9174 	9186 	9133
f 9095 	2071 	9019
f 9174 	8073 	9210
f 9210 	9188 	9174
f 9186 	9174 	9189
f 9201 	9178 	9157
f 9147 	8941 	8857
f 9191 	9177 	9128
f 9173 	9183 	9170
f 9190 	9187 	9186
f 9190 	9186 	8730
f 9179 	7247 	9185
f 9095 	2095 	2071
f 8730 	9186 	9189
f 9191 	8001 	9177
f 9223 	9211 	9133
f 9187 	9209 	9133
f 9582 	9192 	9589
f 9194 	9195 	8999
f 9191 	6529 	6530
f 9181 	9197 	9172
f 9194 	8999 	9003
f 9196 	9146 	2102
f 5802 	6529 	9191
f 8001 	9191 	6530
f 9114 	2102 	9146
f 8723 	9210 	8283
f 2174 	2165 	5706
f 9208 	8997 	9195
f 8283 	8025 	8723
f 8285 	8025 	8283
f 9199 	9183 	9173
f 9003 	9184 	9194
f 9145 	9192 	9582
f 7363 	9193 	7243
f 9423 	9170 	9183
f 9165 	9198 	8800
f 9199 	9173 	9172
f 9193 	9185 	7243
f 5706 	9196 	2174
f 9165 	8800 	9139
f 5706 	9141 	9196
f 9194 	9222 	9195
f 5706 	5559 	9141
f 9197 	9199 	9172
f 9200 	9147 	9142
f 9184 	9222 	9194
f 9146 	9196 	9141
f 9183 	9199 	9426
f 9058 	9193 	9203
f 5494 	5675 	9202
f 9058 	9203 	9246
f 9222 	9266 	9180
f 9205 	9206 	9157
f 2158 	2140 	9202
f 9147 	9200 	6557
f 9208 	9180 	8997
f 4651 	9201 	5424
f 9190 	9209 	9187
f 9147 	6557 	9168
f 9203 	9193 	9246
f 9188 	9189 	9174
f 9185 	9193 	9058
f 9095 	9109 	2083
f 9185 	9058 	9159
f 9095 	2083 	2095
f 9012 	9013 	9212
f 5539 	8776 	9240
f 9223 	9133 	9209
f 8776 	8813 	9240
f 9118 	9213 	9204
f 9184 	9003 	9214
f 9202 	2140 	2156
f 9211 	9209 	9190
f 9217 	9337 	9216
f 9218 	9337 	9217
f 9219 	9351 	9218
f 8276 	9150 	8387
f 9150 	9149 	8387
f 9214 	9012 	9212
f 9217 	9221 	9218
f 9179 	9160 	7012
f 9212 	9013 	9222
f 9221 	9219 	9218
f 9020 	9222 	9013
f 4959 	5557 	8861
f 9211 	9223 	9209
f 5424 	9201 	9206
f 5557 	6286 	8861
f 9222 	9214 	9212
f 9204 	9224 	9097
f 8212 	9226 	8390
f 8746 	8742 	9228
f 9184 	9214 	9222
f 9118 	9204 	9105
f 8390 	9226 	9227
f 9228 	8742 	8013
f 9213 	9162 	9182
f 8390 	9227 	9229
f 9201 	9157 	9206
f 9105 	9204 	9097
f 9228 	8462 	8460
f 9177 	9230 	1134
f 8347 	8462 	9228
f 9230 	9177 	8001
f 8390 	9229 	8360
f 7095 	8887 	8880
f 9493 	9220 	9219
f 9222 	9180 	9208
f 8880 	6438 	7095
f 9208 	9195 	9222
f 8887 	9235 	9050
f 9234 	8747 	8748
f 8782 	9198 	4610
f 9232 	8360 	9229
f 9222 	9256 	9255
f 9232 	9229 	9247
f 4610 	9165 	9178
f 9231 	9228 	8460
f 205 	9233 	1002
f 9242 	9232 	9247
f 8748 	9236 	9234
f 9233 	9225 	1002
f 9178 	4613 	4610
f 1504 	9244 	9132
f 9222 	9277 	9256
f 9130 	9333 	9239
f 9234 	9332 	8747
f 4610 	9198 	9165
f 9233 	205 	9239
f 9226 	8212 	8023
f 9238 	9249 	9231
f 9222 	9020 	9241
f 8782 	4610 	4580
f 9130 	8786 	8787
f 6347 	9242 	9243
f 9222 	9241 	9317
f 9235 	7095 	9237
f 8786 	9130 	9239
f 7095 	9235 	8887
f 9031 	9262 	9259
f 9244 	1504 	9240
f 4651 	9178 	9201
f 9262 	9031 	9032
f 9123 	9058 	9246
f 9237 	9272 	9235
f 8044 	9228 	8013
f 8997 	9266 	9032
f 9231 	8746 	9228
f 9231 	9249 	8746
f 9272 	9237 	7138
f 9247 	9243 	9242
f 9251 	9253 	9248
f 9256 	9277 	9036
f 125 	328 	9264
f 9249 	9238 	9308
f 9036 	9255 	9256
f 9249 	9308 	9310
f 133 	8605 	136
f 6331 	9242 	6360
f 9245 	9255 	9047
f 9258 	9251 	9248
f 9031 	9245 	9047
f 9257 	7387 	9250
f 133 	9274 	8605
f 9097 	9224 	9804
f 9229 	9227 	9247
f 9266 	8997 	9180
f 9227 	9226 	9466
f 9248 	9290 	9258
f 9222 	9255 	9245
f 9466 	9247 	9227
f 9345 	9131 	9267
f 328 	9252 	9264
f 9032 	9266 	9262
f 9211 	9267 	9133
f 9268 	9269 	9270
f 9253 	9251 	8865
f 9300 	9345 	9190
f 9211 	9190 	9267
f 133 	125 	9274
f 8865 	9251 	9258
f 9414 	9137 	9361
f 9353 	9131 	9345
f 9260 	9106 	9105
f 9274 	125 	9264
f 9131 	9354 	9137
f 9262 	9266 	9222
f 9262 	9222 	9259
f 7387 	10163 	9250
f 9274 	9264 	9035
f 9245 	9031 	9259
f 9270 	9288 	9268
f 9414 	9394 	9137
f 8588 	9035 	8493
f 9259 	9222 	9245
f 9325 	9234 	9269
f 7138 	7144 	9272
f 9276 	8824 	8802
f 6138 	1573 	9254
f 9276 	9287 	8824
f 8588 	8605 	9035
f 9280 	9272 	7144
f 9254 	6286 	6138
f 9271 	9261 	9316
f 9274 	9035 	8605
f 8812 	9276 	8802
f 9279 	9294 	9280
f 9263 	9261 	9273
f 8812 	9001 	9276
f 8861 	9254 	9248
f 9269 	9234 	9236
f 8861 	9248 	9253
f 9371 	8862 	9282
f 9263 	9278 	9291
f 9346 	9276 	9361
f 9284 	9065 	9050
f 9281 	9278 	9263
f 9254 	8861 	6286
f 9273 	9281 	9263
f 4570 	9340 	9286
f 9235 	9284 	9050
f 9273 	9261 	9271
f 9283 	7330 	7276
f 9285 	8817 	9084
f 9286 	4529 	4570
f 8893 	9370 	9289
f 8581 	8583 	9263
f 8849 	8893 	9289
f 9285 	9084 	9297
f 9288 	9293 	9283
f 9289 	8833 	8849
f 9288 	9270 	9293
f 9261 	8758 	9316
f 9346 	9300 	9276
f 9071 	9059 	9295
f 7311 	7325 	9278
f 9281 	7311 	9278
f 9297 	9298 	9285
f 9269 	9293 	9270
f 9294 	9882 	9292
f 9350 	9291 	9278
f 9911 	9882 	9294
f 9299 	9285 	9298
f 9294 	9880 	9911
f 9341 	9142 	8857
f 9287 	9276 	9300
f 9301 	9295 	9059
f 7313 	9281 	9273
f 9283 	8826 	7330
f 8916 	8862 	9371
f 8572 	9261 	9263
f 9302 	9292 	9304
f 8685 	7065 	7313
f 9273 	8685 	7313
f 9368 	9123 	9303
f 9305 	4527 	4556
f 9288 	9306 	9268
f 9348 	9347 	9077
f 8685 	9273 	9271
f 9341 	8857 	9295
f 9334 	9060 	9061
f 9190 	9287 	9300
f 9318 	9295 	9301
f 9300 	9346 	9354
f 9368 	9374 	9299
f 9298 	9368 	9299
f 9305 	4556 	9311
f 9267 	9190 	9345
f 9353 	9345 	9300
f 9261 	8572 	8758
f 9265 	9306 	9288
f 9354 	9353 	9300
f 9235 	9272 	9284
f 9347 	9063 	9077
f 9281 	7317 	7311
f 9350 	8592 	9313
f 9295 	8857 	9117
f 9288 	9283 	9265
f 9309 	9272 	9280
f 8888 	8679 	8677
f 9290 	9059 	9258
f 8581 	9263 	9313
f 9312 	9334 	9061
f 8583 	8572 	9263
f 9309 	9280 	9294
f 9312 	9061 	9314
f 9293 	9269 	9236
f 9061 	9069 	9314
f 9263 	9291 	9313
f 9071 	9295 	9117
f 8826 	9283 	8748
f 9291 	9350 	9313
f 9302 	9192 	9309
f 9333 	9307 	9326
f 9066 	9314 	9069
f 9283 	9293 	9236
f 9317 	9314 	9066
f 9295 	9318 	9315
f 9309 	9192 	9145
f 9283 	9236 	8748
f 9309 	9292 	9302
f 9292 	9309 	9294
f 9306 	9337 	9268
f 9265 	8387 	9149
f 9334 	9076 	9060
f 9308 	9421 	8845
f 9324 	8683 	8689
f 8683 	9327 	8729
f 9323 	9076 	9334
f 9328 	8895 	9500
f 9234 	9325 	9332
f 1630 	9318 	9290
f 9325 	9269 	9268
f 9323 	9312 	9314
f 9327 	8683 	9324
f 9331 	1652 	1631
f 9327 	9324 	9321
f 9330 	6086 	9424
f 9254 	9331 	1631
f 9271 	9324 	8689
f 9271 	9335 	9324
f 6123 	6090 	9330
f 9344 	9375 	9311
f 9316 	9335 	9271
f 1631 	9248 	9254
f 9323 	9334 	9312
f 9327 	9321 	9319
f 9239 	9333 	9233
f 9290 	9248 	1631
f 9337 	9325 	9268
f 1630 	9290 	1631
f 8746 	9249 	9310
f 9323 	9314 	9317
f 9337 	9332 	9325
f 9327 	9319 	8729
f 9321 	9324 	9335
f 9331 	9254 	1573
f 9322 	9321 	9335
f 9402 	9336 	8805
f 9333 	9339 	9233
f 9402 	8975 	9336
f 9341 	9362 	9352
f 9315 	9341 	9295
f 9335 	9316 	9342
f 9343 	9066 	9036
f 9337 	9218 	9351
f 9036 	9277 	9343
f 9317 	9066 	9343
f 9320 	9333 	9326
f 9342 	9322 	9335
f 9343 	9277 	9222
f 9306 	9216 	9337
f 9220 	9351 	9219
f 6087 	6086 	9330
f 9330 	9424 	9373
f 9343 	9222 	9317
f 6087 	9330 	6090
f 9346 	9359 	9354
f 8810 	9342 	9316
f 9241 	9020 	9347
f 9359 	9346 	9361
f 9020 	9063 	9347
f 9381 	9339 	9320
f 9351 	9332 	9337
f 9311 	4556 	9344
f 6086 	9329 	9424
f 9348 	9076 	9323
f 9359 	9137 	9354
f 9354 	9131 	9353
f 9348 	9077 	9076
f 9349 	8741 	9332
f 9347 	9348 	9317
f 1589 	1538 	9352
f 9357 	9349 	9332
f 9246 	9400 	9303
f 9348 	9323 	9317
f 9351 	9357 	9332
f 1596 	1589 	9352
f 9400 	9374 	9303
f 9361 	9137 	9359
f 9356 	9350 	9355
f 9317 	9241 	9347
f 8741 	8747 	9332
f 9344 	9364 	9375
f 9123 	9246 	9303
f 9409 	9350 	9358
f 9409 	9358 	9363
f 9357 	9366 	9349
f 1637 	9318 	1630
f 9286 	9364 	9344
f 9360 	9355 	9350
f 9356 	9358 	9350
f 9362 	9341 	9315
f 6086 	8928 	9329
f 9351 	9377 	9357
f 9340 	9338 	9364
f 8927 	9329 	8928
f 9409 	9363 	9367
f 9409 	9367 	7576
f 7579 	9409 	7576
f 9340 	9364 	9286
f 9123 	9368 	9298
f 9296 	9289 	9370
f 9362 	1596 	9352
f 9365 	9336 	8975
f 9296 	9370 	9090
f 9320 	9339 	9333
f 5835 	9336 	9365
f 1596 	9362 	9315
f 9365 	5794 	5835
f 9340 	9512 	9338
f 1637 	1596 	9315
f 9305 	9311 	9372
f 9318 	1637 	9315
f 9308 	9238 	9369
f 9393 	9367 	9363
f 8679 	9305 	9372
f 9372 	9311 	9375
f 9358 	9393 	9363
f 8808 	9299 	9374
f 9433 	9373 	9424
f 9303 	9374 	9368
f 9244 	8813 	9132
f 9357 	9378 	9366
f 9282 	6998 	9376
f 9380 	9382 	9378
f 9132 	1134 	1504
f 9377 	9378 	9357
f 9409 	9407 	9350
f 9377 	9380 	9378
f 9376 	9386 	9282
f 9320 	9389 	9381
f 9371 	9282 	9386
f 9326 	9033 	9389
f 9406 	9200 	9142
f 9388 	9393 	9407
f 7733 	9388 	9407
f 9326 	9389 	9320
f 9383 	9390 	9392
f 1134 	9132 	9177
f 9387 	7643 	8870
f 8870 	7643 	7646
f 7168 	8870 	7644
f 9390 	9375 	9392
f 9391 	9385 	9407
f 8870 	9407 	9385
f 9385 	9387 	8870
f 9393 	9391 	9407
f 9407 	8870 	9350
f 9142 	9384 	9406
f 9387 	9385 	9355
f 9398 	9375 	9412
f 9352 	9384 	9142
f 9385 	9356 	9355
f 8893 	9397 	9399
f 10200 	9381 	9389
f 9375 	9398 	9392
f 9142 	9341 	9352
f 7733 	7576 	9367
f 9367 	9388 	7733
f 9414 	9276 	9394
f 9385 	9391 	9358
f 9392 	9398 	9412
f 9380 	9377 	9695
f 9220 	9701 	9377
f 9220 	9377 	9351
f 9356 	9385 	9358
f 9193 	9400 	9246
f 8507 	1982 	9230
f 9701 	9695 	9377
f 8883 	9401 	9397
f 9387 	9355 	9360
f 9393 	9388 	9367
f 8507 	9230 	8001
f 1982 	1134 	9230
f 9402 	9403 	8988
f 5615 	9137 	9404
f 9742 	9372 	9375
f 9360 	7643 	9387
f 9402 	9396 	9403
f 7352 	7329 	9400
f 9358 	9391 	9393
f 9701 	9523 	9729
f 1991 	1998 	9406
f 9394 	9395 	9404
f 9250 	9374 	9400
f 8987 	9402 	8988
f 9250 	9400 	9257
f 9457 	9402 	8805
f 9397 	9401 	9405
f 1991 	9406 	9384
f 7329 	9257 	9400
f 9422 	9397 	9405
f 9364 	9338 	9412
f 9408 	8442 	9410
f 9394 	9404 	9137
f 9412 	9375 	9364
f 7366 	7352 	9400
f 9414 	9361 	9276
f 9399 	9090 	9370
f 7363 	7366 	9400
f 9457 	9396 	9402
f 9400 	9193 	7363
f 9338 	9512 	9446
f 9090 	9399 	9094
f 9416 	529 	9225
f 6847 	5685 	2874
f 9408 	9181 	8439
f 9410 	9197 	9408
f 9416 	9225 	9419
f 9415 	9458 	9322
f 9395 	9394 	9276
f 8344 	8439 	9181
f 2882 	6848 	8693
f 8692 	8691 	6848
f 6851 	8692 	6848
f 9405 	10055 	9422
f 9436 	9074 	9073
f 8691 	8693 	6848
f 9417 	9243 	9247
f 9383 	9392 	9420
f 9183 	9426 	9423
f 9308 	9369 	9421
f 9420 	9392 	9438
f 9399 	9397 	9422
f 9423 	9215 	9170
f 8737 	2882 	8693
f 9379 	9421 	9369
f 9338 	9446 	9412
f 9415 	9411 	9417
f 5685 	2859 	2874
f 9392 	9412 	9438
f 9418 	9199 	9197
f 9446 	9438 	9412
f 9399 	9370 	8893
f 2883 	2882 	8736
f 8736 	2882 	8737
f 8916 	9429 	9427
f 9637 	9421 	9425
f 9416 	7380 	752
f 8927 	9424 	9329
f 9418 	9426 	9199
f 3316 	3317 	9441
f 9413 	9243 	9417
f 9233 	9419 	9225
f 9418 	9586 	9426
f 3295 	3316 	9441
f 9586 	9444 	9426
f 9243 	9413 	9434
f 9429 	9371 	9386
f 9074 	9433 	9424
f 9429 	8916 	9371
f 9413 	9417 	9411
f 9074 	9436 	9433
f 3289 	6975 	9435
f 9438 	9432 	9420
f 9395 	9831 	9404
f 6975 	7298 	9435
f 9429 	9437 	9427
f 9342 	9411 	9322
f 9439 	9215 	9423
f 9386 	9437 	9429
f 9411 	9415 	9322
f 9438 	9440 	9432
f 9435 	4023 	3289
f 9386 	10098 	9437
f 9452 	8471 	9520
f 7329 	7387 	9257
f 8406 	8437 	9520
f 9527 	9520 	8437
f 9243 	9434 	9430
f 9439 	9423 	9426
f 9573 	9582 	9436
f 9439 	9426 	9444
f 9431 	9427 	10098
f 9373 	9472 	9330
f 8406 	9520 	8410
f 8471 	8410 	9520
f 9431 	10098 	9442
f 9446 	9440 	9438
f 9458 	9226 	9319
f 9452 	9520 	9451
f 9451 	9520 	9450
f 8729 	9319 	9226
f 6127 	9472 	9454
f 9535 	9651 	9446
f 8471 	9452 	9488
f 9656 	9446 	9651
f 9275 	9443 	9453
f 9455 	9452 	9451
f 9466 	9415 	9417
f 9458 	9319 	9321
f 9457 	8809 	9501
f 9455 	9451 	9450
f 7380 	9453 	9443
f 9466 	9458 	9415
f 9458 	9321 	9322
f 9449 	9455 	9450
f 9449 	9450 	9520
f 9461 	9449 	9520
f 9449 	9461 	9455
f 9445 	9469 	9463
f 9453 	9460 	9275
f 9464 	4570 	4642
f 8148 	7380 	9443
f 9419 	9453 	9416
f 9534 	9536 	9461
f 9419 	9428 	9453
f 9458 	9466 	9226
f 9453 	9428 	9460
f 9476 	8883 	9473
f 4555 	9470 	4642
f 9466 	9417 	9247
f 9470 	4562 	4721
f 9472 	9468 	9454
f 9411 	8810 	9144
f 9471 	9231 	8460
f 9467 	9448 	7234
f 4555 	4562 	9470
f 9463 	9469 	9467
f 9468 	9472 	9685
f 9467 	7234 	9463
f 9470 	4721 	4738
f 9475 	9476 	9474
f 8460 	9497 	9471
f 9233 	9339 	9419
f 9459 	9456 	9447
f 9475 	9474 	9462
f 9428 	9419 	9339
f 9465 	9475 	9462
f 9238 	9231 	9471
f 9381 	9460 	9339
f 7255 	9445 	9463
f 9470 	9464 	4642
f 9339 	9460 	9428
f 9471 	9478 	9238
f 6123 	9330 	9472
f 9441 	9445 	7255
f 8872 	8896 	9480
f 9481 	9459 	9447
f 9441 	7255 	7204
f 9008 	9480 	8896
f 9472 	6127 	6123
f 8807 	8804 	9480
f 9411 	9144 	9169
f 9464 	9340 	4570
f 9373 	9477 	9472
f 9169 	9413 	9411
f 8803 	8872 	8804
f 9447 	9439 	9444
f 9369 	9238 	9478
f 9480 	8804 	8872
f 9411 	9342 	8810
f 9477 	9373 	9582
f 8601 	8872 	8803
f 4599 	4750 	4612
f 9465 	9479 	9475
f 9482 	9483 	9484
f 8807 	9480 	8680
f 9029 	9485 	9023
f 9513 	6645 	4869
f 9221 	9447 	9456
f 9494 	9475 	9479
f 9008 	9307 	9096
f 9484 	7290 	9482
f 9468 	9685 	9487
f 9488 	9503 	2212
f 9444 	9481 	9447
f 9008 	9485 	9307
f 9447 	9216 	9439
f 6645 	9486 	6701
f 9476 	9473 	9474
f 9468 	9487 	6531
f 4796 	9617 	4738
f 9221 	9217 	9447
f 9474 	5547 	5744
f 9216 	9215 	9439
f 9474 	9473 	5547
f 9452 	9455 	9488
f 9216 	9447 	9217
f 7298 	7290 	9484
f 5744 	5620 	9462
f 9489 	7104 	9584
f 8923 	9500 	9490
f 9307 	9485 	9326
f 9482 	7290 	9507
f 9033 	9326 	9485
f 4750 	9490 	8782
f 9029 	9033 	9485
f 9493 	9456 	9492
f 9474 	5744 	9462
f 7271 	9507 	7290
f 8793 	9480 	8787
f 9500 	8923 	4579
f 9491 	9489 	9584
f 9685 	9472 	9477
f 9506 	9492 	9456
f 9494 	9476 	9475
f 9496 	9652 	9435
f 9139 	8800 	9490
f 9491 	9524 	9505
f 9008 	9096 	9480
f 9396 	9457 	9501
f 9494 	9498 	9476
f 9493 	9221 	9456
f 9491 	9505 	9489
f 9496 	9435 	7298
f 9396 	9501 	9552
f 8883 	9476 	9498
f 9489 	6726 	7104
f 9490 	9080 	9139
f 9083 	9080 	9490
f 9484 	9483 	9496
f 3085 	3144 	9503
f 9401 	8883 	9498
f 9083 	9490 	8895
f 3144 	2212 	9503
f 8800 	8782 	9490
f 9473 	8883 	5547
f 9503 	9504 	3085
f 8895 	9490 	9500
f 9492 	9553 	9522
f 9496 	7298 	9484
f 9490 	4599 	4612
f 9502 	9545 	4411
f 8809 	10322 	9501
f 6678 	9489 	9505
f 3085 	9504 	3095
f 9505 	2035 	6678
f 9501 	10322 	9495
f 4612 	8923 	9490
f 4870 	2035 	9505
f 9506 	9553 	9492
f 4703 	9602 	4701
f 9503 	9488 	9455
f 9508 	9509 	8937
f 4579 	9328 	9500
f 9503 	9455 	9504
f 9482 	9507 	9521
f 9482 	9516 	9483
f 9340 	9464 	9512
f 8460 	8495 	9497
f 2784 	3123 	9497
f 9513 	4869 	4863
f 3123 	3118 	9497
f 8495 	2784 	9497
f 9482 	9518 	9516
f 9510 	9517 	10163
f 8932 	8937 	9509
f 9512 	9464 	9535
f 9221 	9493 	9219
f 9521 	9518 	9482
f 9596 	9486 	9513
f 9121 	9520 	9166
f 9527 	9166 	9520
f 9526 	5795 	9529
f 9521 	9528 	9518
f 5615 	9404 	5613
f 9548 	5613 	9404
f 4599 	9490 	4750
f 9526 	9529 	9508
f 9514 	9510 	9511
f 9611 	9610 	4738
f 9515 	9526 	9508
f 9519 	9118 	8988
f 9507 	7271 	9593
f 9507 	9593 	9521
f 9533 	9520 	9532
f 9534 	9520 	9533
f 9534 	9461 	9520
f 9608 	9510 	9514
f 9593 	9528 	9521
f 9520 	9557 	9575
f 9403 	9396 	9519
f 9550 	5613 	9548
f 9519 	8988 	9403
f 9534 	9533 	9536
f 9515 	9508 	9620
f 9455 	9536 	9504
f 9530 	9525 	9683
f 9455 	9461 	9536
f 9512 	9535 	9446
f 9533 	9532 	9536
f 5729 	9529 	5795
f 9539 	9542 	9537
f 9540 	9520 	9538
f 9532 	9520 	9540
f 9509 	5560 	8932
f 9557 	5613 	9561
f 9220 	9523 	9701
f 9162 	9118 	9541
f 9525 	4899 	9524
f 9118 	9552 	9541
f 9532 	9540 	9583
f 9532 	9583 	9536
f 9570 	9542 	9545
f 9543 	9591 	9531
f 4899 	9530 	9965
f 9541 	9544 	9162
f 9529 	9509 	9508
f 9549 	9550 	9548
f 9550 	9561 	5613
f 5586 	9529 	5729
f 9530 	4899 	9525
f 5586 	9509 	9529
f 9524 	4899 	4870
f 5771 	9551 	5772
f 9553 	9543 	9531
f 9556 	9535 	9464
f 9506 	9543 	9553
f 9535 	9556 	9558
f 9568 	9572 	9551
f 9538 	9520 	9559
f 9524 	4870 	9505
f 9758 	9555 	9560
f 5620 	9551 	9462
f 9479 	9465 	9551
f 9551 	9465 	9462
f 9570 	9563 	9546
f 9519 	9552 	9118
f 9546 	9542 	9570
f 9592 	9543 	9506
f 9519 	9396 	9552
f 9834 	9577 	9557
f 9556 	9571 	9558
f 5768 	9551 	5771
f 8806 	9570 	9499
f 9557 	9561 	9834
f 9459 	9592 	9506
f 9470 	9556 	9464
f 9552 	9629 	9541
f 9570 	8806 	9563
f 9566 	9467 	9560
f 9555 	9554 	9569
f 9162 	9544 	9182
f 9499 	9545 	9502
f 10015 	9425 	9421
f 9564 	9571 	9556
f 9421 	9379 	10035
f 9553 	9730 	9522
f 7455 	9566 	9569
f 9556 	9470 	9622
f 9555 	9569 	9566
f 9567 	9572 	9568
f 9566 	9560 	9555
f 9513 	4863 	9574
f 9073 	9573 	9436
f 9579 	7482 	9581
f 9573 	9073 	9145
f 9499 	9570 	9545
f 9554 	9547 	9581
f 9574 	9562 	9513
f 9576 	9520 	9575
f 9459 	9506 	9456
f 9542 	9539 	9545
f 9539 	4411 	9545
f 9557 	9577 	9575
f 9547 	9625 	9579
f 9541 	9629 	9631
f 9493 	9492 	9523
f 9562 	9574 	4910
f 9708 	9551 	9572
f 9579 	9625 	7567
f 9544 	9541 	9631
f 9638 	4797 	4821
f 8808 	9590 	9580
f 9562 	9596 	9513
f 4821 	9651 	9638
f 9580 	9590 	9578
f 9575 	9577 	9576
f 9537 	9542 	9578
f 9568 	9551 	5768
f 9220 	9493 	9523
f 9559 	9520 	9576
f 9547 	9579 	9581
f 8811 	8808 	9580
f 9492 	9522 	9523
f 9546 	8811 	9580
f 9569 	9554 	9581
f 9546 	9578 	9542
f 7104 	7115 	9585
f 9569 	9581 	7482
f 9586 	9587 	9481
f 3095 	9504 	9588
f 9459 	9481 	9587
f 9546 	9580 	9578
f 9584 	7104 	9585
f 9373 	9433 	9582
f 9181 	9408 	9197
f 9563 	8811 	9546
f 9588 	9504 	9536
f 9524 	9585 	9682
f 9444 	9586 	9481
f 9588 	9536 	9583
f 9590 	9517 	9624
f 9566 	7455 	9448
f 9467 	9566 	9448
f 9583 	9605 	9588
f 9584 	9585 	9524
f 9624 	9578 	9590
f 9584 	9524 	9491
f 9595 	9543 	9592
f 9433 	9436 	9582
f 9538 	9583 	9540
f 9573 	9145 	9582
f 9595 	9592 	9653
f 9418 	9607 	9586
f 9587 	9618 	9592
f 9586 	9619 	9587
f 9528 	9593 	9598
f 9611 	4738 	9617
f 9596 	9562 	9711
f 9559 	9583 	9538
f 9567 	9759 	9572
f 9459 	9587 	9592
f 9470 	9610 	9622
f 9655 	9589 	9192
f 7496 	7513 	9597
f 9543 	9595 	9591
f 9597 	9593 	7496
f 9597 	9601 	9593
f 9786 	9410 	8442
f 9577 	9583 	9576
f 9559 	9576 	9583
f 9572 	9599 	9708
f 9593 	9601 	9598
f 9539 	9537 	9603
f 9602 	9603 	9537
f 9601 	7535 	9606
f 9606 	9609 	9601
f 9213 	9182 	9600
f 9611 	9617 	9651
f 9611 	9651 	9610
f 9600 	9544 	9631
f 9578 	9624 	9537
f 9924 	9602 	9608
f 9537 	9608 	9602
f 9470 	4738 	9610
f 9600 	9182 	9544
f 9607 	9410 	9786
f 9657 	9682 	9585
f 9539 	9603 	4411
f 9924 	9608 	9514
f 9605 	9955 	10117
f 7535 	9601 	9597
f 1425 	7206 	9614
f 9588 	9605 	9604
f 7535 	7574 	9606
f 1425 	9614 	9613
f 9646 	9651 	9617
f 9638 	9651 	9646
f 9635 	9636 	9606
f 4796 	9646 	9617
f 9583 	9577 	9605
f 9192 	9302 	9655
f 9636 	9609 	9606
f 10117 	9604 	9605
f 9598 	9601 	9766
f 9276 	9001 	9395
f 9616 	9620 	9752
f 9564 	9622 	9651
f 9624 	9510 	9608
f 9607 	9418 	9410
f 9614 	9621 	9613
f 9608 	9537 	9624
f 9610 	9651 	9622
f 9510 	9624 	9517
f 9622 	9564 	9556
f 9621 	7135 	7090
f 9197 	9410 	9418
f 9621 	7090 	9596
f 7567 	9625 	7463
f 3029 	7463 	9625
f 9614 	7206 	9621
f 9000 	9395 	9001
f 9629 	9626 	9631
f 9653 	9592 	9618
f 9618 	9587 	9619
f 9630 	5795 	9526
f 9000 	9680 	9395
f 9619 	9586 	9607
f 9621 	7206 	7164
f 6834 	9635 	9606
f 9620 	9630 	9515
f 9630 	9526 	9515
f 9585 	7153 	9657
f 9657 	7153 	7196
f 9639 	9640 	9641
f 4797 	9638 	9612
f 9508 	9689 	9620
f 9639 	9641 	9642
f 9639 	9642 	9636
f 9639 	9636 	9643
f 9635 	9643 	9636
f 9612 	9644 	4797
f 9645 	9640 	9639
f 9626 	10083 	9631
f 9630 	9620 	9616
f 9643 	9645 	9639
f 9612 	9638 	9644
f 9644 	9638 	9646
f 10094 	9615 	9628
f 9633 	8473 	8474
f 9648 	8473 	9633
f 2767 	7601 	9652
f 9644 	9646 	4797
f 8845 	9421 	9637
f 9498 	9494 	9649
f 8473 	9648 	8459
f 8536 	8459 	9648
f 4797 	9646 	4796
f 9637 	8848 	8845
f 4155 	2775 	4163
f 9498 	9649 	9650
f 9535 	9558 	9651
f 4023 	9435 	9652
f 9651 	9571 	9564
f 2767 	9652 	2869
f 9558 	9571 	9651
f 9657 	7196 	9647
f 9498 	9650 	9401
f 2850 	2869 	9652
f 9657 	9647 	9723
f 9440 	9446 	9656
f 9637 	9425 	9654
f 8456 	8114 	8458
f 8258 	8114 	8456
f 8474 	8469 	10059
f 8469 	8458 	10059
f 9670 	9778 	9653
f 9523 	9522 	9729
f 9668 	9651 	9665
f 9664 	9740 	9613
f 9654 	9011 	8848
f 9654 	9661 	9011
f 9668 	9656 	9651
f 9613 	9754 	1526
f 9758 	9660 	9666
f 8848 	9637 	9654
f 9613 	9740 	9755
f 9655 	9667 	9658
f 9653 	9669 	9670
f 9669 	9671 	9670
f 9671 	9673 	9670
f 8239 	9694 	8261
f 1524 	1425 	9613
f 9651 	9719 	9665
f 2789 	9666 	9660
f 9664 	9613 	9621
f 9663 	9650 	9649
f 9664 	9621 	9596
f 9674 	8561 	9681
f 9663 	9649 	9662
f 2796 	9666 	2789
f 2061 	8561 	9674
f 9441 	9684 	9445
f 9681 	8561 	8261
f 9708 	9662 	9675
f 9469 	9445 	9684
f 9658 	9589 	9655
f 9494 	9675 	9649
f 9582 	9589 	9658
f 9011 	9661 	9769
f 9479 	9675 	9494
f 9011 	9769 	9103
f 9662 	9649 	9675
f 9674 	9679 	7438
f 2775 	9684 	9441
f 9596 	9711 	9664
f 9662 	9659 	9663
f 9401 	9650 	9405
f 9440 	9668 	9691
f 9469 	9660 	9467
f 9683 	9682 	9723
f 9623 	9680 	9000
f 4387 	83 	9671
f 9691 	9432 	9440
f 9681 	8261 	9694
f 9691 	9668 	9676
f 9772 	9776 	9673
f 9591 	9595 	9653
f 9477 	9658 	9685
f 9684 	9660 	9469
f 9676 	9668 	9665
f 9687 	9688 	9689
f 9684 	2789 	9660
f 9674 	9681 	9694
f 9678 	9677 	9676
f 9674 	9694 	9679
f 9687 	9689 	9690
f 9686 	9654 	9425
f 9688 	10280 	9790
f 10005 	9772 	9673
f 9682 	9525 	9524
f 9778 	9531 	9591
f 9487 	9685 	9658
f 9682 	9683 	9525
f 9693 	2850 	9496
f 9693 	9496 	9483
f 9623 	9672 	9680
f 9620 	9689 	9688
f 9477 	9582 	9658
f 9700 	302 	293
f 9528 	9699 	9518
f 9700 	290 	9487
f 9442 	9696 	9431
f 9700 	293 	290
f 9690 	9508 	8937
f 9560 	9467 	9660
f 181 	130 	9698
f 9690 	8937 	9431
f 9487 	9658 	9700
f 9701 	9722 	9695
f 9690 	9689 	9508
f 9722 	9701 	9729
f 9676 	9665 	9678
f 9690 	9696 	9687
f 9667 	9700 	9658
f 9440 	9656 	9668
f 9696 	9690 	9431
f 9705 	9702 	9680
f 9699 	9516 	9518
f 9651 	9706 	9719
f 9741 	9707 	9708
f 2850 	9652 	9496
f 10112 	302 	9700
f 9718 	233 	292
f 9708 	9707 	9662
f 9710 	2869 	2850
f 9651 	4821 	9706
f 9710 	2873 	2869
f 9746 	9839 	9712
f 9714 	9693 	9483
f 9741 	9708 	9599
f 9713 	9704 	9703
f 9562 	9565 	9718
f 9715 	9748 	9712
f 9705 	9680 	9672
f 9708 	9479 	9551
f 9710 	2850 	9693
f 9665 	9719 	9717
f 8269 	9679 	9694
f 9708 	9675 	9479
f 9714 	9710 	9693
f 9516 	9714 	9483
f 9703 	9765 	9753
f 9562 	9718 	9711
f 9565 	233 	9718
f 2873 	9710 	9721
f 9678 	9665 	9717
f 8269 	9694 	8239
f 9720 	9704 	9713
f 9881 	9679 	9709
f 9711 	9718 	9728
f 9714 	9721 	9710
f 9705 	9870 	9874
f 9699 	9721 	9714
f 9722 	9720 	9692
f 9626 	9716 	10343
f 9688 	9789 	9620
f 9716 	9626 	9629
f 9682 	9657 	9723
f 9712 	9709 	9715
f 9720 	9713 	9692
f 9714 	9516 	9699
f 9725 	9716 	9629
f 10270 	37 	9759
f 4838 	4853 	9717
f 9495 	9716 	9725
f 9731 	9704 	9720
f 9717 	9719 	4838
f 9731 	9720 	9722
f 9661 	9686 	9724
f 9704 	9730 	9776
f 9495 	9725 	9501
f 9796 	9727 	7937
f 9661 	9724 	9794
f 3046 	2902 	9726
f 31 	7937 	9727
f 9501 	9725 	9629
f 9695 	9722 	9692
f 9501 	9629 	9552
f 9686 	9661 	9654
f 4845 	9677 	9678
f 9528 	9773 	9699
f 9678 	9717 	4853
f 81 	88 	9796
f 9727 	9796 	42
f 9667 	9292 	9882
f 4845 	9678 	4853
f 3058 	9736 	9666
f 9728 	9740 	9664
f 9304 	9292 	9667
f 9730 	9731 	9522
f 9664 	9711 	9728
f 9655 	9302 	9304
f 7463 	3029 	6827
f 2863 	6827 	3029
f 9667 	9655 	9304
f 9731 	9729 	9522
f 9733 	9813 	2809
f 37 	9741 	9759
f 9731 	9722 	9729
f 9736 	3149 	9735
f 9723 	9647 	9763
f 9705 	9672 	9732
f 9738 	9733 	2809
f 9735 	9793 	9739
f 9737 	7176 	9086
f 9736 	9735 	9739
f 9086 	9106 	9737
f 9260 	9737 	9106
f 9736 	9758 	9666
f 9738 	2831 	2854
f 9742 	9767 	9743
f 9787 	7250 	7223
f 1526 	9754 	1831
f 3058 	3149 	9736
f 9732 	9870 	9705
f 9531 	9730 	9553
f 9767 	9742 	9390
f 9731 	9730 	9704
f 9712 	9748 	9746
f 1526 	1524 	9613
f 9746 	9924 	9835
f 9375 	9390 	9742
f 1466 	9763 	9647
f 9778 	9730 	9531
f 9739 	9749 	9547
f 9554 	9555 	9736
f 9753 	9697 	9692
f 9739 	9554 	9736
f 9746 	9748 	4701
f 9748 	9803 	4701
f 9742 	8755 	8679
f 9093 	9774 	9623
f 8679 	9372 	9742
f 9666 	2796 	3058
f 9613 	9755 	9757
f 9613 	9757 	9754
f 9713 	9703 	9753
f 9758 	9736 	9555
f 9599 	9572 	9759
f 9794 	9797 	9661
f 9743 	9760 	9762
f 9560 	9660 	9758
f 9740 	9903 	9755
f 9757 	9755 	9903
f 9903 	1831 	9757
f 9754 	9757 	1831
f 9741 	9599 	9759
f 9692 	9713 	9753
f 9554 	9739 	9547
f 9769 	9661 	9797
f 9932 	9756 	9761
f 9762 	8762 	9743
f 3065 	3046 	9764
f 9797 	5854 	5815
f 9766 	9768 	9764
f 9767 	9760 	9743
f 145 	9751 	147
f 9765 	10103 	9753
f 9750 	9770 	9207
f 9740 	9889 	9903
f 3297 	3094 	9768
f 9751 	419 	147
f 9750 	9207 	10083
f 10103 	9697 	9753
f 10144 	10145 	9756
f 10083 	10091 	9750
f 9797 	5815 	9769
f 9828 	9756 	10145
f 9204 	9747 	9224
f 9763 	1466 	1821
f 370 	9767 	9383
f 1821 	9873 	9763
f 9769 	5815 	9103
f 9772 	9765 	9703
f 9770 	9747 	9204
f 9772 	9775 	9765
f 5770 	9774 	9093
f 9709 	9679 	8269
f 9764 	9773 	9766
f 370 	9383 	357
f 9772 	9704 	9776
f 9773 	9764 	3046
f 9703 	9704 	9772
f 9420 	357 	9383
f 9600 	9207 	9770
f 9772 	10005 	9775
f 9670 	9673 	9776
f 9778 	9670 	9776
f 9591 	9653 	9778
f 9213 	9600 	9770
f 9770 	9204 	9213
f 9709 	8269 	9715
f 9662 	9707 	9779
f 5828 	9774 	5770
f 5828 	9814 	9774
f 9779 	9771 	9662
f 9601 	9609 	9766
f 9783 	9672 	9623
f 9778 	9776 	9730
f 9598 	9766 	9773
f 9771 	10349 	11
f 11 	9659 	9662
f 9390 	9383 	9767
f 9782 	9813 	9812
f 9773 	9528 	9598
f 9771 	11 	9662
f 9773 	9726 	9721
f 9623 	9774 	9783
f 9814 	9783 	9774
f 9773 	3046 	9726
f 9672 	9783 	9732
f 8586 	9785 	9782
f 9773 	9721 	9699
f 8295 	8586 	9782
f 9783 	9744 	9732
f 9792 	159 	9817
f 9790 	10280 	32
f 9793 	3051 	3089
f 8291 	9791 	8289
f 9792 	9632 	54
f 9793 	9735 	3051
f 8295 	9782 	8291
f 54 	159 	9792
f 9790 	32 	138
f 9843 	9841 	9780
f 9749 	9739 	9793
f 9841 	1541 	9780
f 9633 	9634 	9817
f 9752 	9620 	9789
f 9547 	9793 	9625
f 9788 	7244 	7250
f 1547 	9784 	9780
f 9547 	9749 	9793
f 9788 	7250 	9787
f 326 	9252 	328
f 3029 	9625 	9793
f 3089 	3029 	9793
f 9792 	9817 	9634
f 9780 	1541 	1547
f 9632 	9792 	9634
f 9864 	9843 	9780
f 37 	93 	9808
f 8578 	8536 	9648
f 326 	459 	9830
f 9636 	9801 	9768
f 8749 	9798 	9796
f 9830 	9734 	326
f 9648 	9633 	8578
f 9636 	9766 	9609
f 9791 	8491 	8289
f 326 	9734 	9252
f 9798 	8739 	9771
f 9766 	9636 	9768
f 7144 	7273 	9819
f 2868 	9768 	9801
f 9279 	7144 	9819
f 9801 	9636 	9642
f 9748 	9715 	9803
f 9803 	9715 	8269
f 9807 	9783 	9814
f 8269 	4723 	9803
f 357 	9420 	427
f 9640 	6836 	9641
f 9760 	9767 	364
f 9643 	6836 	9645
f 9645 	6836 	9640
f 9806 	9785 	8586
f 9804 	9802 	9788
f 9799 	9777 	9915
f 9783 	9807 	9744
f 9785 	9806 	9782
f 9795 	9796 	9798
f 370 	364 	9767
f 9805 	9795 	9798
f 9641 	6836 	9642
f 364 	60 	9760
f 9809 	9097 	9804
f 9808 	9795 	9805
f 9973 	9807 	9974
f 9808 	9805 	9741
f 9786 	8550 	9607
f 9760 	60 	9762
f 9788 	9811 	9804
f 8554 	2793 	9806
f 9097 	9809 	9260
f 426 	427 	9432
f 9922 	9777 	9780
f 9806 	8586 	8554
f 9808 	9741 	37
f 9782 	9806 	9813
f 9809 	9737 	9260
f 9691 	426 	9432
f 9809 	9804 	9811
f 2863 	5682 	6827
f 427 	9420 	9432
f 9922 	9921 	9777
f 9796 	7937 	8749
f 9802 	7244 	9788
f 9691 	611 	426
f 6834 	6836 	9635
f 93 	400 	9795
f 2877 	9642 	6836
f 9635 	6836 	9643
f 9653 	9810 	9669
f 9788 	9787 	9811
f 9796 	9795 	396
f 2863 	2860 	5682
f 9810 	9653 	9618
f 396 	65 	9796
f 9619 	9847 	9618
f 9813 	9733 	9812
f 396 	9795 	400
f 9806 	2809 	9813
f 93 	9795 	9808
f 2868 	9801 	2877
f 9779 	9805 	9771
f 9801 	9642 	2877
f 9787 	7223 	9811
f 7219 	7223 	7250
f 9798 	9771 	9805
f 9807 	9814 	5846
f 9707 	9741 	9805
f 9779 	9707 	9805
f 9794 	5854 	9797
f 9817 	8578 	9633
f 9820 	9751 	9752
f 9404 	9831 	9548
f 9923 	9784 	1547
f 9752 	9821 	9822
f 9790 	138 	9789
f 9549 	9831 	9550
f 9823 	465 	9815
f 9834 	9561 	9702
f 9550 	9702 	9561
f 9789 	138 	9752
f 9831 	9395 	9680
f 9752 	138 	9821
f 9823 	9815 	9818
f 172 	9822 	9821
f 9782 	9812 	8291
f 9824 	9825 	9780
f 9810 	9618 	9847
f 9826 	9812 	9816
f 9828 	9791 	9826
f 32 	172 	9821
f 9826 	9929 	9828
f 138 	32 	9821
f 9847 	9827 	9810
f 9816 	9929 	9826
f 9549 	9548 	9831
f 172 	927 	9822
f 9791 	8291 	9812
f 9827 	9859 	9810
f 9752 	9822 	9820
f 9791 	9812 	9826
f 9929 	9756 	9828
f 9810 	9859 	9669
f 9751 	9820 	419
f 9252 	9734 	5424
f 9833 	9832 	9780
f 9829 	7244 	9802
f 9680 	9702 	9831
f 10145 	10157 	9828
f 9831 	9702 	9550
f 9252 	5424 	9030
f 9789 	9688 	9790
f 9850 	9834 	9702
f 9837 	9836 	4868
f 9746 	9835 	9838
f 4867 	4868 	9836
f 9838 	9839 	9746
f 4867 	9836 	4866
f 9780 	9832 	9864
f 9833 	9780 	9825
f 9815 	9836 	9818
f 7691 	9852 	9840
f 9819 	9844 	9279
f 9818 	9836 	9837
f 7691 	9840 	9871
f 7691 	9871 	7681
f 5424 	9818 	9837
f 5424 	9823 	9818
f 7273 	9845 	9819
f 7691 	9047 	9852
f 9799 	9800 	9846
f 9846 	9777 	9799
f 9830 	5424 	9734
f 8578 	164 	3755
f 8503 	9855 	9835
f 9846 	9780 	9777
f 9712 	9839 	9842
f 9780 	9846 	9824
f 8550 	8594 	9607
f 9830 	9823 	5424
f 9856 	9819 	9845
f 4316 	4315 	9848
f 4938 	4866 	9836
f 9847 	4316 	9848
f 9825 	9824 	9941
f 9823 	512 	465
f 9838 	9842 	9839
f 9848 	9827 	9847
f 9702 	9705 	9850
f 9836 	9815 	465
f 9855 	9838 	9835
f 9819 	9856 	9844
f 9705 	9854 	9850
f 9849 	9051 	9851
f 9094 	9851 	9051
f 4315 	4323 	9848
f 9836 	465 	4938
f 9823 	9830 	459
f 9838 	9855 	9842
f 9844 	9856 	9853
f 512 	9823 	459
f 9849 	9851 	9858
f 9845 	7288 	9856
f 9848 	4323 	9859
f 9850 	9854 	9857
f 9848 	9859 	9827
f 9399 	9851 	9094
f 7288 	9860 	9853
f 9862 	9861 	9857
f 9858 	9851 	9863
f 9862 	9857 	9854
f 9854 	9890 	9862
f 9399 	9863 	9851
f 9835 	9514 	8496
f 8594 	4311 	9607
f 9676 	9677 	636
f 636 	9691 	9676
f 9399 	9865 	9863
f 9931 	9857 	9861
f 9864 	9946 	9843
f 9835 	8496 	8503
f 9677 	623 	636
f 9863 	9865 	9858
f 164 	8578 	9817
f 9850 	9931 	9920
f 9850 	9857 	9931
f 10042 	9858 	9865
f 9833 	9825 	9941
f 9855 	8503 	9842
f 9677 	4845 	623
f 9867 	9840 	9866
f 9683 	9723 	9869
f 9671 	9669 	9859
f 9723 	9763 	9869
f 7288 	9853 	9856
f 9683 	9869 	9698
f 10043 	8329 	9866
f 9859 	4323 	4414
f 9872 	9871 	9867
f 9860 	7288 	10016
f 4414 	9671 	9859
f 9867 	9866 	9872
f 4414 	4387 	9671
f 9763 	9873 	9869
f 9607 	4324 	9619
f 9871 	9840 	9867
f 9853 	9860 	9960
f 9869 	181 	9698
f 9872 	8329 	8248
f 9873 	283 	9869
f 9607 	4311 	4324
f 9619 	4324 	9847
f 9705 	9874 	9875
f 4324 	4316 	9847
f 7785 	5885 	7982
f 7681 	9871 	7462
f 8353 	9877 	7721
f 8859 	8741 	9349
f 2462 	283 	9873
f 283 	330 	9869
f 9679 	7467 	7488
f 9875 	9890 	9876
f 9877 	7813 	7721
f 9842 	8359 	8342
f 10016 	7288 	7339
f 9854 	9876 	9890
f 9842 	8342 	7467
f 8859 	9349 	9879
f 9879 	9349 	9366
f 9705 	9875 	9876
f 7721 	8273 	8353
f 9366 	9888 	9879
f 9679 	9881 	7467
f 9876 	9854 	9705
f 1821 	2461 	9873
f 9888 	9896 	9879
f 7721 	6464 	8475
f 9873 	2461 	2462
f 7721 	8475 	8273
f 7467 	9881 	9842
f 9879 	9896 	8844
f 9870 	9905 	9887
f 9366 	9378 	9888
f 9842 	9709 	9712
f 9889 	292 	9886
f 9804 	9747 	9884
f 7984 	9883 	7982
f 9842 	9881 	9891
f 9890 	9892 	9936
f 9892 	9893 	9936
f 9887 	9936 	9893
f 9881 	9709 	9891
f 9728 	292 	9889
f 9892 	9890 	9875
f 9804 	9884 	9802
f 9842 	9891 	9709
f 9870 	9887 	9893
f 9728 	9895 	292
f 9770 	9884 	9747
f 9892 	9875 	9874
f 9718 	9895 	9728
f 9893 	9892 	9874
f 9870 	9893 	9874
f 9382 	9896 	9888
f 9897 	2854 	2691
f 9718 	292 	9895
f 9770 	9750 	9884
f 9738 	9897 	9733
f 9883 	7785 	7982
f 9896 	9917 	9926
f 9896 	8842 	8844
f 9750 	9899 	9884
f 9728 	9889 	9740
f 9868 	9961 	9900
f 9804 	9224 	9747
f 9896 	8853 	8842
f 9896 	8876 	8853
f 9897 	7503 	9902
f 9834 	9955 	9577
f 452 	9903 	9886
f 8879 	9896 	9926
f 9897 	2691 	7503
f 9902 	9904 	9897
f 9897 	9904 	9733
f 9922 	9908 	9903
f 1831 	9903 	9908
f 9909 	9923 	1831
f 9905 	9906 	9907
f 9896 	8879 	8876
f 9889 	9886 	9903
f 7503 	8538 	9902
f 8538 	9900 	9902
f 9907 	9887 	9905
f 7984 	9901 	9883
f 9697 	9930 	9928
f 9380 	9695 	9692
f 9900 	9904 	9902
f 9916 	7762 	7796
f 8538 	9868 	9900
f 9916 	9967 	9912
f 7796 	9967 	9916
f 9738 	2854 	9897
f 9918 	9903 	9915
f 9916 	9912 	7762
f 9917 	9896 	9382
f 9909 	1831 	9908
f 9922 	9903 	9921
f 9918 	9921 	9903
f 9912 	9987 	8489
f 9906 	9936 	9907
f 9382 	9380 	9917
f 9880 	9294 	9279
f 9912 	8371 	8365
f 9279 	9844 	9880
f 8365 	7762 	9912
f 9880 	9844 	9911
f 9930 	9926 	9917
f 9913 	9903 	9910
f 452 	9942 	9903
f 9913 	9915 	9903
f 8371 	9912 	8489
f 1837 	1831 	9923
f 9514 	9835 	9924
f 9800 	9799 	9910
f 9780 	9784 	9908
f 9909 	9908 	9784
f 9961 	9868 	9939
f 9910 	9943 	9800
f 4701 	9602 	9746
f 7984 	7970 	9925
f 9928 	9917 	9380
f 9913 	9910 	9799
f 7774 	9938 	7835
f 9928 	9930 	9917
f 9915 	9913 	9799
f 9929 	9761 	9756
f 9888 	9378 	9382
f 9934 	9920 	9933
f 9931 	9933 	9920
f 9914 	9926 	9930
f 9920 	9934 	9919
f 9930 	9935 	9914
f 9918 	9915 	9777
f 6998 	9927 	9376
f 9919 	9934 	9936
f 9933 	9936 	9934
f 9899 	9945 	9829
f 9777 	9921 	9918
f 9862 	9890 	9936
f 9907 	9936 	9887
f 9861 	9862 	9936
f 9861 	9936 	9933
f 9780 	9908 	9922
f 9909 	9784 	9923
f 9829 	9802 	9884
f 9884 	9899 	9829
f 9937 	9932 	9761
f 9928 	9380 	9692
f 9692 	9697 	9928
f 9816 	9939 	9929
f 9861 	9933 	9931
f 9929 	9939 	9761
f 9938 	7744 	7835
f 9939 	9937 	9761
f 7984 	9940 	9901
f 9943 	9903 	9942
f 9948 	9615 	9932
f 9910 	9903 	9943
f 9697 	10081 	9930
f 9932 	9937 	9948
f 9944 	2545 	1862
f 9750 	9950 	9945
f 9938 	9927 	7744
f 9946 	452 	9944
f 1844 	1860 	2545
f 9941 	452 	9946
f 9732 	9905 	9870
f 9745 	9950 	9750
f 452 	9941 	9942
f 8885 	8879 	9914
f 9906 	9905 	9732
f 9386 	9927 	9947
f 9824 	9846 	9942
f 9927 	9938 	9947
f 9950 	9745 	10028
f 9935 	9930 	10080
f 9948 	9627 	9628
f 9386 	9376 	9927
f 9942 	9941 	9824
f 8898 	9949 	8954
f 9615 	9948 	9628
f 10081 	10080 	9930
f 9952 	9950 	10027
f 9946 	9832 	9833
f 9868 	9951 	9937
f 9947 	9938 	9894
f 10155 	9732 	9744
f 8885 	9914 	9949
f 9947 	9894 	9885
f 10034 	9878 	9898
f 9943 	9942 	9846
f 9829 	9945 	9950
f 7887 	9901 	9940
f 8879 	9926 	9914
f 9937 	9939 	9868
f 8898 	8885 	9949
f 9943 	9846 	9800
f 9950 	9952 	9829
f 1862 	1541 	9944
f 9948 	9937 	9951
f 1541 	9841 	9944
f 9935 	9949 	9914
f 9944 	9841 	9843
f 7817 	7821 	9954
f 9956 	8954 	9949
f 9750 	9945 	9899
f 9949 	9957 	9956
f 9955 	9605 	9577
f 9946 	9944 	9843
f 9949 	9935 	9957
f 9946 	9864 	9832
f 9833 	9941 	9946
f 9812 	9733 	9904
f 292 	457 	9886
f 9962 	9963 	7654
f 9886 	457 	452
f 9961 	9904 	9900
f 9920 	9919 	10121
f 9958 	9962 	7654
f 9961 	9816 	9812
f 9919 	9936 	10121
f 2329 	2327 	9940
f 9971 	9882 	9960
f 2327 	7887 	9940
f 9961 	9812 	9904
f 9971 	9960 	9959
f 9961 	9939 	9816
f 9965 	9530 	10132
f 10121 	9850 	9920
f 9968 	9969 	54
f 9959 	9964 	9971
f 9985 	8324 	8197
f 9973 	9974 	3102
f 10257 	10173 	9965
f 10257 	9965 	10132
f 9807 	10158 	9744
f 9992 	8324 	9985
f 10137 	9967 	7796
f 9974 	5861 	3102
f 3102 	6152 	6305
f 8654 	5641 	8653
f 9634 	9633 	10059
f 9633 	8474 	10059
f 9969 	9968 	9976
f 9970 	9969 	9976
f 7887 	9883 	9901
f 4411 	4848 	9966
f 9502 	4411 	9966
f 9972 	9970 	9976
f 9974 	5846 	5861
f 9968 	54 	9632
f 9966 	9499 	9502
f 5846 	9974 	9807
f 9979 	9981 	218
f 9979 	218 	182
f 9966 	9983 	9499
f 9911 	9960 	9882
f 9978 	9499 	9983
f 9911 	9844 	9960
f 5562 	9988 	9977
f 8806 	9499 	9978
f 119 	9981 	9984
f 8944 	8806 	9978
f 9979 	137 	9970
f 9966 	8324 	9992
f 9979 	182 	137
f 9964 	10033 	9971
f 5552 	9977 	9975
f 5665 	8665 	8666
f 9967 	9987 	9912
f 9369 	9478 	9986
f 8197 	8956 	9985
f 9988 	10049 	9977
f 8667 	5665 	8666
f 9979 	9970 	9972
f 9982 	9980 	9958
f 9987 	9967 	9989
f 9983 	9966 	9992
f 5671 	5669 	8669
f 9958 	9954 	9982
f 9960 	9860 	9959
f 9967 	10148 	9989
f 9983 	9985 	9978
f 9981 	9979 	9972
f 9975 	9998 	5552
f 5674 	8670 	8672
f 9497 	9990 	9471
f 9982 	9954 	7821
f 5674 	8672 	8674
f 9959 	9860 	9964
f 9844 	9853 	9960
f 5677 	5676 	8676
f 9993 	9991 	9984
f 3118 	3115 	9990
f 9965 	9988 	5562
f 9993 	9984 	9981
f 10033 	9964 	9860
f 9982 	7821 	7852
f 9987 	9989 	9994
f 3115 	3108 	9986
f 9983 	9992 	9985
f 9993 	9981 	9972
f 5593 	8603 	8602
f 9990 	9497 	3118
f 8944 	9978 	9985
f 5593 	8602 	8606
f 9632 	9634 	10059
f 9938 	7774 	7899
f 659 	682 	10045
f 9994 	9989 	10053
f 9894 	9938 	7899
f 9671 	83 	84
f 9471 	9990 	9478
f 9997 	9999 	9996
f 5552 	9998 	5576
f 7899 	7882 	9963
f 9990 	9986 	9478
f 9671 	84 	10000
f 9995 	10045 	682
f 7899 	9963 	9894
f 9995 	682 	6846
f 10004 	9894 	9963
f 10000 	9673 	9671
f 9963 	9962 	10004
f 10000 	10005 	9673
f 9894 	10004 	9885
f 10003 	5584 	5583
f 9995 	7326 	10001
f 10006 	10007 	10008
f 10001 	10045 	9995
f 9986 	9990 	3115
f 10000 	10007 	10006
f 9994 	10053 	8597
f 9829 	9952 	10001
f 9994 	8597 	8493
f 10006 	10005 	10000
f 10002 	10003 	5583
f 9987 	9994 	8494
f 9952 	10027 	10001
f 10007 	10011 	10008
f 8489 	9987 	8494
f 9958 	9980 	10012
f 10001 	7244 	9829
f 9023 	8972 	9999
f 8494 	9994 	8493
f 10011 	10036 	10008
f 7326 	7259 	10001
f 5597 	8606 	8607
f 10000 	84 	10007
f 8607 	8608 	5597
f 90 	10007 	84
f 10012 	10013 	9962
f 10001 	7259 	7244
f 8610 	8612 	5601
f 8613 	5603 	8612
f 8614 	5606 	8613
f 10015 	10066 	9425
f 90 	201 	10007
f 10012 	10009 	10013
f 10020 	7984 	9925
f 8340 	10022 	10021
f 201 	10011 	10007
f 9962 	9958 	10012
f 7341 	10016 	7339
f 10032 	9998 	9975
f 10022 	10023 	10024
f 5541 	10002 	5537
f 7984 	10020 	9940
f 7341 	689 	10016
f 9925 	8429 	10020
f 10012 	9980 	10034
f 10024 	10021 	10022
f 10034 	10009 	10012
f 10006 	9775 	10005
f 689 	734 	10016
f 10017 	10002 	5541
f 10035 	3175 	10018
f 10008 	10095 	10006
f 10032 	10017 	9998
f 10013 	10004 	9962
f 10024 	10026 	10021
f 10020 	10025 	9953
f 10028 	10045 	10027
f 10028 	10047 	10045
f 10113 	10118 	10013
f 10027 	9950 	10028
f 10113 	10013 	10009
f 9984 	10037 	119
f 10021 	10026 	10072
f 10138 	10018 	3175
f 10017 	10153 	10002
f 10021 	10072 	8413
f 10028 	9745 	9781
f 10032 	9975 	10031
f 10021 	8413 	8409
f 8409 	8340 	10021
f 10034 	9980 	9982
f 5641 	8654 	8655
f 9976 	9968 	10059
f 10035 	10018 	10019
f 7852 	7813 	10034
f 5645 	8655 	8656
f 10035 	10019 	10015
f 7852 	10034 	9982
f 10037 	221 	119
f 7813 	9877 	10034
f 5647 	8657 	8658
f 5649 	8658 	8659
f 10034 	9877 	9878
f 10034 	9898 	10009
f 10024 	10086 	10026
f 9421 	10035 	10015
f 9971 	10033 	10210
f 10029 	10063 	10030
f 10039 	10058 	10037
f 10010 	10026 	10086
f 10089 	10003 	10040
f 10037 	4717 	4573
f 10037 	4573 	221
f 10055 	10042 	10041
f 10114 	10089 	10040
f 10058 	4717 	10037
f 9866 	9840 	10043
f 9604 	3165 	9588
f 9991 	10039 	9984
f 9852 	9849 	10043
f 9852 	10043 	9840
f 10002 	10040 	10003
f 724 	659 	10045
f 9953 	9940 	10020
f 9986 	10035 	9379
f 10035 	9986 	3108
f 9991 	10044 	10039
f 3108 	3175 	10035
f 10001 	10027 	10045
f 9369 	9986 	9379
f 8429 	8537 	10020
f 10042 	10065 	10043
f 8555 	8548 	10025
f 10055 	10062 	10042
f 10037 	9984 	10039
f 10047 	998 	709
f 10036 	10048 	10008
f 10046 	9975 	9977
f 10047 	709 	724
f 10025 	10020 	8537
f 10036 	10057 	10048
f 9724 	9686 	10076
f 10045 	10047 	724
f 8555 	10025 	8537
f 10057 	10071 	10048
f 9977 	10049 	10046
f 9865 	9399 	10041
f 10029 	8563 	8618
f 103 	10071 	10057
f 10042 	9865 	10041
f 10029 	10030 	8563
f 10050 	9999 	8972
f 10063 	10014 	9953
f 10011 	242 	103
f 9953 	10025 	10063
f 10011 	103 	10036
f 10042 	10043 	9849
f 103 	10057 	10036
f 9858 	10042 	9849
f 10046 	10031 	9975
f 10223 	10038 	10220
f 9422 	10041 	9399
f 9968 	9632 	10059
f 10050 	8222 	8354
f 10048 	10097 	10008
f 10041 	9422 	10055
f 8354 	8364 	10051
f 10056 	10033 	9860
f 8354 	10051 	10050
f 8588 	10052 	10054
f 10054 	8605 	8588
f 10043 	10065 	8350
f 10051 	8364 	10060
f 10059 	10264 	10058
f 5677 	8676 	8639
f 9996 	10060 	9997
f 10262 	10058 	10264
f 10053 	10052 	8597
f 10058 	10044 	10059
f 10058 	10039 	10044
f 9860 	10016 	10056
f 9997 	10060 	10010
f 10056 	10061 	10033
f 8350 	10065 	8314
f 10033 	10061 	10038
f 10014 	10063 	10064
f 10050 	10051 	9996
f 10016 	10061 	10056
f 10050 	9996 	9999
f 10016 	734 	10061
f 10060 	10026 	10010
f 5603 	8613 	5606
f 8614 	8615 	5606
f 10042 	10062 	10065
f 10051 	10060 	9996
f 10067 	10038 	734
f 10063 	10025 	10030
f 734 	1045 	10067
f 8364 	8393 	10060
f 9988 	9965 	10049
f 10063 	10029 	10070
f 10063 	10070 	10064
f 5623 	8622 	8624
f 103 	4735 	10071
f 10220 	10067 	1045
f 10002 	10153 	10040
f 8724 	10073 	8618
f 4735 	10258 	10071
f 10101 	136 	10054
f 10072 	10026 	10060
f 10054 	136 	8605
f 8413 	10072 	8393
f 10073 	10029 	8618
f 10068 	9794 	9724
f 77 	10093 	10092
f 10262 	4747 	10058
f 10060 	8393 	10072
f 10058 	4747 	4717
f 10153 	10183 	10040
f 243 	207 	10075
f 8353 	9878 	9877
f 9997 	9023 	9999
f 9724 	10074 	10068
f 8353 	9898 	9878
f 10073 	77 	10092
f 9972 	9976 	10059
f 9794 	10068 	10069
f 10093 	77 	68
f 10079 	9997 	10010
f 8353 	8680 	10321
f 10061 	734 	10038
f 77 	10073 	8724
f 10079 	10078 	9023
f 5624 	5623 	8626
f 4910 	10077 	9562
f 310 	158 	10075
f 8350 	8329 	10043
f 8628 	5626 	8626
f 8329 	9872 	9866
f 9600 	9631 	10083
f 10079 	9023 	9997
f 10010 	10086 	10087
f 8634 	5632 	8633
f 8634 	8635 	5632
f 167 	243 	10075
f 10124 	10084 	9626
f 158 	167 	10075
f 10086 	10079 	10087
f 5636 	5635 	8637
f 10083 	9626 	10084
f 8653 	5638 	8651
f 10086 	10090 	10079
f 10073 	10070 	10029
f 10091 	10162 	9745
f 9724 	10076 	10074
f 8353 	10321 	9898
f 8657 	5647 	8656
f 68 	310 	10093
f 9207 	9600 	10083
f 10086 	10094 	10090
f 8659 	8661 	5649
f 10080 	10082 	9935
f 9957 	9935 	10082
f 10085 	9957 	10082
f 10088 	9957 	10085
f 10083 	10084 	10091
f 10091 	9745 	9750
f 5655 	8642 	8644
f 10093 	310 	10075
f 8646 	5655 	8644
f 10073 	10092 	10070
f 10098 	9427 	9437
f 10023 	10099 	10024
f 9386 	10150 	10098
f 10078 	10079 	10090
f 9775 	10006 	10095
f 10095 	10008 	10097
f 10076 	9686 	10102
f 5638 	8653 	5641
f 10090 	9029 	10078
f 10101 	5119 	136
f 6018 	10100 	10096
f 10087 	10079 	10010
f 10096 	6021 	6018
f 5119 	5481 	136
f 10052 	10101 	10054
f 5630 	5644 	10096
f 10066 	10102 	9686
f 10104 	10080 	10081
f 10096 	5644 	6021
f 10097 	10104 	10095
f 5668 	5666 	10077
f 10103 	10081 	9697
f 10094 	10086 	10024
f 9425 	10066 	9686
f 10099 	10094 	10024
f 10064 	10110 	10164
f 10337 	10106 	10107
f 10015 	10019 	10066
f 10095 	10109 	9775
f 308 	10106 	10337
f 5321 	5668 	10077
f 10139 	10099 	10023
f 10064 	10070 	10110
f 10109 	10103 	9765
f 10090 	9628 	9594
f 7 	10111 	40
f 5657 	5656 	8650
f 10003 	10089 	5584
f 10104 	10081 	10103
f 8651 	5659 	8650
f 9898 	10113 	10009
f 10019 	10140 	10102
f 9628 	10090 	10094
f 10109 	9765 	9775
f 8665 	5636 	8637
f 10019 	10102 	10066
f 9594 	9033 	10090
f 10115 	10118 	10113
f 10104 	10082 	10080
f 8668 	5669 	8667
f 9667 	10112 	9700
f 10077 	10119 	9
f 10119 	10077 	5666
f 10123 	10118 	10115
f 8668 	8669 	5669
f 10116 	10092 	10093
f 10093 	10075 	10116
f 10082 	10128 	10085
f 9626 	10107 	10124
f 10075 	207 	35
f 10094 	10099 	9615
f 10109 	10104 	10103
f 10124 	10107 	10106
f 9906 	9732 	10121
f 10095 	10104 	10109
f 35 	10111 	10075
f 10096 	10122 	10119
f 5666 	10096 	10119
f 10082 	10104 	10097
f 9615 	10099 	9932
f 10111 	10116 	10075
f 10121 	9936 	9906
f 10126 	579 	581
f 10084 	10124 	10125
f 10120 	10152 	10124
f 10100 	579 	10126
f 10097 	10127 	10082
f 10022 	8447 	10135
f 10125 	10091 	10084
f 10100 	10126 	10122
f 10106 	10120 	10124
f 9898 	10105 	10115
f 10116 	10110 	10070
f 9955 	10121 	10117
f 10141 	10135 	8447
f 5601 	8612 	5603
f 10096 	10100 	10122
f 10116 	10070 	10092
f 10123 	10115 	10105
f 464 	10112 	10189
f 10121 	10129 	10117
f 8447 	8450 	10141
f 10105 	10108 	10123
f 603 	10089 	10114
f 10117 	10129 	9604
f 10114 	45 	603
f 9604 	10129 	3165
f 10130 	464 	10189
f 3369 	3371 	10129
f 10114 	6 	45
f 10129 	3371 	3165
f 10132 	9530 	9683
f 10129 	10121 	3369
f 9898 	10115 	10113
f 9683 	9698 	10132
f 5619 	5618 	8622
f 10049 	9965 	10173
f 464 	302 	10112
f 10121 	9955 	9834
f 601 	466 	10130
f 10121 	9834 	9850
f 9940 	9953 	2329
f 850 	824 	10136
f 10088 	10133 	10131
f 10257 	10132 	130
f 9698 	130 	10132
f 10088 	10085 	10133
f 10142 	10133 	10085
f 10139 	10135 	10144
f 10142 	10085 	10128
f 10141 	10144 	10135
f 10128 	10082 	10127
f 5614 	5612 	8617
f 9781 	9745 	10162
f 10023 	10022 	10135
f 8619 	5614 	8617
f 10149 	10150 	9947
f 10097 	10048 	10127
f 8455 	10145 	8450
f 10149 	9947 	9885
f 8484 	10145 	8455
f 10136 	824 	10134
f 10140 	3384 	10076
f 10150 	9386 	9947
f 8450 	10145 	10141
f 3393 	3384 	10138
f 10031 	10147 	10146
f 10145 	10144 	10141
f 10259 	10302 	10048
f 10102 	10140 	10076
f 10134 	10028 	10143
f 10143 	10136 	10134
f 10176 	10105 	9898
f 5624 	8626 	5626
f 10143 	10028 	9781
f 10155 	10121 	9732
f 10135 	10139 	10023
f 5628 	5627 	8631
f 10018 	10140 	10019
f 10157 	10145 	8484
f 10148 	9967 	10177
f 9885 	10224 	10149
f 10142 	10131 	10133
f 8632 	5629 	8631
f 2397 	9989 	10148
f 10149 	10202 	10150
f 10140 	10018 	10138
f 9957 	10088 	10161
f 10177 	9967 	10137
f 3175 	3393 	10138
f 10121 	10155 	3369
f 8954 	9956 	10156
f 3445 	3369 	10155
f 10139 	10144 	9932
f 10152 	10120 	10151
f 10017 	10186 	10153
f 8658 	5648 	5647
f 8484 	8491 	10157
f 597 	10151 	10120
f 10125 	10124 	10152
f 10158 	3445 	10155
f 5648 	8658 	5649
f 10157 	9791 	9828
f 10158 	10155 	9744
f 10101 	10052 	5120
f 10157 	8491 	9791
f 5120 	10052 	10159
f 10040 	10183 	10180
f 5119 	10101 	5120
f 10139 	9932 	10099
f 8646 	5656 	5655
f 9989 	10159 	10053
f 10179 	10154 	10165
f 10068 	10074 	3452
f 5657 	8650 	5659
f 10074 	3384 	3452
f 10144 	9756 	9932
f 3452 	3486 	10069
f 10159 	10052 	10053
f 10068 	3452 	10069
f 10154 	9956 	10161
f 3384 	10074 	10076
f 9956 	9957 	10161
f 10049 	10173 	10046
f 10125 	10162 	10091
f 10108 	10160 	10123
f 10166 	5075 	10164
f 10125 	10152 	10162
f 10158 	3615 	3445
f 10201 	10224 	10160
f 9590 	9374 	9250
f 10162 	10136 	10143
f 10169 	3486 	3672
f 10161 	10165 	10154
f 10111 	7 	10166
f 7949 	10163 	8072
f 10143 	9781 	10162
f 10161 	10245 	10165
f 9510 	10163 	7949
f 10182 	601 	10205
f 10166 	10164 	10110
f 10163 	9517 	9250
f 8646 	8650 	5656
f 10110 	10116 	10166
f 9517 	9590 	9250
f 10160 	10013 	10123
f 10194 	9807 	9973
f 5076 	5072 	10014
f 10179 	10156 	9956
f 10205 	601 	10130
f 10160 	10224 	10013
f 10014 	10064 	5076
f 10166 	10116 	10111
f 10168 	10171 	9275
f 5671 	8669 	8670
f 9442 	10098 	10216
f 597 	625 	10172
f 10172 	625 	874
f 8674 	5676 	5674
f 10031 	10046 	10167
f 8674 	8676 	5676
f 10211 	10212 	10168
f 842 	10175 	10174
f 5090 	5128 	10159
f 842 	10174 	10172
f 5854 	10169 	10170
f 10046 	10173 	10167
f 8608 	5598 	5597
f 10175 	842 	850
f 5128 	5120 	10159
f 10321 	10176 	9898
f 5598 	8608 	5600
f 8610 	5600 	8608
f 8610 	5601 	5600
f 10172 	10174 	10151
f 10031 	10167 	10147
f 10251 	1451 	1413
f 10136 	10162 	10175
f 10177 	2397 	10148
f 10149 	10201 	10202
f 10175 	850 	10136
f 8619 	5617 	5614
f 5618 	5617 	8621
f 8621 	8622 	5618
f 10151 	10174 	10152
f 9989 	2397 	5090
f 5619 	8622 	5623
f 10174 	10175 	10162
f 10184 	10171 	10168
f 8624 	8626 	5623
f 10169 	5854 	9794
f 10159 	9989 	5090
f 10174 	10162 	10152
f 10179 	8939 	8938
f 8603 	5593 	5592
f 10160 	10108 	10178
f 5593 	8606 	5594
f 9794 	10069 	10169
f 10014 	5072 	9953
f 597 	10172 	10151
f 5594 	8606 	5597
f 9511 	8194 	7946
f 7946 	9514 	9511
f 10177 	10137 	7933
f 9511 	9510 	8071
f 10164 	5075 	5076
f 10183 	10181 	10180
f 5889 	5890 	10170
f 8194 	9511 	8071
f 10164 	5076 	10064
f 5880 	5854 	10170
f 10332 	10201 	10160
f 9510 	7949 	8071
f 10186 	10183 	10153
f 601 	10182 	1717
f 5908 	10170 	5890
f 8615 	5612 	5606
f 1080 	898 	10182
f 10170 	5908 	5880
f 8615 	8617 	5612
f 898 	1717 	10182
f 8619 	8621 	5617
f 10181 	10186 	10190
f 10112 	10188 	10189
f 10105 	10176 	10178
f 5959 	5962 	10170
f 10178 	10108 	10105
f 10184 	10191 	8225
f 10170 	5962 	5941
f 10184 	10185 	10191
f 8629 	5627 	5626
f 8629 	5626 	8628
f 10170 	5945 	5946
f 10178 	10176 	10193
f 8629 	8631 	5627
f 10189 	10192 	10130
f 10170 	5946 	5889
f 10191 	8515 	8225
f 5628 	8631 	5629
f 10178 	10193 	10329
f 10170 	5941 	5945
f 8633 	5631 	5629
f 8632 	8633 	5629
f 10188 	9882 	9971
f 5632 	5631 	8633
f 3615 	10158 	9807
f 10192 	10189 	10188
f 3615 	9807 	10194
f 8533 	8515 	10191
f 8635 	5633 	5632
f 10179 	9956 	10154
f 10188 	9971 	10196
f 5633 	8635 	5635
f 8636 	5635 	8635
f 10196 	10192 	10188
f 8636 	8637 	5635
f 9973 	3102 	10194
f 9971 	10210 	10196
f 10185 	10212 	10187
f 10184 	10168 	10185
f 9882 	10188 	10112
f 10112 	9667 	9882
f 5641 	8655 	5643
f 10332 	10160 	10178
f 10210 	10192 	10196
f 5643 	8655 	5645
f 5645 	8656 	5647
f 10181 	10183 	10186
f 998 	10047 	10134
f 3672 	3632 	10170
f 9594 	9628 	10200
f 8661 	5650 	5649
f 10170 	10169 	3672
f 9628 	10211 	10200
f 10028 	10134 	10047
f 10203 	10200 	10211
f 3486 	10169 	10069
f 10219 	1588 	10197
f 8603 	5592 	8661
f 10203 	9381 	10200
f 6 	10204 	10180
f 9381 	10203 	9460
f 8639 	5653 	5677
f 10182 	10205 	10206
f 10197 	10227 	10219
f 8642 	5653 	8639
f 10197 	10199 	10227
f 10040 	10180 	10204
f 5959 	10170 	3632
f 10168 	9275 	10203
f 5992 	3632 	6357
f 10180 	95 	247
f 10203 	10211 	10168
f 8651 	5638 	5659
f 10185 	10168 	10212
f 3632 	5992 	5957
f 10130 	10192 	10205
f 5959 	3632 	5957
f 10182 	10206 	1080
f 9590 	8808 	9374
f 9389 	9033 	9594
f 10206 	1082 	1080
f 10146 	10032 	10031
f 10324 	10293 	10193
f 10195 	10032 	10146
f 9275 	9460 	10203
f 10215 	3928 	10209
f 3921 	10208 	3928
f 10017 	10032 	10195
f 10176 	10321 	10193
f 5650 	8661 	5592
f 9070 	9040 	10214
f 9594 	10200 	9389
f 8642 	5654 	5653
f 10195 	10190 	10017
f 5654 	8642 	5655
f 10210 	10205 	10192
f 9040 	9087 	10214
f 10186 	10017 	10190
f 9627 	10212 	10211
f 10208 	10209 	3928
f 10209 	10213 	10215
f 10217 	10215 	10213
f 1368 	10217 	1366
f 10213 	1366 	10217
f 10098 	10150 	10216
f 10211 	9628 	9627
f 10187 	10212 	9627
f 8665 	5663 	5636
f 5080 	10209 	10208
f 5665 	5663 	8665
f 10214 	10207 	9070
f 10218 	9275 	10171
f 6 	10114 	10040
f 10150 	10339 	10216
f 8667 	5667 	5665
f 10038 	10210 	10033
f 10204 	6 	10040
f 9275 	10218 	9443
f 36 	10213 	10209
f 5669 	5667 	8667
f 10219 	1607 	1588
f 10218 	8148 	9443
f 10213 	163 	10222
f 10221 	94 	10180
f 10038 	10067 	10220
f 8670 	5673 	5671
f 10218 	10171 	8198
f 1366 	10222 	303
f 10013 	10118 	10123
f 8159 	10218 	8198
f 5673 	8670 	5674
f 1366 	10213 	10222
f 8159 	8148 	10218
f 10038 	10223 	10210
f 10207 	10214 	10225
f 10171 	10184 	8198
f 303 	10222 	163
f 8225 	8198 	10184
f 10226 	10227 	10198
f 8533 	10228 	8515
f 10013 	10224 	10004
f 36 	163 	10213
f 10205 	10210 	10223
f 10224 	9885 	10004
f 1368 	1458 	209
f 10223 	10206 	10205
f 10214 	9087 	10225
f 10228 	8530 	8515
f 100 	10229 	10217
f 10180 	10181 	10221
f 10224 	10201 	10149
f 7946 	8496 	9514
f 1014 	10223 	10220
f 10207 	10225 	10226
f 10230 	10191 	10185
f 1082 	10223 	1014
f 1368 	209 	100
f 10187 	10230 	10185
f 10147 	66 	82
f 1082 	10206 	10223
f 10229 	10215 	10217
f 2109 	10219 	10227
f 10147 	82 	10146
f 8533 	10230 	10228
f 2109 	1607 	10219
f 10217 	1368 	100
f 10230 	10231 	10228
f 10221 	10232 	94
f 1045 	1014 	10220
f 10198 	10227 	10199
f 10230 	9948 	10231
f 2741 	10234 	10236
f 3928 	10215 	10243
f 10231 	9948 	9951
f 10221 	10235 	10232
f 10065 	10233 	8314
f 10230 	10187 	9627
f 10207 	10226 	10198
f 10253 	10236 	10234
f 8773 	8675 	10233
f 9627 	9948 	10230
f 5047 	3928 	10243
f 10191 	10230 	8533
f 10233 	8675 	8314
f 10237 	10234 	2741
f 10238 	87 	5109
f 9868 	10228 	10231
f 10238 	10317 	92
f 104 	94 	10235
f 92 	87 	10238
f 9868 	8538 	10228
f 10289 	10237 	7755
f 10235 	94 	10232
f 10238 	5109 	4967
f 10228 	8538 	8530
f 10231 	9951 	9868
f 10165 	9115 	10179
f 9405 	9650 	10242
f 5054 	10238 	4967
f 10165 	9091 	9115
f 10055 	9405 	10242
f 10062 	10055 	10242
f 10240 	10239 	10242
f 10237 	10253 	10234
f 10242 	9650 	10240
f 10244 	3898 	3808
f 10241 	10235 	10221
f 10065 	10062 	10233
f 5768 	3898 	10248
f 10190 	10241 	10221
f 9567 	9568 	10248
f 10062 	10239 	10233
f 9568 	5768 	10248
f 10253 	10237 	10289
f 10241 	10190 	10195
f 10062 	10242 	10239
f 10190 	10221 	10181
f 10244 	3808 	3871
f 10165 	10247 	10246
f 10241 	10195 	10235
f 10195 	104 	10235
f 10246 	10247 	10288
f 10236 	6417 	2741
f 10244 	10248 	3898
f 3871 	3932 	10244
f 10229 	100 	10243
f 10277 	10250 	10249
f 10147 	10167 	66
f 10245 	10247 	10165
f 1904 	1451 	10251
f 9616 	9752 	10249
f 1658 	1904 	10251
f 10195 	10146 	82
f 1632 	1658 	10251
f 3916 	10249 	10250
f 1635 	1636 	10251
f 10251 	1588 	1635
f 10256 	6427 	6430
f 1632 	10251 	1636
f 10240 	9650 	9663
f 104 	10195 	82
f 1588 	10251 	10197
f 6 	10180 	247
f 3916 	10250 	3908
f 10198 	10199 	10251
f 10180 	94 	95
f 9070 	10207 	10251
f 10198 	10251 	10207
f 10197 	10251 	10199
f 3916 	5788 	10249
f 10243 	5080 	5047
f 9070 	10251 	8687
f 10253 	10325 	10326
f 10244 	10254 	10255
f 10227 	10165 	10246
f 10301 	10300 	5064
f 10165 	9087 	9091
f 10227 	10226 	10165
f 10254 	10244 	3932
f 10165 	10226 	10225
f 9087 	10165 	10225
f 2109 	10227 	10246
f 10193 	8793 	10324
f 10255 	10267 	10244
f 10258 	10259 	10048
f 10286 	5053 	5066
f 10071 	10258 	10048
f 126 	66 	10167
f 4747 	10262 	10260
f 126 	10167 	130
f 6427 	10256 	2751
f 10286 	5054 	5053
f 130 	10173 	10257
f 130 	10167 	10173
f 5066 	10315 	10286
f 233 	10266 	239
f 10263 	10261 	3909
f 10239 	10265 	10233
f 4735 	4754 	10258
f 233 	9565 	10266
f 10209 	5080 	36
f 10273 	10267 	10255
f 10233 	10265 	8773
f 28 	20 	10259
f 10302 	10259 	20
f 3908 	10250 	10263
f 9991 	9993 	10059
f 9993 	9972 	10059
f 3909 	3908 	10263
f 6424 	10236 	10253
f 10267 	10268 	267
f 10267 	267 	10270
f 10270 	9567 	10248
f 9565 	9562 	10077
f 10266 	9565 	10271
f 10270 	9759 	9567
f 11 	10265 	10272
f 10243 	36 	5080
f 588 	684 	10281
f 10077 	10275 	10271
f 5088 	52 	5064
f 10271 	9565 	10077
f 368 	366 	10269
f 239 	10 	237
f 11 	10272 	9659
f 575 	10268 	10273
f 239 	10266 	10275
f 10267 	10273 	10268
f 10262 	10264 	10274
f 10 	239 	10275
f 10274 	10260 	10262
f 10272 	10265 	10239
f 363 	368 	10269
f 10275 	10266 	10271
f 10240 	9663 	9659
f 10244 	10267 	10270
f 10259 	10258 	10276
f 10275 	9 	10
f 10270 	10248 	10244
f 10272 	10240 	9659
f 2146 	10276 	269
f 10240 	10272 	10239
f 10077 	9 	10275
f 10258 	4754 	10276
f 5096 	363 	10269
f 4754 	269 	10276
f 1536 	5096 	10269
f 145 	10263 	10250
f 10259 	10276 	28
f 352 	10263 	147
f 1990 	248 	10278
f 145 	147 	10263
f 10278 	10279 	1999
f 1990 	10278 	1999
f 4876 	78 	73
f 10263 	352 	10261
f 248 	10260 	10278
f 5 	4 	4876
f 3 	844 	4876
f 10281 	10279 	8718
f 10249 	9752 	10277
f 10277 	9752 	9751
f 10283 	235 	32
f 10279 	10278 	10274
f 10274 	10278 	10260
f 10277 	144 	145
f 10277 	9751 	144
f 6430 	10282 	10256
f 10243 	10215 	10229
f 586 	10281 	8718
f 10250 	10277 	145
f 10281 	1999 	10279
f 10282 	7782 	10256
f 10283 	10280 	9687
f 2238 	1999 	10281
f 10314 	7783 	10282
f 9688 	9687 	10280
f 10286 	10315 	131
f 825 	2238 	10281
f 7782 	2751 	10256
f 10285 	352 	591
f 131 	241 	10286
f 756 	825 	10281
f 10283 	32 	10280
f 241 	256 	10286
f 10288 	2092 	2093
f 10290 	10287 	10294
f 10288 	2093 	2330
f 3964 	10285 	3986
f 10088 	10308 	10288
f 10350 	10294 	7723
f 10309 	14 	10288
f 131 	5064 	1550
f 10298 	135 	5064
f 10288 	10308 	10309
f 7755 	7749 	10289
f 105 	10295 	209
f 10289 	7751 	10287
f 10285 	3964 	10261
f 10288 	14 	2092
f 131 	10315 	5064
f 10316 	72 	10291
f 10247 	10245 	10288
f 3964 	3909 	10261
f 10088 	10288 	10245
f 10254 	3932 	10297
f 10298 	10295 	135
f 10299 	10295 	10298
f 10297 	10255 	10254
f 10288 	2124 	2109
f 10316 	41 	72
f 10273 	10255 	10297
f 10298 	10300 	10299
f 51 	53 	10300
f 10299 	10300 	53
f 10297 	3934 	3936
f 10287 	7750 	10294
f 10245 	10161 	10088
f 52 	51 	10301
f 10300 	10301 	51
f 10288 	2330 	2124
f 10297 	3936 	6956
f 10246 	10288 	2109
f 1550 	5064 	135
f 10127 	10048 	10302
f 6956 	10313 	10297
f 10287 	10290 	10253
f 10298 	5064 	10300
f 10287 	10253 	10289
f 10302 	10128 	10127
f 10142 	10302 	10131
f 10292 	10303 	10291
f 10302 	10304 	10131
f 3936 	3954 	6956
f 7772 	10294 	7750
f 10301 	5064 	52
f 10142 	10128 	10302
f 2829 	6956 	3954
f 10253 	10305 	10325
f 10302 	10306 	10304
f 10131 	10308 	10088
f 10299 	10243 	10295
f 53 	36 	10299
f 4065 	3986 	10307
f 10310 	4005 	10307
f 10304 	10306 	10131
f 10308 	10131 	10306
f 10243 	10299 	36
f 14 	10309 	26
f 10302 	20 	26
f 10302 	10308 	10306
f 10284 	10310 	10307
f 10285 	10284 	10307
f 10302 	10309 	10308
f 10252 	10303 	10292
f 10309 	10302 	26
f 10296 	10305 	10294
f 10307 	3986 	10285
f 10286 	10312 	5054
f 847 	4005 	10310
f 28 	2146 	8
f 12 	10310 	10284
f 10276 	2146 	28
f 836 	847 	10310
f 10312 	256 	10317
f 10286 	256 	10312
f 12 	836 	10310
f 10293 	10311 	10193
f 10290 	10305 	10253
f 10290 	10294 	10305
f 10313 	7280 	7282
f 10297 	10313 	10273
f 10252 	10311 	10303
f 92 	10317 	146
f 10311 	10328 	10193
f 575 	10273 	10313
f 10238 	5054 	10312
f 10303 	10311 	10291
f 10346 	10314 	10282
f 10313 	6965 	7280
f 10356 	10355 	10314
f 7282 	7258 	10313
f 5066 	5064 	10315
f 6956 	6962 	10313
f 6962 	6965 	10313
f 10316 	10291 	10311
f 10285 	10261 	352
f 6531 	9487 	290
f 244 	10292 	89
f 10311 	10293 	10316
f 7258 	569 	10313
f 10317 	10238 	10312
f 10318 	10343 	10319
f 12 	10284 	10320
f 10285 	16 	10284
f 604 	7634 	836
f 836 	10320 	604
f 9495 	10322 	6534
f 10323 	10318 	10319
f 10320 	605 	604
f 10320 	590 	605
f 24 	22 	4
f 22 	73 	4
f 10324 	8793 	222
f 10319 	9495 	6534
f 22 	5 	73
f 10324 	222 	10351
f 10319 	9716 	9495
f 4 	5 	24
f 836 	12 	10320
f 8819 	10322 	8809
f 10324 	10351 	10293
f 16 	590 	10320
f 10285 	591 	16
f 16 	10320 	10284
f 584 	575 	10313
f 569 	584 	10313
f 8680 	10193 	10321
f 8819 	6535 	10322
f 6534 	10323 	10319
f 8680 	8793 	10193
f 10325 	10323 	10326
f 366 	187 	10269
f 10325 	10318 	10323
f 9696 	9442 	10339
f 6541 	10326 	10323
f 10339 	10283 	9696
f 6541 	10253 	10326
f 9442 	10216 	10339
f 6541 	6424 	10253
f 10252 	10327 	10311
f 10327 	10328 	10311
f 10329 	10193 	10328
f 10328 	10327 	10329
f 10332 	10329 	10327
f 10331 	6563 	10330
f 6563 	290 	10330
f 10332 	10178 	10329
f 10252 	10332 	10327
f 10333 	10282 	10331
f 10333 	281 	10348
f 281 	10333 	10330
f 10330 	10333 	10331
f 10346 	10282 	10333
f 10334 	10201 	10332
f 10282 	6430 	10331
f 10333 	10348 	10346
f 10202 	10335 	10150
f 10339 	10150 	10335
f 281 	10330 	290
f 10334 	10202 	10201
f 10334 	10335 	10202
f 10334 	10340 	10335
f 10338 	10336 	10337
f 10334 	10332 	10340
f 10325 	10338 	10318
f 10338 	10342 	10336
f 10341 	10339 	10335
f 10319 	10343 	9716
f 10341 	10283 	10339
f 10252 	10292 	10332
f 10337 	10336 	308
f 10332 	10292 	10340
f 9626 	10337 	10107
f 10335 	10340 	10341
f 10337 	9626 	10343
f 10340 	10347 	10341
f 10318 	10338 	10343
f 10337 	10343 	10338
f 10344 	235 	10283
f 10345 	10305 	10342
f 10325 	10305 	10345
f 10283 	10341 	10344
f 10345 	10338 	10325
f 10341 	10347 	10344
f 10338 	10345 	10342
f 10347 	244 	10344
f 10305 	10352 	10342
f 10340 	10292 	10347
f 235 	10344 	244
f 244 	10347 	10292
f 10346 	499 	10361
f 10283 	9687 	9696
f 8735 	8773 	10265
f 10349 	9771 	8739
f 281 	323 	10348
f 324 	499 	10346
f 11 	10349 	10265
f 10346 	10348 	324
f 10265 	10349 	8735
f 10349 	8739 	8735
f 7772 	7723 	10294
f 10316 	10293 	10351
f 8786 	41 	10351
f 10351 	41 	10316
f 10350 	10296 	10294
f 10352 	10305 	10296
f 222 	8786 	10351
f 10354 	10352 	10353
f 10352 	10296 	10353
f 10352 	10354 	10360
f 10360 	10342 	10352
f 10353 	10296 	10350
f 10354 	10353 	10350
f 10314 	10355 	7783
f 10355 	7981 	7783
f 10355 	10356 	7981
f 10356 	10358 	7981
f 10357 	1314 	10365
f 10350 	10357 	10354
f 10357 	10363 	10354
f 8357 	1314 	10357
f 10350 	7977 	10357
f 275 	10358 	10356
f 275 	1323 	10358
f 8355 	10358 	8381
f 8355 	7981 	10358
f 10358 	1323 	8381
f 384 	10359 	10360
f 384 	388 	10359
f 10354 	10363 	384
f 10360 	10359 	10342
f 10359 	10336 	10342
f 10363 	10364 	384
f 10354 	384 	10360
f 10346 	10361 	10314
f 10361 	10356 	10314
f 275 	10356 	10361
f 507 	506 	10361
f 506 	275 	10361
f 571 	564 	10362
f 10362 	10364 	10365
f 1329 	10362 	10365
f 116 	1329 	115
f 117 	115 	1329
f 25 	10362 	114
f 1329 	114 	10362
f 10363 	10357 	10365
f 10365 	10364 	10363
f 1612 	1329 	10365
f 1314 	1612 	10365
f 571 	10362 	33
f 143 	571 	30
f 38 	33 	10362
f 39 	38 	10362
# 20886 faces

 #end of obj_0

